fs_id,snapshot,inr_db,interf_dbm
EP01,1,-38.7904395304825,-134.26783464918208
EP01,2,-18.64563894098339,-114.12303405968296
EP01,3,-49.05329390591771,-144.5306890246173
EP01,4,-50.1430403290864,-145.62043544778598
EP01,5,-58.164895609417215,-153.6422907281168
EP01,6,-49.73008842015753,-145.2074835388571
EP01,7,-27.20858171172162,-122.6859768304212
EP01,8,-30.95877233199373,-126.4361674506933
EP01,9,-40.07577869166187,-135.55317381036144
EP01,10,-59.908021181931105,-155.38541630063068
EP01,11,-56.03306842192535,-151.51046354062493
EP01,12,-50.52590370151529,-146.00329882021487
EP01,13,-30.907718051053408,-126.38511316975298
EP01,14,-14.583419722131751,-110.06081484083133
EP01,15,-24.23016243527536,-119.70755755397494
EP01,16,-28.232516050167447,-123.70991116886702
EP01,17,-45.969403086599044,-141.44679820529862
EP01,18,-40.59539868079801,-136.0727937994976
EP01,19,-42.27098822711832,-137.7483833458179
EP01,20,-34.46402489152081,-129.94142001022038
EP01,21,-39.25667738949247,-134.73407250819204
EP01,22,-17.09861733062064,-112.57601244932022
EP01,23,-38.01432016181511,-133.49171528051468
EP01,24,-43.73830828541574,-139.21570340411532
EP01,25,-45.3508300659723,-140.82822518467188
EP01,26,-53.94544536793944,-149.42284048663902
EP01,27,-36.569077066817385,-132.04647218551696
EP01,28,-45.36943458215151,-140.8468297008511
EP01,29,-36.55599520445551,-132.0333903231551
EP01,30,-59.21367264158505,-154.69106776028462
EP01,31,-45.28960248508116,-140.76699760378074
EP01,32,-24.405897963963085,-119.88329308266266
EP01,33,-58.913398818783605,-154.39079393748318
EP01,34,-61.80071813215139,-157.27811325085096
EP01,35,-53.02414459909241,-148.50153971779199
EP01,36,-33.94216217559355,-129.41955729429313
EP01,37,-31.232594032740664,-126.70998915144024
EP01,38,-24.216074480385046,-119.69346959908462
EP01,39,-50.34285269344062,-145.8202478121402
EP01,40,-25.664964418777217,-121.14235953747679
EP01,41,-47.92012499320032,-143.3975201118999
EP01,42,-43.849063096534934,-139.3264582152345
EP01,43,-47.837977182044085,-143.31537230074366
EP01,44,-34.18491649521019,-129.66231161390976
EP01,45,-26.421560060154448,-121.89895517885402
EP01,46,-39.82376219975552,-135.3011573184551
EP01,47,-42.098040710281936,-137.5754358289815
EP01,48,-26.37451137196284,-121.85190649066242
EP01,49,-28.631894375836566,-124.10928949453614
EP01,50,-49.60086104101265,-145.07825615971223
EP01,51,-41.17957065274567,-136.65696577144524
EP01,52,-54.05573726067746,-149.53313237937704
EP01,53,-42.32387458650379,-137.80126970520337
EP01,54,-40.58405748996978,-136.06145260866936
EP01,55,-55.70014657681298,-151.17754169551256
EP01,56,-51.15980807626934,-146.63720319496892
EP01,57,-34.38137884374328,-129.85877396244285
EP01,58,-51.95165300119618,-147.42904811989575
EP01,59,-27.95128393767527,-123.42867905637485
EP01,60,-31.187884733937196,-126.66527985263677
EP01,61,-44.366405889466165,-139.84380100816574
EP01,62,-3.4329615213534055,-98.91035664005298
EP01,63,-10.33153129803047,-105.80892641673005
EP01,64,-47.10744442062028,-142.58483953931986
EP01,65,-26.046092755967464,-121.52348787466704
EP01,66,-17.068020316158993,-112.54541543485857
EP01,67,-52.10303555158089,-147.58043067028046
EP01,68,-52.03680240853467,-147.51419752723424
EP01,69,-28.430113711092318,-123.9075088297919
EP01,70,-57.97775927609479,-153.45515439479436
EP01,71,-47.64528540226519,-143.12268052096476
EP01,72,-26.186472388931406,-121.66386750763098
EP01,73,-16.8649061292669,-112.34230124796647
EP01,74,-14.459646029356364,-109.93704114805594
EP01,75,-29.39158580581453,-124.8689809245141
EP01,76,-70.2734172989199,-165.75081241761947
EP01,77,-12.33603539352579,-107.81343051222537
EP01,78,-26.39397039294458,-121.87136551164416
EP01,79,-43.52677898761567,-139.00417410631525
EP01,80,-22.195617566814136,-117.67301268551371
EP01,81,-21.421751443755284,-116.89914656245486
EP01,82,-20.154593889981697,-115.63198900868127
EP01,83,-18.125058865419618,-113.6024539841192
EP01,84,-15.804965455376589,-111.28236057407616
EP01,85,-32.0620758556459,-127.53947097434548
EP01,86,-28.998634641589263,-124.47602976028884
EP01,87,-46.160704085482706,-141.63809920418228
EP01,88,-32.60995775132582,-128.0873528700254
EP01,89,-34.60696757217073,-130.0843626908703
EP01,90,-48.155599978152,-143.63299509685157
EP01,91,-12.638311627466152,-108.11570674616573
EP01,92,-20.157074299196182,-115.63446941789576
EP01,93,-33.49293258220743,-128.970327700907
EP01,94,-36.74794625484725,-132.22534137354683
EP01,95,-50.549277416874105,-146.02667253557368
EP01,96,-13.185014406865037,-108.66240952556461
EP01,97,-33.12391111692969,-128.60130623562927
EP01,98,-51.434311921027046,-146.91170703972662
EP01,99,-22.367121008173257,-117.84451612687283
EP01,100,-29.779849242125422,-125.257244360825
EP01,101,-46.56944943624981,-142.0468445549494
EP01,102,-53.23129441292582,-148.7086895316254
EP01,103,-27.730889607463908,-123.20828472616348
EP01,104,-42.17307528596794,-137.65047040466752
EP01,105,-16.823641538354593,-112.30103665705417
EP01,106,-51.90959989522827,-147.38699501392784
EP01,107,-40.58774441642859,-136.06513953512817
EP01,108,-46.8955886289383,-142.37298374763787
EP01,109,-32.15585446242447,-127.63324958112405
EP01,110,-55.472302411903,-150.94969753060258
EP01,111,-29.538384094896756,-125.01577921359633
EP01,112,-62.52537701103253,-158.0027721297321
EP01,113,-48.93880025493689,-144.41619537363647
EP01,114,-41.29336704376121,-136.77076216246078
EP01,115,-33.472450701369326,-128.9498458200689
EP01,116,-50.13468539033994,-145.61208050903952
EP01,117,-17.33613804211504,-112.81353316081461
EP01,118,-25.39312394632711,-120.87051906502668
EP01,119,-31.95558350645527,-127.43297862515485
EP01,120,-16.65445574847206,-112.13185086717164
EP01,121,-24.681643769570968,-120.15903888827054
EP01,122,-47.95759617782582,-143.4349912965254
EP01,123,-18.400314758132623,-113.8777098768322
EP01,124,-3.2014211923767277,-98.6788163110763
EP01,125,-53.810450244278854,-149.28784536297843
EP01,126,-38.732980514888396,-134.21037563358797
EP01,127,-49.34277146988023,-144.8201665885798
EP01,128,-24.940398518722063,-120.41779363742164
EP01,129,-49.630043332609375,-145.10743845130895
EP01,130,-35.44479365531055,-130.92218877401012
EP01,131,-35.40881891275356,-130.88621403145314
EP01,132,-32.46322200166347,-127.94061712036304
EP01,133,-40.44674312412212,-135.9241382428217
EP01,134,-7.098287020405394,-102.57568213910497
EP01,135,-31.233044748289984,-126.71043986698956
EP01,136,-24.817720125371977,-120.29511524407155
EP01,137,-16.828622800126112,-112.30601791882569
EP01,138,-26.100031128406286,-121.57742624710586
EP01,139,-32.2960847700661,-127.77347988876568
EP01,140,-43.30919919663148,-138.78659431533106
EP01,141,-27.916779511892187,-123.39417463059176
EP01,142,-42.633136754697574,-138.11053187339715
EP01,143,-43.09850161100371,-138.5758967297033
EP01,144,-43.6937998845942,-139.17119500329378
EP01,145,-31.92490661880774,-127.40230173750732
EP01,146,-22.41835574792563,-117.8957508666252
EP01,147,-36.399802965712894,-131.87719808441247
EP01,148,-13.678229529500925,-109.1556246482005
EP01,149,-38.16230908746468,-133.63970420616425
EP01,150,-36.42485477430941,-131.90224989300899
EP01,151,-27.772059758188334,-123.24945487688791
EP01,152,-58.19697793778525,-153.67437305648482
EP01,153,-32.627266270521204,-128.10466138922078
EP01,154,-62.610824865930425,-158.08821998463
EP01,155,-57.6103981479518,-153.08779326665137
EP01,156,-26.44441077668131,-121.92180589538088
EP01,157,-44.040565946127856,-139.51796106482743
EP01,158,-56.95487006460837,-152.43226518330795
EP01,159,-50.62443077001342,-146.101825888713
EP01,160,-32.59652586560463,-128.0739209843042
EP01,161,-30.63647207425157,-126.11386719295115
EP01,162,-25.553034741958,-121.03042986065758
EP01,163,-24.356669790314783,-119.83406490901436
EP01,164,-54.75373564029405,-150.23113075899363
EP01,165,-50.3334438151505,-145.81083893385008
EP01,166,-32.97171660705999,-128.44911172575956
EP01,167,-12.44955577532616,-107.92695089402574
EP01,168,-48.63521858951296,-144.11261370821254
EP01,169,-41.5136539490031,-136.99104906770268
EP01,170,-21.776333559343456,-117.25372867804303
EP01,171,-24.14972511395365,-119.62712023265323
EP01,172,-49.4949593725768,-144.97235449127638
EP01,173,-31.72601819465055,-127.20341331335013
EP01,174,-39.00352472705015,-134.48091984574972
EP01,175,-53.49086052399056,-148.96825564269014
EP01,176,-42.39715600141835,-137.87455112011793
EP01,177,-60.70172262542346,-156.17911774412303
EP01,178,-39.00982431878069,-134.48721943748026
EP01,179,-17.184856210159282,-112.66225132885886
EP01,180,-24.70854526098759,-120.18594037968717
EP01,181,-57.127761498807985,-152.60515661750756
EP01,182,-37.48466708517168,-132.96206220387126
EP01,183,-51.262822159265056,-146.74021727796463
EP01,184,-37.56530904055046,-133.04270415925004
EP01,185,-7.542056526704528,-103.0194516454041
EP01,186,-15.675893700733184,-111.15328881943276
EP01,187,-66.08709333834025,-161.56448845703983
EP01,188,-29.8351624791362,-125.31255759783578
EP01,189,-41.88582165822115,-137.36321677692072
EP01,190,-47.41760503396537,-142.89500015266495
EP01,191,-42.49000190271167,-137.96739702141124
EP01,192,-41.7739462636637,-137.25134138236328
EP01,193,-47.71105322363698,-143.18844834233656
EP01,194,-43.564510705022684,-139.04190582372226
EP01,195,-40.66477402912105,-136.14216914782062
EP01,196,-55.875757370917256,-151.35315248961683
EP01,197,-51.558671544087986,-147.03606666278756
EP01,198,-18.24487371640521,-113.72226883510479
EP01,199,-44.97386256723496,-140.45125768593454
EP01,200,-44.44930977115271,-139.9267048898523
EP01,201,-15.821381433830979,-111.29877655253055
EP01,202,-26.610620695026697,-122.08801581372627
EP01,203,-46.491359305985554,-141.96875442468513
EP01,204,-32.785702309665794,-128.26309742836537
EP01,205,-23.998340167786665,-119.47573528648624
EP01,206,-39.88267902289843,-135.360074141598
EP01,207,-46.22976152177617,-141.70715664047574
EP01,208,-44.65004782717375,-140.12744294587333
EP01,209,-37.22251242830532,-132.6999075470049
EP01,210,-22.63530535205922,-118.1127004707588
EP01,211,-30.94331780721498,-126.42071292591456
EP01,212,-47.9463098985932,-143.42370501729278
EP01,213,-35.74280294362649,-131.22019806232606
EP01,214,-19.936236355075522,-115.4136314737751
EP01,215,-16.28095700191075,-111.75835212061033
EP01,216,-30.11904960975488,-125.59644472845446
EP01,217,-46.80900968518648,-142.28640480388606
EP01,218,-38.3513827283698,-133.82877784706938
EP01,219,-38.28535785502086,-133.76275297372044
EP01,220,-12.950744645097885,-108.42813976379746
EP01,221,-47.3724819208031,-142.84987703950267
EP01,222,-14.401952484299926,-109.8793476029995
EP01,223,-28.53544770425995,-124.01284282295953
EP01,224,-50.733905480190714,-146.2113005988903
EP01,225,-58.23669413908951,-153.71408925778908
EP01,226,-50.868988822158656,-146.34638394085823
EP01,227,-36.18811356999575,-131.66550868869533
EP01,228,-15.839210629324839,-111.31660574802441
EP01,229,-37.96819820841969,-133.44559332711927
EP01,230,-23.61480258738247,-119.09219770608205
EP01,231,-30.638033154230058,-126.11542827292963
EP01,232,-12.976954030674548,-108.45434914937412
EP01,233,-39.87333829951277,-135.35073341821234
EP01,234,-23.85015678998404,-119.32755190868362
EP01,235,-51.26725793362067,-146.74465305232025
EP01,236,-33.67329538673317,-129.15069050543275
EP01,237,-37.23853432811882,-132.7159294468184
EP01,238,-37.83439926917171,-133.3117943878713
EP01,239,-33.11991893591187,-128.59731405461145
EP01,240,-32.8302716772813,-128.30766679598088
EP01,241,-31.92040677827572,-127.3978018969753
EP01,242,-57.0686618406541,-152.54605695935368
EP01,243,-29.06589223118452,-124.5432873498841
EP01,244,-22.363296817694092,-117.84069193639367
EP01,245,-40.834128732642455,-136.31152385134203
EP01,246,-44.774276092923515,-140.2516712116231
EP01,247,-39.18547494009431,-134.66287005879389
EP01,248,-35.92795072745923,-131.4053458461588
EP01,249,-30.64615929738818,-126.12355441608776
EP01,250,-41.923884740763924,-137.4012798594635
EP01,251,-28.7359044860205,-124.21329960472008
EP01,252,-46.23118786380445,-141.70858298250403
EP01,253,-27.274999197176243,-122.75239431587582
EP01,254,-28.41189931395985,-123.88929443265943
EP01,255,-38.39592818807449,-133.87332330677407
EP01,256,-40.13002925425624,-135.60742437295582
EP01,257,-41.99934084583836,-137.47673596453794
EP01,258,-31.90270172806359,-127.38009684676317
EP01,259,-59.382923044289015,-154.8603181629886
EP01,260,-47.26995807898021,-142.7473531976798
EP01,261,-29.169665280185313,-124.64706039888489
EP01,262,-41.51730500574155,-136.99470012444112
EP01,263,-25.320793769939044,-120.79818888863862
EP01,264,-39.461672972036695,-134.93906809073627
EP01,265,-31.238732652649958,-126.71612777134953
EP01,266,-13.652040480630433,-109.12943559933001
EP01,267,-48.96976181164462,-144.4471569303442
EP01,268,-21.6092216565105,-117.08661677521008
EP01,269,-21.567522670679267,-117.04491778937884
EP01,270,-42.18113237334097,-137.65852749204055
EP01,271,-52.562893638188314,-148.0402887568879
EP01,272,-2.4285459886316403,-97.90594110733122
EP01,273,-44.8305211473139,-140.30791626601348
EP01,274,-27.014490763637184,-122.49188588233676
EP01,275,-10.949521756638958,-106.42691687533853
EP01,276,-41.290683422956846,-136.76807854165642
EP01,277,-27.64952755577646,-123.12692267447603
EP01,278,-8.486600681052167,-103.96399579975174
EP01,279,-42.04892430338927,-137.52631942208885
EP01,280,-70.17463420325615,-165.65202932195572
EP01,281,-32.0462887795495,-127.52368389824908
EP01,282,-29.959039789138103,-125.43643490783768
EP01,283,-27.756848749322785,-123.23424386802236
EP01,284,-41.55998951598713,-137.0373846346867
EP01,285,-33.880434270307376,-129.35782938900695
EP01,286,-40.3625087293978,-135.83990384809738
EP01,287,-38.56803201017553,-134.0454271288751
EP01,288,-36.92465842426205,-132.40205354296162
EP01,289,-28.722554310651887,-124.19994942935146
EP01,290,-49.449956558329234,-144.9273516770288
EP01,291,-23.900906305117772,-119.37830142381735
EP01,292,-38.58198208485561,-134.0593772035552
EP01,293,-39.481931386133624,-134.9593265048332
EP01,294,-35.49897680110851,-130.9763719198081
EP01,295,-27.97408560161594,-123.45148072031552
EP01,296,-50.206588104030175,-145.68398322272975
EP01,297,-42.70494204916136,-138.18233716786094
EP01,298,-51.22411389761686,-146.70150901631644
EP01,299,-34.1322960330927,-129.60969115179228
EP01,300,-33.61752914378417,-129.09492426248374
EP01,301,-25.050785019607446,-120.52818013830702
EP01,302,-28.509021357650965,-123.98641647635054
EP01,303,-19.73298338099012,-115.2103784996897
EP01,304,-29.971736970196247,-125.44913208889582
EP01,305,-32.576869727818206,-128.05426484651778
EP01,306,-33.7554358738177,-129.23283099251728
EP01,307,-25.752236965734994,-121.22963208443457
EP01,308,-64.57870620377167,-160.05610132247125
EP01,309,-38.144992355650885,-133.62238747435046
EP01,310,-41.315957978962956,-136.79335309766253
EP01,311,-30.558131651070482,-126.03552676977006
EP01,312,-31.312214237007396,-126.78960935570697
EP01,313,-38.65505732019676,-134.13245243889634
EP01,314,-43.42355831880664,-138.90095343750622
EP01,315,-2.9692170938707108,-98.44661221257029
EP01,316,-20.659153024308594,-116.13654814300817
EP01,317,-13.95081939903838,-109.42821451773796
EP01,318,-14.681587504420477,-110.15898262312005
EP01,319,-30.66113954373428,-126.13853466243386
EP01,320,-54.77867265033021,-150.25606776902978
EP01,321,-51.378751024506386,-146.85614614320596
EP01,322,-49.98952785674888,-145.46692297544845
EP01,323,-43.357395817963436,-138.834790936663
EP01,324,-36.08787155337774,-131.5652666720773
EP01,325,-36.576381822050905,-132.05377694075048
EP01,326,-32.74817694016292,-128.2255720588625
EP01,327,-6.6661106355891775,-102.14350575428875
EP01,328,-17.369644137874417,-112.84703925657399
EP01,329,-17.171076243940874,-112.64847136264045
EP01,330,-45.36140579765646,-140.83880091635604
EP01,331,-53.85716666400103,-149.3345617827006
EP01,332,-18.10844058282251,-113.58583570152209
EP01,333,-28.806944061618765,-124.28433918031834
EP01,334,-55.93867561733077,-151.41607073603035
EP01,335,-42.22446232104676,-137.70185743974633
EP01,336,-31.939481218557958,-127.41687633725753
EP01,337,-44.58680467891983,-140.0641997976194
EP01,338,-28.7721962125416,-124.24959133124118
EP01,339,-23.620063375537455,-119.09745849423703
EP01,340,-47.44662345775515,-142.92401857645473
EP01,341,-25.830932120102432,-121.30832723880201
EP01,342,-35.39555220479184,-130.87294732349142
EP01,343,-16.409828515839166,-111.88722363453874
EP01,344,-34.294687544356464,-129.77208266305604
EP01,345,-31.644829216126112,-127.12222433482569
EP01,346,-34.66659822749955,-130.14399334619912
EP01,347,-45.798381784167475,-141.27577690286705
EP01,348,-39.48406220160908,-134.96145732030865
EP01,349,-21.649239928580926,-117.1266350472805
EP01,350,-17.402977656283824,-112.8803727749834
EP01,351,-25.39171991708048,-120.86911503578006
EP01,352,-65.62927238512816,-161.10666750382774
EP01,353,-8.783150633773175,-104.26054575247275
EP01,354,-54.231231935258506,-149.70862705395808
EP01,355,-25.972460438169506,-121.44985555686908
EP01,356,-50.59036308081272,-146.0677581995123
EP01,357,-33.22790209870715,-128.70529721740672
EP01,358,-25.42521164220166,-120.90260676090124
EP01,359,-53.65947182576096,-149.13686694446054
EP01,360,-46.022542293054016,-141.4999374117536
EP01,361,-23.48306198642787,-118.96045710512745
EP01,362,-37.678986890663964,-133.15638200936354
EP01,363,-48.188400220900036,-143.6657953395996
EP01,364,-45.116973765723,-140.59436888442258
EP01,365,-67.90150454681628,-163.37889966551586
EP01,366,-47.97988299314389,-143.45727811184346
EP01,367,-53.17622559160378,-148.65362071030336
EP01,368,-58.36731821115296,-153.84471332985254
EP01,369,-49.533151283083754,-145.01054640178333
EP01,370,-38.24381625666513,-133.7212113753647
EP01,371,-30.970276572824815,-126.44767169152439
EP01,372,-42.221209705865675,-137.69860482456525
EP01,373,-46.992826719739526,-142.4702218384391
EP01,374,-2.959797950137002,-98.43719306883658
EP01,375,-21.522970238465945,-117.00036535716552
EP01,376,-29.93810659216527,-125.41550171086485
EP01,377,-31.87818642710083,-127.3555815458004
EP01,378,-34.12284045978922,-129.6002355784888
EP01,379,-18.78896321659505,-114.26635833529463
EP01,380,-40.4189197701308,-135.89631488883037
EP01,381,-28.10524904709672,-123.5826441657963
EP01,382,-4.899707737815831,-100.3771028565154
EP01,383,-13.256086950068038,-108.73348206876761
EP01,384,-48.29577045522768,-143.77316557392726
EP01,385,-42.2626253344464,-137.74002045314597
EP01,386,-49.12809031301131,-144.6054854317109
EP01,387,-48.324219802355174,-143.80161492105475
EP01,388,-49.96635864583908,-145.44375376453866
EP01,389,-30.934324475131703,-126.41171959383128
EP01,390,-48.336535036979456,-143.81393015567903
EP01,391,-22.091485622178027,-117.5688807408776
EP01,392,-46.99344854986501,-142.47084366856458
EP01,393,-48.96532386128257,-144.44271897998215
EP01,394,-17.27815679257273,-112.7555519112723
EP01,395,-22.267964967572354,-117.74536008627193
EP01,396,-28.28886862048853,-123.7662637391881
EP01,397,-17.776910090357006,-113.25430520905658
EP01,398,-29.842323430167028,-125.3197185488666
EP01,399,-37.12682865806826,-132.60422377676784
EP01,400,-34.68852958121374,-130.16592469991332
EP01,401,-43.444923856836596,-138.92231897553617
EP01,402,-38.580832941709275,-134.05822806040885
EP01,403,-16.48034027790132,-111.9577353966009
EP01,404,-27.71680898618483,-123.1942041048844
EP01,405,-45.42757412553425,-140.90496924423383
EP01,406,-29.02751903884881,-124.50491415754838
EP01,407,-31.46587201744967,-126.94326713614925
EP01,408,-26.830036492424398,-122.30743161112397
EP01,409,-38.65066056544319,-134.12805568414277
EP01,410,-43.80070614815125,-139.27810126685083
EP01,411,-8.063032928490443,-103.54042804719002
EP01,412,-19.818280076478004,-115.29567519517758
EP01,413,-45.36080956772892,-140.8382046864285
EP01,414,-29.07556605711008,-124.55296117580966
EP01,415,-14.088600328240574,-109.56599544694015
EP01,416,-41.24809701657236,-136.72549213527194
EP01,417,-33.5208771139049,-128.99827223260448
EP01,418,-60.10812627032999,-155.58552138902957
EP01,419,-33.08141351968524,-128.55880863838482
EP01,420,-34.69973766367809,-130.17713278237767
EP01,421,-22.386802591062818,-117.8641977097624
EP01,422,-18.22182654502768,-113.69922166372726
EP01,423,-42.13185559801846,-137.60925071671804
EP01,424,-60.5034549066923,-155.98085002539187
EP01,425,-36.73062223928747,-132.20801735798705
EP01,426,-44.66822070795979,-140.14561582665937
EP01,427,-38.43006224912645,-133.90745736782603
EP01,428,-22.784816177944876,-118.26221129664445
EP01,429,-38.320374898688016,-133.7977700173876
EP01,430,-53.11217173007941,-148.589566848779
EP01,431,-16.472735446577772,-111.95013056527735
EP01,432,-29.701825032094547,-125.17922015079412
EP01,433,-55.89536644515749,-151.37276156385707
EP01,434,-39.92118178212698,-135.39857690082655
EP01,435,-43.574953795549135,-139.0523489142487
EP01,436,-44.56888720181453,-140.0462823205141
EP01,437,-37.021356633964956,-132.49875175266453
EP01,438,-22.530456711918646,-118.00785183061822
EP01,439,-18.704657273181652,-114.18205239188123
EP01,440,-14.616434199015188,-110.09382931771476
EP01,441,-48.85405921420218,-144.33145433290176
EP01,442,-42.48719065562648,-137.96458577432605
EP01,443,-26.14337711634255,-121.62077223504212
EP01,444,-41.16506187245486,-136.64245699115443
EP01,445,-41.010335391189614,-136.4877305098892
EP01,446,-24.74671284415291,-120.22410796285249
EP01,447,-44.71107156882698,-140.18846668752656
EP01,448,-19.090268563550524,-114.5676636822501
EP01,449,-38.26263163734188,-133.74002675604146
EP01,450,-21.976463662424067,-117.45385878112364
EP01,451,-45.60532665635827,-141.08272177505785
EP01,452,-49.118812277255245,-144.59620739595482
EP01,453,-25.265788852920153,-120.74318397161973
EP01,454,-48.46340837357053,-143.9408034922701
EP01,455,-36.69830773102237,-132.17570284972194
EP01,456,-43.35051189233326,-138.82790701103283
EP01,457,-18.649879797291007,-114.12727491599058
EP01,458,-22.82890922588342,-118.306304344583
EP01,459,-44.87907917586119,-140.35647429456077
EP01,460,-27.855202711282658,-123.33259782998223
EP01,461,-3.3093307070183613,-98.78672582571794
EP01,462,-60.11755119338105,-155.59494631208062
EP01,463,-51.20758280010071,-146.68497791880029
EP01,464,-53.48322747507149,-148.96062259377106
EP01,465,-27.521034113929204,-122.99842923262878
EP01,466,-52.70283491566724,-148.18023003436682
EP01,467,-46.23408423342963,-141.7114793521292
EP01,468,-20.53530610501703,-116.0127012237166
EP01,469,-59.37999383610682,-154.8573889548064
EP01,470,-51.07881347749998,-146.55620859619955
EP01,471,-28.407733707666694,-123.88512882636627
EP01,472,-25.148795216037527,-120.6261903347371
EP01,473,-16.929920496460838,-112.40731561516041
EP01,474,-52.134203377427525,-147.6115984961271
EP01,475,-31.766004729922756,-127.24339984862233
EP01,476,-60.08066158676672,-155.5580567054663
EP01,477,-19.88722787715909,-115.36462299585867
EP01,478,-28.367462817615277,-123.84485793631485
EP01,479,-50.71098518369206,-146.18838030239164
EP01,480,-47.357246110306875,-142.83464122900645
EP01,481,-14.875532788012421,-110.352927906712
EP01,482,-30.175145903530947,-125.65254102223052
EP01,483,-57.881787568185615,-153.3591826868852
EP01,484,-33.106288640289506,-128.58368375898908
EP01,485,-34.05694104053873,-129.5343361592383
EP01,486,-48.18450095815942,-143.661896076859
EP01,487,-50.779561425773664,-146.25695654447324
EP01,488,-48.23111888350215,-143.70851400220172
EP01,489,-38.308945011245925,-133.7863401299455
EP01,490,-14.641513855539088,-110.11890897423866
EP01,491,-22.761704050830616,-118.23909916953019
EP01,492,-43.6736453165353,-139.15104043523488
EP01,493,-13.879824796273041,-109.35721991497262
EP01,494,-12.445612632587938,-107.92300775128751
EP01,495,-49.24182494210072,-144.7192200608003
EP01,496,-48.25254471762048,-143.72993983632006
EP01,497,-31.949585935799718,-127.4269810544993
EP01,498,-33.059421328657066,-128.53681644735664
EP01,499,-46.552171415211006,-142.02956653391058
EP01,500,-15.914754894642996,-111.39215001334257
EP02,1,-32.11146157817589,-127.58885669687547
EP02,2,-58.75539961858121,-154.23279473728078
EP02,3,-33.405558482137565,-128.88295360083714
EP02,4,-49.4341594364337,-144.91155455513328
EP02,5,-46.2587659394876,-141.73616105818718
EP02,6,-53.35146780519179,-148.82886292389136
EP02,7,-48.98645781084454,-144.46385292954412
EP02,8,-53.933220379226725,-149.4106154979263
EP02,9,-13.324096083952327,-108.8014912026519
EP02,10,-41.27394605317588,-136.75134117187545
EP02,11,-15.192126645483398,-110.66952176418297
EP02,12,-59.79141627213065,-155.26881139083022
EP02,13,-48.16341599576481,-143.64081111446438
EP02,14,-70.49785430683801,-165.97524942553758
EP02,15,-14.531258223831088,-110.00865334253066
EP02,16,-44.62177926173726,-140.09917438043684
EP02,17,-35.88549363407634,-131.36288875277592
EP02,18,-40.05704375264702,-135.5344388713466
EP02,19,-51.260436150834494,-146.73783126953407
EP02,20,-38.17229957128768,-133.64969468998726
EP02,21,-30.946487453866993,-126.42388257256657
EP02,22,-43.21807795339595,-138.69547307209552
EP02,23,-54.857830438216865,-150.33522555691644
EP02,24,-45.58596384866533,-141.0633589673649
EP02,25,-24.211002751800294,-119.68839787049987
EP02,26,-40.26614917241861,-135.74354429111818
EP02,27,-30.80836279863206,-126.28575791733164
EP02,28,-46.65260624377416,-142.13000136247373
EP02,29,-60.45497264814574,-155.93236776684532
EP02,30,-48.34564197483644,-143.82303709353602
EP02,31,-16.419749778435943,-111.89714489713552
EP02,32,-29.486571070625217,-124.9639661893248
EP02,33,-56.3120946587124,-151.78948977741197
EP02,34,-47.242123132647095,-142.71951825134667
EP02,35,-19.908166838505437,-115.38556195720501
EP02,36,-3.63912485983073,-99.1165199785303
EP02,37,-37.256167380957464,-132.73356249965704
EP02,38,-56.25588337925586,-151.73327849795544
EP02,39,-49.97244379800901,-145.4498389167086
EP02,40,-54.84461254066463,-150.3220076593642
EP02,41,-68.8745917790888,-164.35198689778838
EP02,42,-20.782979215450368,-116.26037433414994
EP02,43,-35.908063230360796,-131.38545834906037
EP02,44,-34.52189992377399,-129.99929504247356
EP02,45,-37.23936312868494,-132.71675824738452
EP02,46,-48.48493369722834,-143.96232881592792
EP02,47,-36.2919294967794,-131.76932461547898
EP02,48,-68.926001796398,-164.40339691509757
EP02,49,-58.47224230485227,-153.94963742355185
EP02,50,-62.88273821036387,-158.36013332906344
EP02,51,-30.460097483530006,-125.93749260222958
EP02,52,-21.21288949464663,-116.69028461334621
EP02,53,-25.372047861106097,-120.84944297980567
EP02,54,-28.536052536131805,-124.01344765483138
EP02,55,-47.861023186299974,-143.33841830499955
EP02,56,-17.460786557076275,-112.93818167577585
EP02,57,-55.162180647541874,-150.63957576624145
EP02,58,-36.368227470817516,-131.8456225895171
EP02,59,-18.478267827248985,-113.95566294594856
EP02,60,-34.46759800798762,-129.9449931266872
EP02,61,-59.19240785835996,-154.66980297705953
EP02,62,-3.595714287041261,-99.07310940574084
EP02,63,-22.674513601889615,-118.15190872058919
EP02,64,-7.153868761543251,-102.63126388024283
EP02,65,-50.086273670012304,-145.56366878871188
EP02,66,-13.953007928209374,-109.43040304690895
EP02,67,-44.90997565607623,-140.3873707747758
EP02,68,-23.682146251545916,-119.15954137024549
EP02,69,-30.194625624149566,-125.67202074284914
EP02,70,-5.294834140452522,-100.7722292591521
EP02,71,-43.38258408106984,-138.8599791997694
EP02,72,-37.250466696917954,-132.72786181561753
EP02,73,-43.048003649966404,-138.52539876866598
EP02,74,-43.8092347318572,-139.28662985055678
EP02,75,-33.49080661642691,-128.96820173512648
EP02,76,-48.54776556085639,-144.02516067955597
EP02,77,-56.17524729906384,-151.65264241776342
EP02,78,-16.320496842188703,-111.79789196088828
EP02,79,-14.90234259601101,-110.37973771471059
EP02,80,-42.71497528048042,-138.19237039918
EP02,81,-48.561950823209855,-144.03934594190943
EP02,82,-30.579506802993635,-126.05690192169321
EP02,83,-49.59360709517773,-145.0710022138773
EP02,84,-36.90644486196658,-132.38383998066615
EP02,85,-39.37203070328502,-134.8494258219846
EP02,86,-61.94776304497873,-157.4251581636783
EP02,87,-34.514334736725544,-129.99172985542512
EP02,88,-34.04566165354427,-129.52305677224385
EP02,89,-53.25072673735616,-148.72812185605574
EP02,90,-31.62888556278382,-127.1062806814834
EP02,91,-45.95460065556887,-141.43199577426844
EP02,92,-13.868408418050052,-109.34580353674963
EP02,93,-54.39712915921527,-149.87452427791484
EP02,94,-22.81882144001446,-118.29621655871404
EP02,95,-37.77126431630296,-133.24865943500254
EP02,96,-58.04907405674186,-153.52646917544143
EP02,97,-30.85909065872488,-126.33648577742446
EP02,98,-35.65530818284557,-131.13270330154515
EP02,99,-62.59862084611086,-158.07601596481044
EP02,100,-24.922523181699674,-120.39991830039925
EP02,101,-31.037685157083928,-126.5150802757835
EP02,102,-25.04347731057115,-120.52087242927072
EP02,103,-50.01600972131561,-145.4934048400152
EP02,104,-12.935128700997893,-108.41252381969747
EP02,105,-61.99532749093356,-157.47272260963314
EP02,106,-43.289833129650674,-138.76722824835025
EP02,107,-44.185392087876295,-139.66278720657587
EP02,108,-58.237074624124745,-153.71446974282432
EP02,109,-39.338203553369,-134.81559867206857
EP02,110,-29.641449304557796,-125.11884442325737
EP02,111,-42.879939040776236,-138.3573341594758
EP02,112,-14.858797306713655,-110.33619242541323
EP02,113,-24.971269420220494,-120.44866453892007
EP02,114,-38.30694826617534,-133.78434338487492
EP02,115,-27.053703259402397,-122.53109837810197
EP02,116,-46.02276580700925,-141.50016092570883
EP02,117,-27.719592914548187,-123.19698803324776
EP02,118,-36.84289985262697,-132.32029497132655
EP02,119,-55.5960752372354,-151.07347035593497
EP02,120,-45.595434163676686,-141.07282928237626
EP02,121,-24.99987201485459,-120.47726713355416
EP02,122,-54.10946991719956,-149.58686503589914
EP02,123,-58.98617026709917,-154.46356538579874
EP02,124,-44.51859293688241,-139.995988055582
EP02,125,-48.45114768985255,-143.92854280855212
EP02,126,-54.1809157329443,-149.65831085164388
EP02,127,-25.624161953414756,-121.10155707211433
EP02,128,-53.90947093893098,-149.38686605763056
EP02,129,-36.647502794021506,-132.12489791272108
EP02,130,-21.40367382365008,-116.88106894234966
EP02,131,-47.0069612182148,-142.48435633691437
EP02,132,-52.474688394288705,-147.95208351298828
EP02,133,-40.246382458670894,-135.72377757737047
EP02,134,-29.453151086488816,-124.93054620518839
EP02,135,-51.66376831920343,-147.141163437903
EP02,136,-14.462119271768472,-109.93951439046805
EP02,137,-50.52423386106534,-146.00162897976492
EP02,138,-29.80204946137448,-125.27944458007406
EP02,139,-34.64953651462778,-130.12693163332736
EP02,140,-33.68931745964895,-129.16671257834852
EP02,141,-39.48773116152722,-134.9651262802268
EP02,142,-18.253173204649684,-113.73056832334926
EP02,143,-33.11926546669429,-128.59666058539386
EP02,144,-46.43114581469729,-141.90854093339686
EP02,145,-23.142960541244463,-118.62035565994404
EP02,146,-65.67540333426726,-161.15279845296683
EP02,147,-16.923221684614703,-112.40061680331428
EP02,148,-15.115209461519513,-110.59260458021909
EP02,149,-37.17866334935732,-132.6560584680569
EP02,150,-35.6367362141861,-131.11413133288568
EP02,151,-37.668660500958964,-133.14605561965854
EP02,152,-43.58465777536972,-139.0620528940693
EP02,153,-51.924240924894434,-147.401636043594
EP02,154,-21.687872855206024,-117.1652679739056
EP02,155,-59.97061915492867,-155.44801427362825
EP02,156,-45.50503898187071,-140.9824341005703
EP02,157,-54.59885430512077,-150.07624942382034
EP02,158,-47.408746912169505,-142.88614203086908
EP02,159,-33.248327453334156,-128.72572257203373
EP02,160,-39.098003409514234,-134.5753985282138
EP02,161,-46.40208831973092,-141.8794834384305
EP02,162,-14.138327089385655,-109.61572220808523
EP02,163,-51.41652875449938,-146.89392387319896
EP02,164,-16.120645395538062,-111.59804051423764
EP02,165,-48.63031204025356,-144.10770715895313
EP02,166,-44.26645945103249,-139.74385456973206
EP02,167,-53.617620430359295,-149.09501554905887
EP02,168,-29.69288079784812,-125.1702759165477
EP02,169,-15.274632357242908,-110.75202747594248
EP02,170,-43.67655211333499,-139.15394723203457
EP02,171,-44.52035698770689,-139.99775210640647
EP02,172,-15.7484367746612,-111.22583189336078
EP02,173,-16.913247078878285,-112.39064219757786
EP02,174,-16.34633083528128,-111.82372595398085
EP02,175,-5.724468327423267,-101.20186344612284
EP02,176,-38.27810290918154,-133.75549802788112
EP02,177,-47.58529790343681,-143.0626930221364
EP02,178,-28.385157982477267,-123.86255310117684
EP02,179,-16.119929892842876,-111.59732501154245
EP02,180,-3.8573135305670405,-99.33470864926662
EP02,181,-49.139205637123894,-144.61660075582347
EP02,182,-60.37343919235599,-155.85083431105556
EP02,183,-23.47100210359028,-118.94839722228986
EP02,184,-50.67153326957464,-146.14892838827421
EP02,185,-40.92857110928236,-136.40596622798193
EP02,186,-39.32928647246419,-134.80668159116377
EP02,187,-51.83213119344077,-147.30952631214035
EP02,188,-41.944217295742305,-137.42161241444188
EP02,189,-29.312657784157295,-124.79005290285687
EP02,190,-53.975252611939965,-149.45264773063954
EP02,191,-14.383662540440213,-109.86105765913979
EP02,192,-56.294356969414906,-151.77175208811448
EP02,193,-3.978599939092902,-99.45599505779248
EP02,194,-19.721302208031844,-115.19869732673142
EP02,195,-26.020121422300917,-121.4975165410005
EP02,196,-35.92437704799164,-131.40177216669122
EP02,197,-58.57736968929271,-154.05476480799229
EP02,198,-48.16719882365419,-143.64459394235377
EP02,199,-25.210235240616157,-120.68763035931573
EP02,200,-31.643772630247938,-127.12116774894751
EP02,201,-59.01301710893546,-154.49041222763503
EP02,202,-67.83604802432967,-163.31344314302925
EP02,203,-28.66432800295148,-124.14172312165105
EP02,204,-30.96463586269998,-126.44203098139955
EP02,205,-26.162027534312017,-121.6394226530116
EP02,206,-55.16548320424664,-150.64287832294622
EP02,207,-44.707551446729354,-140.18494656542893
EP02,208,-71.33437987518187,-166.81177499388144
EP02,209,-57.78370197429052,-153.2610970929901
EP02,210,-18.821157711803636,-114.29855283050321
EP02,211,-38.901747855443574,-134.37914297414315
EP02,212,-14.264596624718365,-109.74199174341794
EP02,213,-25.037374283795785,-120.51476940249536
EP02,214,-33.769755855682064,-129.24715097438164
EP02,215,-9.135440139391932,-104.61283525809151
EP02,216,-55.411773927466385,-150.88916904616596
EP02,217,-12.060088199889137,-107.53748331858871
EP02,218,-19.94325819250983,-115.4206533112094
EP02,219,-53.942334714915916,-149.4197298336155
EP02,220,-43.11226542435523,-138.5896605430548
EP02,221,-48.589016220587126,-144.0664113392867
EP02,222,-48.30719415759705,-143.78458927629663
EP02,223,-56.1001718101671,-151.57756692886667
EP02,224,-57.20182783593344,-152.67922295463302
EP02,225,-62.2503012621718,-157.72769638087138
EP02,226,-36.25430991896252,-131.7317050376621
EP02,227,-53.22420849623947,-148.70160361493905
EP02,228,-45.93897498065405,-141.41637009935363
EP02,229,-22.555442926386092,-118.03283804508567
EP02,230,-32.37953056608616,-127.85692568478574
EP02,231,-38.66382267943004,-134.14121779812962
EP02,232,-50.93919696874724,-146.41659208744682
EP02,233,-43.24721371493746,-138.72460883363703
EP02,234,-37.754703878276956,-133.23209899697653
EP02,235,-58.05387667776981,-153.53127179646938
EP02,236,-53.015576771783884,-148.49297189048346
EP02,237,-24.87079851998783,-120.3481936386874
EP02,238,-53.31893020537703,-148.7963253240766
EP02,239,-44.90901731688146,-140.38641243558104
EP02,240,-51.49985250296598,-146.97724762166555
EP02,241,-60.42106713437977,-155.89846225307934
EP02,242,-3.7462939116669247,-99.2236890303665
EP02,243,-56.369029636267044,-151.84642475496662
EP02,244,-23.68139179598262,-119.1587869146822
EP02,245,-37.05743980954719,-132.53483492824677
EP02,246,-49.890590966618305,-145.36798608531788
EP02,247,-37.40879619632011,-132.8861913150197
EP02,248,-32.08279173269317,-127.56018685139274
EP02,249,-34.47298261246084,-129.95037773116042
EP02,250,-35.89002356697091,-131.3674186856705
EP02,251,-24.929623771786623,-120.4070188904862
EP02,252,-29.305134009462336,-124.78252912816191
EP02,253,-25.976454432095693,-121.45384955079527
EP02,254,-50.94369063016987,-146.42108574886944
EP02,255,-21.888215556155217,-117.36561067485479
EP02,256,-59.72119373989909,-155.19858885859867
EP02,257,-55.5844765101387,-151.06187162883828
EP02,258,-47.42422614109239,-142.90162125979197
EP02,259,-16.878609900378265,-112.35600501907784
EP02,260,-28.986213129447535,-124.46360824814711
EP02,261,-38.656996174092285,-134.13439129279186
EP02,262,-53.61318821540618,-149.09058333410576
EP02,263,-27.633829483179667,-123.11122460187924
EP02,264,-45.82193124503189,-141.29932636373147
EP02,265,-52.41892070786756,-147.89631582656713
EP02,266,-35.775573799138414,-131.252968917838
EP02,267,-20.18526695563989,-115.66266207433947
EP02,268,-34.3279708393095,-129.80536595800908
EP02,269,-13.070756332252031,-108.54815145095161
EP02,270,-34.819335740676905,-130.29673085937648
EP02,271,-59.17514975448543,-154.652544873185
EP02,272,-58.99952622300381,-154.4769213417034
EP02,273,-44.58605093758263,-140.0634460562822
EP02,274,-40.614094183603584,-136.09148930230316
EP02,275,-38.89190077256018,-134.36929589125975
EP02,276,-56.76972397911507,-152.24711909781465
EP02,277,-60.69105686473398,-156.16845198343356
EP02,278,-32.86884285471592,-128.3462379734155
EP02,279,-25.094313006281396,-120.57170812498097
EP02,280,-9.177132905340002,-104.65452802403958
EP02,281,-27.446146709904625,-122.9235418286042
EP02,282,-38.3207033818714,-133.79809850057097
EP02,283,-26.654476339351433,-122.13187145805101
EP02,284,-52.03353950872514,-147.51093462742472
EP02,285,-13.440826728191013,-108.91822184689059
EP02,286,-17.801822519710257,-113.27921763840983
EP02,287,-51.02041723869121,-146.49781235739079
EP02,288,-19.01498616338702,-114.4923812820866
EP02,289,-49.48958339401639,-144.96697851271597
EP02,290,-46.514776182025855,-141.99217130072543
EP02,291,-35.965479064050726,-131.4428741827503
EP02,292,-27.153184231552515,-122.63057935025209
EP02,293,-31.325888681491747,-126.80328380019132
EP02,294,-34.94547537590202,-130.4228704946016
EP02,295,-44.481319647245385,-139.95871476594496
EP02,296,-26.99498006364057,-122.47237518234014
EP02,297,-54.846316733279224,-150.3237118519788
EP02,298,-47.50558239772448,-142.98297751642406
EP02,299,-14.3263861298161,-109.80378124851568
EP02,300,-4.329028206802661,-99.80642332550224
EP02,301,-44.99733804507403,-140.4747331637736
EP02,302,-32.881838377992096,-128.35923349669167
EP02,303,-48.66215396146248,-144.13954908016206
EP02,304,-54.90235972324061,-150.37975484194018
EP02,305,-34.04458302965497,-129.52197814835455
EP02,306,-40.66535284912101,-136.14274796782058
EP02,307,-51.85203147727654,-147.32942659597612
EP02,308,-35.84880297409268,-131.32619809279225
EP02,309,-52.04756739287615,-147.52496251157572
EP02,310,-21.716178463670303,-117.19357358236988
EP02,311,-50.90163077247479,-146.37902589117436
EP02,312,-28.18330643605384,-123.66070155475342
EP02,313,-64.36032291601447,-159.83771803471404
EP02,314,-46.590358487603424,-142.067753606303
EP02,315,-45.672729716799466,-141.15012483549904
EP02,316,-5.842228663829388,-101.31962378252896
EP02,317,-53.85030104349886,-149.32769616219844
EP02,318,-45.869055865937185,-141.34645098463676
EP02,319,-46.116245438814076,-141.59364055751365
EP02,320,-47.1837792369879,-142.66117435568748
EP02,321,-44.60811884737555,-140.08551396607513
EP02,322,-40.197838701383006,-135.67523382008258
EP02,323,-33.338906244196636,-128.8163013628962
EP02,324,-58.73500979559063,-154.2124049142902
EP02,325,-44.7987771950439,-140.27617231374347
EP02,326,-54.102097150799096,-149.57949226949867
EP02,327,-29.786798711779582,-125.26419383047916
EP02,328,-30.532552620532485,-126.00994773923206
EP02,329,-15.150280775136224,-110.6276758938358
EP02,330,-46.38600073895765,-141.86339585765722
EP02,331,-25.392284479709033,-120.86967959840861
EP02,332,-56.45003934001687,-151.92743445871645
EP02,333,-33.25855884467845,-128.73595396337802
EP02,334,-38.98153551798998,-134.45893063668956
EP02,335,-31.792672201210422,-127.27006731991
EP02,336,-25.990160962319436,-121.46755608101901
EP02,337,-31.319833805656515,-126.79722892435609
EP02,338,-19.40663490037906,-114.88403001907864
EP02,339,-50.60372680850742,-146.081121927207
EP02,340,-56.16227597032835,-151.63967108902793
EP02,341,-27.653884044375417,-123.13127916307499
EP02,342,-37.14434938490771,-132.6217445036073
EP02,343,-37.362996312150585,-132.84039143085016
EP02,344,-17.586827751451665,-113.06422287015124
EP02,345,-27.91569191265836,-123.39308703135794
EP02,346,-70.65667212902292,-166.1340672477225
EP02,347,-40.192832323595695,-135.67022744229527
EP02,348,-39.8665518253855,-135.34394694408508
EP02,349,-12.95552384402896,-108.43291896272854
EP02,350,-59.55833631989202,-155.0357314385916
EP02,351,-50.908236778233714,-146.3856318969333
EP02,352,-22.096897624744443,-117.57429274344402
EP02,353,-43.820007539151135,-139.2974026578507
EP02,354,-20.839409563299228,-116.3168046819988
EP02,355,-44.55276328681617,-140.03015840551575
EP02,356,-28.677912515525435,-124.15530763422501
EP02,357,-57.031148783673046,-152.50854390237262
EP02,358,-69.86020440280555,-165.33759952150513
EP02,359,-28.393378008798692,-123.87077312749827
EP02,360,-59.13411025322094,-154.61150537192052
EP02,361,-22.285242978547018,-117.7626380972466
EP02,362,-59.4801530483837,-154.95754816708327
EP02,363,-32.04170649208159,-127.51910161078116
EP02,364,-9.87027769153805,-105.34767281023763
EP02,365,-52.402753383345356,-147.88014850204493
EP02,366,-38.1075823659169,-133.58497748461647
EP02,367,-32.3285504752956,-127.80594559399518
EP02,368,-60.66308263692926,-156.14047775562884
EP02,369,-37.20577363026882,-132.6831687489684
EP02,370,-22.06722766034943,-117.544622779049
EP02,371,-29.102373709203675,-124.57976882790325
EP02,372,-62.70655607007552,-158.1839511887751
EP02,373,-21.723954280296027,-117.2013493989956
EP02,374,-29.66086754371716,-125.13826266241674
EP02,375,-67.05902159135121,-162.5364167100508
EP02,376,-15.827259408789217,-111.3046545274888
EP02,377,-25.406394312956365,-120.88378943165594
EP02,378,-40.044085509912975,-135.52148062861255
EP02,379,-19.600038107447972,-115.07743322614755
EP02,380,-36.994617695506435,-132.472012814206
EP02,381,-29.148043506205553,-124.62543862490513
EP02,382,-57.905830073523305,-153.38322519222288
EP02,383,-28.305520031130442,-123.78291514983002
EP02,384,-12.826979010649055,-108.30437412934863
EP02,385,-44.043162236818034,-139.5205573555176
EP02,386,-84.05588306664453,-179.5332781853441
EP02,387,-59.44001629909201,-154.91741141779158
EP02,388,-38.038403722521394,-133.51579884122097
EP02,389,-54.87931810302845,-150.35671322172803
EP02,390,-55.68714795185903,-151.1645430705586
EP02,391,-44.78589483912856,-140.26328995782814
EP02,392,-27.515784219065438,-122.99317933776501
EP02,393,-24.645444661999875,-120.12283978069945
EP02,394,-36.804217377715446,-132.28161249641502
EP02,395,-24.178472879730734,-119.65586799843031
EP02,396,-34.291577133208676,-129.76897225190825
EP02,397,-53.43877091478751,-148.9161660334871
EP02,398,-53.43168382151427,-148.90907894021385
EP02,399,-40.643277625539525,-136.1206727442391
EP02,400,-29.370510450185748,-124.84790556888532
EP02,401,-46.515742002169475,-141.99313712086905
EP02,402,-63.48526985728978,-158.96266497598936
EP02,403,-44.570274189346264,-140.04766930804584
EP02,404,-53.4126503486782,-148.89004546737777
EP02,405,-39.058157588996124,-134.5355527076957
EP02,406,-56.32676817800774,-151.80416329670732
EP02,407,-26.520262235784386,-121.99765735448396
EP02,408,-23.354353486776702,-118.83174860547628
EP02,409,-58.05833610847296,-153.53573122717253
EP02,410,-15.794042774613999,-111.27143789331357
EP02,411,-20.706723916093395,-116.18411903479297
EP02,412,-21.88068067236094,-117.35807579106051
EP02,413,-39.048000538879876,-134.52539565757945
EP02,414,-16.50092055498874,-111.97831567368831
EP02,415,-53.454459660354416,-148.931854779054
EP02,416,-48.58252696289907,-144.05992208159864
EP02,417,-33.80867768584156,-129.28607280454113
EP02,418,-53.9612447531768,-149.43863987187638
EP02,419,-10.083927200723409,-105.56132231942298
EP02,420,-50.8541123072732,-146.33150742597277
EP02,421,-52.65089974001674,-148.12829485871632
EP02,422,-17.86419463543872,-113.3415897541383
EP02,423,-58.62470578030536,-154.10210089900494
EP02,424,-48.81834636041279,-144.29574147911237
EP02,425,-5.674923411399149,-101.15231853009873
EP02,426,-39.50419081686891,-134.9815859355685
EP02,427,-59.30809587292444,-154.78549099162402
EP02,428,-48.58790059907085,-144.06529571777043
EP02,429,-22.694139333913526,-118.1715344526131
EP02,430,-58.51493803793073,-153.9923331566303
EP02,431,-9.851777872853404,-105.32917299155298
EP02,432,-26.660243861225055,-122.13763897992463
EP02,433,-13.233019112405174,-108.71041423110475
EP02,434,-25.707289669559586,-121.18468478825916
EP02,435,-20.881386053879453,-116.35878117257903
EP02,436,-51.082980271774716,-146.5603753904743
EP02,437,-40.24730633310503,-135.7247014518046
EP02,438,-44.57231095105416,-140.04970606975374
EP02,439,-28.989697955100638,-124.46709307380021
EP02,440,-44.76602782855588,-140.24342294725545
EP02,441,-65.82067396048623,-161.2980690791858
EP02,442,-40.8287614525301,-136.30615657122968
EP02,443,-39.58518524701623,-135.0625803657158
EP02,444,-60.88594303440044,-156.36333815310002
EP02,445,-37.87102858916191,-133.34842370786149
EP02,446,-58.790333334871576,-154.26772845357115
EP02,447,-49.732930286578295,-145.21032540527787
EP02,448,-26.84241892723861,-122.31981404593819
EP02,449,-17.641902969327035,-113.11929808802661
EP02,450,-38.77666527516479,-134.25406039386436
EP02,451,-40.076628911260286,-135.55402402995986
EP02,452,-50.16459123405565,-145.64198635275523
EP02,453,-46.883469227967055,-142.36086434666663
EP02,454,-51.972380784420125,-147.4497759031197
EP02,455,-26.45681278738465,-121.93420790608423
EP02,456,-31.875545519264392,-127.35294063796397
EP02,457,-50.6570633705154,-146.13445848921498
EP02,458,-56.32037637144069,-151.79777149014026
EP02,459,-15.235052570844118,-110.7124476895437
EP02,460,-39.21075678900854,-134.68815190770812
EP02,461,-51.447973507686015,-146.9253686263856
EP02,462,-27.680837635401176,-123.15823275410075
EP02,463,-24.181920759369746,-119.65931587806932
EP02,464,-18.78441148234478,-114.26180660104436
EP02,465,-58.02159706740483,-153.4989921861044
EP02,466,-46.0281797478504,-141.50557486654998
EP02,467,-33.51358757511443,-128.990982693814
EP02,468,-48.28226599077425,-143.75966110947383
EP02,469,-39.88258207411977,-135.35997719281934
EP02,470,-58.58854297240913,-154.0659380911087
EP02,471,-35.23143175552414,-130.70882687422372
EP02,472,-53.71309141452272,-149.1904865332223
EP02,473,-60.49686187813785,-155.97425699683743
EP02,474,-33.19540964505336,-128.67280476375294
EP02,475,-13.453482666694086,-108.93087778539366
EP02,476,-20.352923044835705,-115.83031816353528
EP02,477,-71.06125363945307,-166.53864875815265
EP02,478,-54.288012040759895,-149.76540715945947
EP02,479,-22.393934628893376,-117.87132974759295
EP02,480,-33.393236593632366,-128.87063171233194
EP02,481,-28.145507933913265,-123.62290305261284
EP02,482,-60.68707133589595,-156.16446645459553
EP02,483,-47.52992330210694,-143.0073184208065
EP02,484,-46.663581481263094,-142.14097659996267
EP02,485,-45.42168835042054,-140.89908346912011
EP02,486,-32.24142194132142,-127.718817060021
EP02,487,-47.714508836853526,-143.1919039555531
EP02,488,-18.19260494094155,-113.67000005964113
EP02,489,-57.2081356458653,-152.68553076456487
EP02,490,-49.27341050996432,-144.7508056286639
EP02,491,-44.606139473710385,-140.08353459240996
EP02,492,-37.83958368588296,-133.31697880458253
EP02,493,-51.37411681153162,-146.8515119302312
EP02,494,-13.049344924432873,-108.52674004313245
EP02,495,-54.68668517108168,-150.16408028978125
EP02,496,-5.488289100972452,-100.96568421967203
EP02,497,-68.95772480787895,-164.43511992657852
EP02,498,-16.95832534694304,-112.43572046564262
EP02,499,-35.072535588655,-130.54993070735458
EP02,500,-2.708584849051931,-98.1859799677515
EP03,1,-48.920979143369664,-144.39837426206924
EP03,2,-54.04100760226925,-149.51840272096882
EP03,3,-28.509334816945085,-123.98672993564466
EP03,4,-48.17792828932264,-143.6553234080222
EP03,5,-38.16043004641767,-133.63782516511725
EP03,6,-25.367045396132454,-120.84444051483203
EP03,7,-24.03647887126658,-119.51387398996616
EP03,8,-14.735961606711186,-110.21335672541076
EP03,9,-17.96492395841733,-113.4423190771169
EP03,10,-14.950816092500588,-110.42821121120016
EP03,11,-35.59442744993706,-131.07182256863663
EP03,12,-32.33110661783181,-127.80850173653138
EP03,13,-69.98339821726492,-165.4607933359645
EP03,14,-15.341785152337138,-110.81918027103671
EP03,15,-35.313623991881656,-130.79101911058123
EP03,16,-23.425710484077683,-118.90310560277726
EP03,17,-25.521000256899086,-120.99839537559866
EP03,18,-35.31982011591916,-130.79721523461873
EP03,19,-63.27279701061417,-158.75019212931375
EP03,20,-39.414448654438075,-134.89184377313765
EP03,21,-15.09545487378341,-110.57284999248299
EP03,22,-43.26881169068227,-138.74620680938185
EP03,23,-22.487323530132656,-117.96471864883223
EP03,24,-32.82302335858597,-128.30041847728555
EP03,25,-45.78689945724341,-141.26429457594298
EP03,26,-15.044482504584565,-110.52187762328414
EP03,27,-48.511652035735665,-143.98904715443524
EP03,28,-40.250718758055484,-135.72811387675506
EP03,29,-27.58035114177764,-123.05774626047722
EP03,30,-39.4482121573665,-134.92560727606607
EP03,31,-31.19561024410409,-126.67300536280366
EP03,32,-29.14737601382339,-124.62477113252297
EP03,33,-27.431567534499848,-122.90896265319942
EP03,34,-48.586272545880405,-144.06366766457998
EP03,35,-60.82920687470923,-156.3066019934088
EP03,36,-34.513600285162255,-129.99099540386183
EP03,37,-34.70698454115433,-130.1843796598539
EP03,38,-53.17800478020351,-148.65539989890308
EP03,39,-16.23112667024509,-111.70852178894467
EP03,40,-42.152173059678574,-137.62956817837815
EP03,41,-41.212897854401035,-136.6902929731006
EP03,42,-24.99520662497295,-120.47260174367253
EP03,43,-33.224031613936035,-128.7014267326356
EP03,44,-46.416439170527525,-141.8938342892271
EP03,45,-36.7610310641584,-132.23842618285798
EP03,46,-31.893816543381277,-127.37121166208085
EP03,47,-28.745347197863396,-124.22274231656297
EP03,48,-28.22363718028467,-123.70103229898425
EP03,49,-28.51775970707402,-123.9951548257736
EP03,50,-51.36920493370309,-146.84660005240266
EP03,51,-41.90610464115289,-137.38349975985247
EP03,52,-39.81508919987374,-135.29248431857332
EP03,53,-14.10099101528877,-109.57838613398835
EP03,54,-32.128100008360235,-127.60549512705981
EP03,55,-17.898351723862234,-113.37574684256181
EP03,56,-27.69403338203344,-123.17142850073301
EP03,57,-48.37670248365353,-143.8540976023531
EP03,58,-37.1727122042802,-132.65010732297978
EP03,59,-44.272737210104935,-139.7501323288045
EP03,60,-43.320210729271935,-138.7976058479715
EP03,61,-18.56355728062077,-114.04095239932035
EP03,62,-39.817510210669525,-135.2949053293691
EP03,63,-47.79059063636606,-143.26798575506564
EP03,64,-25.551455718570395,-121.02885083726997
EP03,65,-35.846496354668204,-131.32389147336778
EP03,66,-18.47799802518429,-113.95539314388387
EP03,67,-35.09096007930981,-130.56835519800939
EP03,68,-37.35597748239286,-132.83337260109244
EP03,69,-63.00885027751514,-158.4862453962147
EP03,70,-17.921823722138612,-113.39921884083819
EP03,71,-50.07072611164676,-145.54812123034634
EP03,72,-42.57451311726061,-138.05190823596018
EP03,73,-50.234039783673495,-145.71143490237307
EP03,74,-60.125600515782025,-155.6029956344816
EP03,75,-43.22644530516541,-138.703840423865
EP03,76,-26.405047736548852,-121.88244285524843
EP03,77,-9.289500878020007,-104.76689599671958
EP03,78,-43.60145517086042,-139.07885028956
EP03,79,-6.942951756251361,-102.42034687495094
EP03,80,-41.18468082026416,-136.66207593896374
EP03,81,-29.623596116205192,-125.10099123490477
EP03,82,-13.699428361191963,-109.17682347989154
EP03,83,-61.04805906335895,-156.52545418205852
EP03,84,-25.51667454634901,-120.99406966504858
EP03,85,-23.616609035059867,-119.09400415375944
EP03,86,-20.625697843202502,-116.10309296190208
EP03,87,-53.13138498718703,-148.6087801058866
EP03,88,-27.703512727955726,-123.1809078466553
EP03,89,-24.088662952757602,-119.56605807145718
EP03,90,-33.388126480807784,-128.86552159950736
EP03,91,-19.251342552697395,-114.72873767139697
EP03,92,-32.01812156226707,-127.49551668096665
EP03,93,-24.058875931262918,-119.5362710499625
EP03,94,-32.07950778740941,-127.55690290610899
EP03,95,-53.68142950183116,-149.15882462053074
EP03,96,-24.902911146828686,-120.38030626552826
EP03,97,-56.58147740921294,-152.0588725279125
EP03,98,-62.16667797898859,-157.64407309768816
EP03,99,-30.026813596098975,-125.50420871479855
EP03,100,-24.737373771015143,-120.21476888971472
EP03,101,-26.988075311252857,-122.46547042995243
EP03,102,-51.86534135752936,-147.34273647622894
EP03,103,-30.09112950603574,-125.56852462473532
EP03,104,-47.343057205360935,-142.8204523240605
EP03,105,-30.230598505624158,-125.70799362432373
EP03,106,-52.127423774771444,-147.60481889347102
EP03,107,-19.08090195977161,-114.55829707847118
EP03,108,-31.374144740713945,-126.85153985941352
EP03,109,-46.96230610374212,-142.4397012224417
EP03,110,-31.962100896077445,-127.43949601477702
EP03,111,-23.638962812310623,-119.1163579310102
EP03,112,-24.372679757397748,-119.85007487609732
EP03,113,-43.06528744043035,-138.54268255912993
EP03,114,-57.56294682511569,-153.04034194381526
EP03,115,-32.080503021582956,-127.55789814028253
EP03,116,-24.293532497076214,-119.77092761577579
EP03,117,-10.306912520398058,-105.78430763909763
EP03,118,-38.92742402443156,-134.40481914313114
EP03,119,-31.316115186413924,-126.7935103051135
EP03,120,-30.567077473038935,-126.04447259173851
EP03,121,-55.44380381233128,-150.92119893103086
EP03,122,-33.53831167315326,-129.01570679185284
EP03,123,-6.853682223596323,-102.3310773422959
EP03,124,-43.894120146121736,-139.3715152648213
EP03,125,-63.662338521825205,-159.13973364052478
EP03,126,-24.82078450635909,-120.29817962505867
EP03,127,-47.63578642209379,-143.11318154079336
EP03,128,-51.30183512975637,-146.77923024845595
EP03,129,-18.818667190417287,-114.29606230911686
EP03,130,-36.908890436138904,-132.38628555483848
EP03,131,-48.94389496666261,-144.4212900853622
EP03,132,-26.13547879392263,-121.6128739126222
EP03,133,-34.76352929202713,-130.2409244107267
EP03,134,-8.508628246890822,-103.9860233655904
EP03,135,-50.370064480708066,-145.84745959940764
EP03,136,-24.114464198810737,-119.59185931751031
EP03,137,-25.93372231411658,-121.41111743281616
EP03,138,-22.880932984824852,-118.35832810352443
EP03,139,-24.821624125252256,-120.29901924395183
EP03,140,-57.17242669855764,-152.64982181725722
EP03,141,-53.81075152919482,-149.2881466478944
EP03,142,-51.9465674666684,-147.42396258536797
EP03,143,-60.53098516229676,-156.00838028099633
EP03,144,-60.25389289618573,-155.7312880148853
EP03,145,-35.58348047933487,-131.06087559803444
EP03,146,-44.06233249094669,-139.53972760964626
EP03,147,-45.49162700865952,-140.9690221273591
EP03,148,-28.53909977452193,-124.0164948932215
EP03,149,-54.69154087737206,-150.16893599607164
EP03,150,-30.414975222551064,-125.89237034125064
EP03,151,-33.890927961827316,-129.3683230805269
EP03,152,-4.122984854532859,-99.60037997323244
EP03,153,-50.21283594645038,-145.69023106514996
EP03,154,-58.38054115743154,-153.8579362761311
EP03,155,-22.46623990683777,-117.94363502553735
EP03,156,-35.01803466295024,-130.49542978164982
EP03,157,-32.934813236749505,-128.41220835544908
EP03,158,-24.466904012133526,-119.9442991308331
EP03,159,-42.205863074858314,-137.6832581935579
EP03,160,-36.63213420095491,-132.10952931965448
EP03,161,-20.519681247868178,-115.99707636656775
EP03,162,-34.90321687784447,-130.38061199654405
EP03,163,-49.22493003886541,-144.70232515756499
EP03,164,-25.380799206583518,-120.8581943252831
EP03,165,-39.150473451011976,-134.62786856971155
EP03,166,-44.371745051437614,-139.8491401701372
EP03,167,-52.13776145361459,-147.61515657231416
EP03,168,-18.029580323807195,-113.50697544250677
EP03,169,-52.38267131514664,-147.8600664338462
EP03,170,-38.139630602579786,-133.61702572127936
EP03,171,-40.57651783423077,-136.05391295293035
EP03,172,-33.26991737636655,-128.74731249506613
EP03,173,-27.25522314698341,-122.73261826568299
EP03,174,-45.31330698931302,-140.7907021080126
EP03,175,-64.89437088720314,-160.3717660059027
EP03,176,-30.884621745776315,-126.36201686447589
EP03,177,-18.136400520643647,-113.61379563934322
EP03,178,-69.30012548605691,-164.7775206047565
EP03,179,-13.017391703065599,-108.49478682176517
EP03,180,-20.48083160889641,-115.95822672759599
EP03,181,-63.06057979393131,-158.5379749126309
EP03,182,-51.86328675104582,-147.3406818697454
EP03,183,-24.10999070020374,-119.58738581890331
EP03,184,-16.313344197257678,-111.79073931595725
EP03,185,-51.58627194722999,-147.06366706592956
EP03,186,-22.92282351956827,-118.40021863826784
EP03,187,-47.07401151180591,-142.55140663050548
EP03,188,-29.983152096549603,-125.46054721524918
EP03,189,-28.92085176409165,-124.39824688279123
EP03,190,-55.435274001773195,-150.91266912047277
EP03,191,-54.97376716755238,-150.45116228625196
EP03,192,-14.313919083903698,-109.79131420260327
EP03,193,-53.616257941543296,-149.09365306024287
EP03,194,-25.718814616230972,-121.19620973493055
EP03,195,-23.72557158643781,-119.20296670513738
EP03,196,-30.441838410745632,-125.91923352944521
EP03,197,-43.68474369936243,-139.162138818062
EP03,198,-3.793077949711048,-99.27047306841062
EP03,199,-29.671539820884533,-125.14893493958411
EP03,200,-39.04626448019758,-134.52365959889715
EP03,201,-34.973964652589046,-130.45135977128862
EP03,202,-43.666604652824674,-139.14399977152425
EP03,203,-22.05972748899525,-117.53712260769483
EP03,204,-37.78065508769134,-133.25805020639092
EP03,205,-16.724119607091595,-112.20151472579117
EP03,206,-26.099157494398696,-121.57655261309827
EP03,207,-37.66813048066143,-133.145525599361
EP03,208,-43.73488992665938,-139.21228504535895
EP03,209,-46.70811036946694,-142.1855054881665
EP03,210,-31.098325172884245,-126.57572029158382
EP03,211,-12.643581614257656,-108.12097673295723
EP03,212,-64.56565000120844,-160.04304511990802
EP03,213,-25.954878614238382,-121.43227373293796
EP03,214,-27.65220571590099,-123.12960083460057
EP03,215,-58.59205220892295,-154.06944732762253
EP03,216,-61.37172367247106,-156.84911879117064
EP03,217,-16.7531073544004,-112.23050247309997
EP03,218,-6.9498456445140135,-102.42724076321359
EP03,219,-16.837840367087125,-112.3152354857867
EP03,220,-32.97585217284353,-128.4532472915431
EP03,221,-39.04334771752005,-134.52074283621963
EP03,222,-62.89754311430019,-158.37493823299977
EP03,223,-34.273974098440306,-129.75136921713988
EP03,224,-47.57840648535324,-143.05580160405282
EP03,225,-53.48906952457153,-148.9664646432711
EP03,226,-23.897373657830812,-119.37476877653039
EP03,227,-21.576076582295926,-117.0534717009955
EP03,228,-5.640383509825568,-101.11777862852514
EP03,229,-55.617792661839076,-151.09518778053865
EP03,230,-30.3286063871124,-125.80600150581198
EP03,231,-24.100299881428725,-119.5776950001283
EP03,232,-32.58233531877744,-128.05973043747701
EP03,233,-62.08982135608056,-157.56721647478014
EP03,234,-49.1461578634669,-144.62355298216647
EP03,235,-8.114348086926896,-103.59174320562647
EP03,236,-43.81446606587511,-139.29186118457469
EP03,237,-55.46639906422678,-150.94379418292635
EP03,238,-29.176070001091915,-124.65346511979149
EP03,239,-39.92919461704855,-135.40658973574813
EP03,240,-5.146421730689852,-100.62381684938943
EP03,241,-32.51983690437328,-127.99723202307285
EP03,242,-30.2762453638244,-125.75364048252398
EP03,243,-43.700687528877836,-139.1780826475774
EP03,244,-27.76638426766104,-123.24377938636061
EP03,245,-50.27452349695304,-145.7519186156526
EP03,246,-64.99087284613731,-160.46826796483688
EP03,247,-49.82714138907514,-145.3045365077747
EP03,248,-23.81269638831732,-119.2900915070169
EP03,249,-17.236672184332832,-112.71406730303241
EP03,250,-9.66843366065902,-105.1458287793586
EP03,251,-66.04130721355094,-161.5187023322505
EP03,252,-23.316500566575144,-118.79389568527472
EP03,253,-56.385657116809654,-151.86305223550923
EP03,254,-48.415036289277424,-143.892431407977
EP03,255,-46.34298692185962,-141.8203820405592
EP03,256,-31.536179571906786,-127.01357469060636
EP03,257,-53.40386961213039,-148.88126473082997
EP03,258,-42.06348433165505,-137.54087945035462
EP03,259,-45.85401063652009,-141.33140575521966
EP03,260,-49.86803744111782,-145.3454325598174
EP03,261,-44.62601029568009,-140.10340541437967
EP03,262,-37.09908701807706,-132.57648213677663
EP03,263,-51.89644221790442,-147.373837336604
EP03,264,-18.636123660014306,-114.11351877871388
EP03,265,-41.50796206374318,-136.98535718244275
EP03,266,-15.014703335795417,-110.492098454495
EP03,267,-26.48163979802601,-121.95903491672559
EP03,268,-26.51455886236451,-121.99195398106409
EP03,269,-52.85106068222973,-148.3284558009293
EP03,270,-52.12755936422474,-147.6049544829243
EP03,271,-25.278965750578024,-120.7563608692776
EP03,272,-44.88308403834412,-140.3604791570437
EP03,273,-35.1201548805723,-130.59754999927188
EP03,274,-38.00741191013236,-133.48480702883194
EP03,275,-28.8088849310125,-124.28628004971208
EP03,276,-47.856339359367155,-143.33373447806673
EP03,277,-73.71609719755452,-169.1934923162541
EP03,278,-26.3522951581011,-121.82969027680068
EP03,279,-11.175819034392802,-106.65321415309238
EP03,280,-41.624981219824434,-137.102376338524
EP03,281,-5.968059611797315,-101.44545473049689
EP03,282,-42.32812916294745,-137.80552428164702
EP03,283,-33.1272813525388,-128.60467647123838
EP03,284,-47.70897975924137,-143.18637487794095
EP03,285,-25.6381737504166,-121.11556886911617
EP03,286,-40.72257069633142,-136.199965815031
EP03,287,-41.64484979748869,-137.12224491618827
EP03,288,-38.77644154513132,-134.2538366638309
EP03,289,-34.72839735801594,-130.20579247671552
EP03,290,-29.016785255824402,-124.49418037452398
EP03,291,-35.36193915114055,-130.83933426984012
EP03,292,-43.93296695829531,-139.4103620769949
EP03,293,-51.06047346410813,-146.5378685828077
EP03,294,-15.995586267150642,-111.47298138585022
EP03,295,-35.31167468977773,-130.7890698084773
EP03,296,-39.38290688654354,-134.8603020052431
EP03,297,-24.45854200987344,-119.93593712857302
EP03,298,-50.52352543155007,-146.00092055024965
EP03,299,-52.01993532882659,-147.49733044752617
EP03,300,-27.350281680220448,-122.82767679892002
EP03,301,-32.53610943186288,-128.01350455056246
EP03,302,-16.374720027655698,-111.85211514635527
EP03,303,-24.018844341585776,-119.49623946028535
EP03,304,-40.35292611888235,-135.83032123758193
EP03,305,-43.89285702856171,-139.37025214726128
EP03,306,-26.197854262672053,-121.67524938137163
EP03,307,-67.37165730048042,-162.84905241918
EP03,308,-22.024378611053947,-117.50177372975352
EP03,309,-47.33289631118501,-142.8102914298846
EP03,310,-44.10156784450675,-139.57896296320632
EP03,311,-15.781487071492052,-111.25888219019163
EP03,312,-51.058875532567555,-146.53627065126713
EP03,313,-39.47636994137372,-134.9537650600733
EP03,314,-39.011632175812366,-134.48902729451194
EP03,315,-54.508587043538,-149.98598216223758
EP03,316,-40.71696548414383,-136.1943606028434
EP03,317,-14.153426911930651,-109.63082203063023
EP03,318,-70.27632713416352,-165.7537222528631
EP03,319,-41.07948879881877,-136.55688391751835
EP03,320,-27.903471464123655,-123.38086658282323
EP03,321,-28.990350608239538,-124.46774572693911
EP03,322,-29.634581813655927,-125.1119769323555
EP03,323,-37.87525521582495,-133.35265033452453
EP03,324,-47.94061556930606,-143.41801068800564
EP03,325,-25.638633391456352,-121.11602851015593
EP03,326,-35.92772571778937,-131.40512083648895
EP03,327,-32.71861531346818,-128.19601043216775
EP03,328,-32.54737181196134,-128.02476693066092
EP03,329,-38.00110260711216,-133.47849772581174
EP03,330,-43.66610552390486,-139.14350064260444
EP03,331,-33.17562823602219,-128.65302335472177
EP03,332,-20.993231035368936,-116.47062615406851
EP03,333,-5.683973024101448,-101.16136814280102
EP03,334,-31.09673946029089,-126.57413457899047
EP03,335,-60.94921815854528,-156.42661327724485
EP03,336,-65.58220987802679,-161.05960499672636
EP03,337,-30.886700863341304,-126.36409598204088
EP03,338,-40.638716709199144,-136.11611182789872
EP03,339,-16.182813036412043,-111.66020815511162
EP03,340,-36.513091209164685,-131.99048632786426
EP03,341,-55.11631321554475,-150.59370833424433
EP03,342,-28.227935252652017,-123.7053303713516
EP03,343,-22.756532673317807,-118.23392779201738
EP03,344,-40.01001006065738,-135.48740517935695
EP03,345,-42.93790852885198,-138.41530364755155
EP03,346,-25.596648092543376,-121.07404321124295
EP03,347,-22.648644779822376,-118.12603989852195
EP03,348,-26.852394662533072,-122.32978978123265
EP03,349,-43.316757544795735,-138.7941526634953
EP03,350,-35.45879589372268,-130.93619101242226
EP03,351,-77.38149869056176,-172.85889380926133
EP03,352,-6.42501475776497,-101.90240987646455
EP03,353,-52.91070684284685,-148.38810196154643
EP03,354,-35.263124291241695,-130.74051940994127
EP03,355,-50.827609849428484,-146.30500496812806
EP03,356,-41.14846176748216,-136.62585688618174
EP03,357,-21.033646356685864,-116.51104147538544
EP03,358,-34.96690762200484,-130.44430274070442
EP03,359,-48.23432871103782,-143.7117238297374
EP03,360,-22.586604734801384,-118.06399985350096
EP03,361,-49.95221420364527,-145.42960932234485
EP03,362,-17.26226437694818,-112.73965949564776
EP03,363,-59.07784930614943,-154.555244424849
EP03,364,-38.13481046120879,-133.61220557990836
EP03,365,-39.59586340400023,-135.0732585226998
EP03,366,-37.966384837320106,-133.44377995601968
EP03,367,-46.985453738356654,-142.46284885705623
EP03,368,-51.02449016998219,-146.50188528868176
EP03,369,-59.73313808593525,-155.21053320463483
EP03,370,-14.62598342233126,-110.10337854103084
EP03,371,-22.84214154446437,-118.31953666316394
EP03,372,-29.56690147657406,-125.04429659527364
EP03,373,-28.669623558919483,-124.14701867761906
EP03,374,-25.63430665391884,-121.11170177261842
EP03,375,-44.70605988004536,-140.18345499874493
EP03,376,-36.12442603080649,-131.60182114950607
EP03,377,-40.33291051737888,-135.81030563607845
EP03,378,-51.55159058875245,-147.02898570745202
EP03,379,-35.90232002067384,-131.37971513937342
EP03,380,-39.72730415504597,-135.20469927374555
EP03,381,-24.44690241434415,-119.92429753304373
EP03,382,-34.317062047974275,-129.79445716667385
EP03,383,-35.684493988699614,-131.1618891073992
EP03,384,-45.29154220267364,-140.76893732137322
EP03,385,-27.61985348231471,-123.09724860101429
EP03,386,-45.33214117861087,-140.80953629731044
EP03,387,-26.396377562568176,-121.87377268126775
EP03,388,-28.982259182783167,-124.45965430148274
EP03,389,-62.339828560040985,-157.81722367874056
EP03,390,-39.499936716467545,-134.97733183516712
EP03,391,-44.03869154351415,-139.51608666221372
EP03,392,-53.973831620009406,-149.45122673870898
EP03,393,-33.513840928860844,-128.99123604756042
EP03,394,-48.61816289443016,-144.09555801312973
EP03,395,-61.733188663038504,-157.21058378173808
EP03,396,-41.776029805135636,-137.2534249238352
EP03,397,-30.86441609513109,-126.34181121383067
EP03,398,-31.69247165701313,-127.1698667757127
EP03,399,-27.183795845352833,-122.66119096405241
EP03,400,-20.621619942115345,-116.09901506081492
EP03,401,-3.4108685133258376,-98.88826363202541
EP03,402,-21.761501754712683,-117.23889687341226
EP03,403,-25.730919558674387,-121.20831467737396
EP03,404,-49.071933884232635,-144.5493290029322
EP03,405,-32.1723651399289,-127.64976025862848
EP03,406,-44.70617165903755,-140.18356677773713
EP03,407,-33.65382483981918,-129.13121995851876
EP03,408,-28.186363700580486,-123.66375881928006
EP03,409,-7.255205078294196,-102.73260019699377
EP03,410,-41.962906027948975,-137.44030114664855
EP03,411,-28.566117619732694,-124.04351273843227
EP03,412,-51.84107103328654,-147.31846615198612
EP03,413,-27.013548237039643,-122.49094335573922
EP03,414,-49.95525741129208,-145.43265252999166
EP03,415,-49.54155252193934,-145.0189476406389
EP03,416,-53.98113043263723,-149.4585255513368
EP03,417,-44.89747246498945,-140.37486758368902
EP03,418,-42.483299207490006,-137.96069432618958
EP03,419,-24.88329085886781,-120.36068597756739
EP03,420,-42.25999388285592,-137.7373890015555
EP03,421,-14.068530256819969,-109.54592537551954
EP03,422,-49.409348507095416,-144.886743625795
EP03,423,-24.458907605696083,-119.93630272439566
EP03,424,-29.084791811905973,-124.56218693060555
EP03,425,-30.063482116931993,-125.54087723563157
EP03,426,-66.99684481977476,-162.47423993847434
EP03,427,-48.38507013567738,-143.86246525437696
EP03,428,-61.81611829128644,-157.29351340998602
EP03,429,-29.86493060252451,-125.34232572122409
EP03,430,-54.460464426299524,-149.9378595449991
EP03,431,-19.654873103286576,-115.13226822198615
EP03,432,-32.378898062414905,-127.85629318111448
EP03,433,-42.31679982600352,-137.7941949447031
EP03,434,-27.435534813317986,-122.91292993201756
EP03,435,-29.39225401836569,-124.86964913706527
EP03,436,-23.665545137301393,-119.14294025600097
EP03,437,-29.156772015916275,-124.63416713461585
EP03,438,-27.372396219457613,-122.84979133815719
EP03,439,-21.588675986621112,-117.06607110532069
EP03,440,-62.39557645378741,-157.872971572487
EP03,441,-30.805814946390115,-126.28321006508969
EP03,442,-45.71550125378849,-141.19289637248806
EP03,443,-33.567974640257205,-129.04536975895678
EP03,444,-6.399248879794968,-101.87664399849454
EP03,445,-22.594868203036256,-118.07226332173583
EP03,446,-27.06913600023431,-122.54653111893388
EP03,447,-36.93670913995172,-132.4141042586513
EP03,448,-37.49176774603123,-132.9691628647308
EP03,449,-33.13877046038127,-128.61616557908084
EP03,450,-49.11455959306517,-144.59195471176474
EP03,451,-26.624840438234543,-122.10223555693412
EP03,452,-24.14326183751257,-119.62065695621214
EP03,453,-56.95639811817023,-152.4337932368698
EP03,454,-48.13075435419236,-143.60814947289194
EP03,455,-36.57407209011171,-132.0514672088113
EP03,456,-48.16105552839031,-143.63845064708988
EP03,457,-46.10413428471065,-141.58152940341023
EP03,458,-32.58664572550214,-128.0640408442017
EP03,459,-56.58842584503299,-152.06582096373256
EP03,460,-53.6827302571445,-149.16012537584407
EP03,461,-43.537187092359574,-139.01458221105915
EP03,462,-27.93965657424073,-123.4170516929403
EP03,463,-16.472129032072587,-111.94952415077216
EP03,464,-47.69341460084007,-143.17080971953965
EP03,465,-65.68720570549351,-161.1646008241931
EP03,466,-18.833383355587756,-114.31077847428733
EP03,467,-22.309218566085534,-117.78661368478511
EP03,468,-55.25444436619378,-150.73183948489336
EP03,469,-47.99352491522933,-143.4709200339289
EP03,470,-44.677611644845996,-140.15500676354557
EP03,471,-51.26889284599494,-146.74628796469452
EP03,472,-74.59209657813648,-170.06949169683605
EP03,473,-38.80216577820957,-134.27956089690915
EP03,474,-55.13573080413923,-150.6131259228388
EP03,475,-46.17938305264602,-141.6567781713456
EP03,476,-26.1525656664338,-121.62996078513338
EP03,477,-37.014859319930736,-132.4922544386303
EP03,478,-33.38213838063413,-128.8595334993337
EP03,479,-45.738352175427394,-141.21574729412697
EP03,480,-39.333288577822316,-134.8106836965219
EP03,481,-13.536951717753709,-109.01434683645329
EP03,482,-41.232557526983015,-136.7099526456826
EP03,483,-44.156173521451876,-139.63356864015145
EP03,484,-6.9653030096511515,-102.44269812835073
EP03,485,-44.21280635603867,-139.69020147473825
EP03,486,-61.020952670613724,-156.4983477893133
EP03,487,-13.826177980274437,-109.30357309897401
EP03,488,-37.79092924138712,-133.2683243600867
EP03,489,-52.31823196807716,-147.79562708677673
EP03,490,-52.88552516529819,-148.36292028399777
EP03,491,-26.217136005055835,-121.69453112375541
EP03,492,-27.05609966235528,-122.53349478105486
EP03,493,-56.109127895802374,-151.58652301450195
EP03,494,-29.27106530259691,-124.74846042129649
EP03,495,-13.730472997276664,-109.20786811597624
EP03,496,-25.390016648548084,-120.86741176724766
EP03,497,-25.808212862829578,-121.28560798152915
EP03,498,-50.34968655382167,-145.82708167252125
EP03,499,-34.24606101330477,-129.72345613200434
EP03,500,-28.83307834842084,-124.31047346712042
EP04,1,-61.2205259658042,-156.69792108450378
EP04,2,-52.1631982494838,-147.64059336818337
EP04,3,-74.34885854881375,-169.82625366751333
EP04,4,-55.76106514004297,-151.23846025874255
EP04,5,-56.15529608262895,-151.63269120132853
EP04,6,-57.32768123259311,-152.80507635129268
EP04,7,-58.98759144653798,-154.46498656523755
EP04,8,-51.81303135273944,-147.29042647143902
EP04,9,-60.32952934066677,-155.80692445936634
EP04,10,-58.498273432242,-153.97566855094158
EP04,11,-67.71283879370193,-163.1902339124015
EP04,12,-57.87318795233861,-153.3505830710382
EP04,13,-60.8582413170364,-156.33563643573598
EP04,14,-56.556383077692686,-152.03377819639226
EP04,15,-59.044301375562725,-154.5216964942623
EP04,16,-57.98783867046319,-153.46523378916277
EP04,17,-65.99223710553008,-161.46963222422966
EP04,18,-72.50177111068734,-167.97916622938692
EP04,19,-55.78829265293075,-151.26568777163033
EP04,20,-65.49947632838405,-160.97687144708362
EP04,21,-54.15119267158289,-149.62858779028247
EP04,22,-58.643632859496535,-154.1210279781961
EP04,23,-63.68850282260988,-159.16589794130945
EP04,24,-46.45048047941779,-141.92787559811737
EP04,25,-46.76798206240926,-142.24537718110884
EP04,26,-60.30927726402905,-155.78667238272863
EP04,27,-72.20840302563064,-167.68579814433022
EP04,28,-73.0978135819881,-168.57520870068768
EP04,29,-56.01321221350847,-151.49060733220804
EP04,30,-65.07251559158809,-160.54991071028766
EP04,31,-57.574155063617155,-153.05155018231673
EP04,32,-47.98268253663602,-143.4600776553356
EP04,33,-63.132375044831264,-158.60977016353084
EP04,34,-65.28022622342104,-160.75762134212061
EP04,35,-51.70540052084496,-147.18279563954454
EP04,36,-51.98800545691532,-147.4654005756149
EP04,37,-53.92757879449951,-149.4049739131991
EP04,38,-60.86913910242441,-156.346534221124
EP04,39,-62.5814578480946,-158.05885296679418
EP04,40,-60.98822565217597,-156.46562077087555
EP04,41,-68.65853570789673,-164.1359308265963
EP04,42,-62.795979005799836,-158.2733741244994
EP04,43,-51.536368880290496,-147.01376399899007
EP04,44,-57.408388084377805,-152.88578320307738
EP04,45,-47.698975648300376,-143.17637076699995
EP04,46,-63.38166394418084,-158.85905906288042
EP04,47,-47.96652345532607,-143.44391857402564
EP04,48,-47.81922367962426,-143.29661879832383
EP04,49,-68.62188009108013,-164.0992752097797
EP04,50,-67.17022129672219,-162.64761641542177
EP04,51,-55.20407564014906,-150.68147075884863
EP04,52,-67.4079376151638,-162.88533273386338
EP04,53,-64.42507121930637,-159.90246633800595
EP04,54,-52.818875548559646,-148.29627066725922
EP04,55,-53.59830456689005,-149.07569968558963
EP04,56,-55.094553053143926,-150.5719481718435
EP04,57,-69.29061156011716,-164.76800667881673
EP04,58,-63.01295963233596,-158.49035475103554
EP04,59,-48.33328368620465,-143.81067880490423
EP04,60,-59.36076230794271,-154.83815742664228
EP04,61,-57.295478817780776,-152.77287393648035
EP04,62,-68.683199656591,-164.16059477529058
EP04,63,-69.09816288076809,-164.57555799946766
EP04,64,-47.980609261208485,-143.45800437990806
EP04,65,-60.84657598802636,-156.32397110672593
EP04,66,-59.21351236785662,-154.6909074865562
EP04,67,-61.46146803633167,-156.93886315503124
EP04,68,-57.38957611016596,-152.86697122886554
EP04,69,-59.51504556598951,-154.9924406846891
EP04,70,-55.46589507954667,-150.94329019824625
EP04,71,-48.86924987682903,-144.3466449955286
EP04,72,-61.74449694906863,-157.2218920677682
EP04,73,-51.88068129329969,-147.35807641199926
EP04,74,-65.47207597959175,-160.94947109829133
EP04,75,-52.568495055533845,-148.04589017423342
EP04,76,-75.31445922053757,-170.79185433923715
EP04,77,-52.71857930581132,-148.1959744245109
EP04,78,-62.56098674745675,-158.03838186615633
EP04,79,-56.05884138349779,-151.53623650219737
EP04,80,-59.59924889879949,-155.07664401749906
EP04,81,-59.29690519804805,-154.77430031674763
EP04,82,-61.415834876572575,-156.89322999527215
EP04,83,-46.05996253032063,-141.5373576490202
EP04,84,-55.22067641487865,-150.69807153357823
EP04,85,-44.38111588632745,-139.85851100502703
EP04,86,-67.2918637228077,-162.76925884150728
EP04,87,-61.85240365867037,-157.32979877736994
EP04,88,-69.70341693831449,-165.18081205701407
EP04,89,-47.8835045959614,-143.36089971466097
EP04,90,-54.19901489608597,-149.67641001478555
EP04,91,-58.8551708090387,-154.33256592773827
EP04,92,-58.86009518933588,-154.33749030803546
EP04,93,-62.23202647433351,-157.70942159303308
EP04,94,-54.92331134031639,-150.40070645901596
EP04,95,-52.83022903090614,-148.30762414960572
EP04,96,-78.22683743100004,-173.7042325496996
EP04,97,-54.915822939467745,-150.39321805816732
EP04,98,-60.376223116517,-155.85361823521657
EP04,99,-67.84848708508267,-163.32588220378224
EP04,100,-50.24742573536821,-145.7248208540678
EP04,101,-56.3077980210586,-151.78519313975818
EP04,102,-61.89405356220922,-157.3714486809088
EP04,103,-56.333295445499544,-151.81069056419912
EP04,104,-64.83372550502881,-160.31112062372839
EP04,105,-65.87102165590977,-161.34841677460935
EP04,106,-59.07148884852151,-154.5488839672211
EP04,107,-68.0367986159101,-163.51419373460968
EP04,108,-59.86980904688053,-155.3472041655801
EP04,109,-56.62806780324033,-152.1054629219399
EP04,110,-37.200980905157024,-132.6783760238566
EP04,111,-52.99480252015687,-148.47219763885644
EP04,112,-60.324653220801906,-155.80204833950148
EP04,113,-67.7310503040062,-163.20844542270578
EP04,114,-55.99630711377134,-151.4737022324709
EP04,115,-61.77589902716775,-157.25329414586733
EP04,116,-40.44789750273375,-135.92529262143333
EP04,117,-59.43158764570464,-154.90898276440421
EP04,118,-62.650706985663334,-158.1281021043629
EP04,119,-72.49150413586074,-167.9688992545603
EP04,120,-51.198324050243514,-146.6757191689431
EP04,121,-61.23510252710349,-156.71249764580307
EP04,122,-57.56453062034291,-153.04192573904248
EP04,123,-60.77186590193054,-156.24926102063012
EP04,124,-50.615161392663225,-146.0925565113628
EP04,125,-63.33949342162592,-158.8168885403255
EP04,126,-65.66854390845032,-161.1459390271499
EP04,127,-61.20260693880604,-156.68000205750562
EP04,128,-50.116654570294685,-145.59404968899426
EP04,129,-61.31216816391964,-156.7895632826192
EP04,130,-57.09410671047979,-152.57150182917937
EP04,131,-37.714957929186426,-133.192353047886
EP04,132,-61.1272203026453,-156.60461542134487
EP04,133,-60.27694102706596,-155.75433614576554
EP04,134,-52.49415612118031,-147.9715512398799
EP04,135,-68.24787029527971,-163.7252654139793
EP04,136,-53.236790999008406,-148.71418611770798
EP04,137,-54.32372579021214,-149.8011209089117
EP04,138,-55.943869018537015,-151.4212641372366
EP04,139,-56.08225650921071,-151.55965162791028
EP04,140,-65.18583092143427,-160.66322604013385
EP04,141,-68.58859508972961,-164.06599020842918
EP04,142,-43.86797070873379,-139.34536582743337
EP04,143,-52.645029444177226,-148.1224245628768
EP04,144,-63.05194481379817,-158.52933993249775
EP04,145,-63.64346955234055,-159.12086467104012
EP04,146,-57.57424993700775,-153.05164505570733
EP04,147,-68.2645425655798,-163.74193768427938
EP04,148,-69.50830377624953,-164.9856988949491
EP04,149,-57.717054177110924,-153.1944492958105
EP04,150,-56.28032688681077,-151.75772200551035
EP04,151,-55.97627686327672,-151.4536719819763
EP04,152,-57.757017663245875,-153.23441278194545
EP04,153,-53.19527401366801,-148.6726691323676
EP04,154,-70.6607167323775,-166.13811185107707
EP04,155,-63.17735997254377,-158.65475509124335
EP04,156,-54.385702532687446,-149.86309765138702
EP04,157,-54.82157328948233,-150.2989684081819
EP04,158,-63.69302522125048,-159.17042033995006
EP04,159,-45.74908116046552,-141.2264762791651
EP04,160,-65.8643288054079,-161.34172392410747
EP04,161,-58.45287058270682,-153.9302657014064
EP04,162,-62.61448356951033,-158.0918786882099
EP04,163,-54.21754134103924,-149.6949364597388
EP04,164,-53.52551540283835,-149.00291052153793
EP04,165,-59.676575292755274,-155.15397041145485
EP04,166,-54.49899391304069,-149.97638903174027
EP04,167,-69.22624773784344,-164.703642856543
EP04,168,-60.65586795727012,-156.1332630759697
EP04,169,-56.351696634452,-151.82909175315157
EP04,170,-69.09314934839182,-164.5705444670914
EP04,171,-71.05394726651917,-166.53134238521875
EP04,172,-70.34235912760371,-165.8197542463033
EP04,173,-54.72001038126052,-150.1974054999601
EP04,174,-62.8242163001307,-158.30161141883028
EP04,175,-63.845652844572385,-159.32304796327196
EP04,176,-54.44951555703727,-149.92691067573685
EP04,177,-56.92425283456734,-152.40164795326692
EP04,178,-53.99597378313959,-149.47336890183917
EP04,179,-63.41986148516861,-158.8972566038682
EP04,180,-60.915833495783716,-156.3932286144833
EP04,181,-52.65144658976058,-148.12884170846016
EP04,182,-59.21209300148115,-154.68948812018073
EP04,183,-61.148258925979576,-156.62565404467915
EP04,184,-57.81783152205227,-153.29522664075185
EP04,185,-62.34400055030903,-157.8213956690086
EP04,186,-51.566919981962315,-147.0443151006619
EP04,187,-72.08903651314216,-167.56643163184174
EP04,188,-55.23935639508136,-150.71675151378093
EP04,189,-67.30734541590033,-162.7847405345999
EP04,190,-58.07030659343846,-153.54770171213804
EP04,191,-65.64869041049457,-161.12608552919414
EP04,192,-56.70875191552079,-152.18614703422037
EP04,193,-59.62897855660225,-155.10637367530182
EP04,194,-58.69512466614643,-154.172519784846
EP04,195,-49.52066346424448,-144.99805858294405
EP04,196,-56.1398242042992,-151.61721932299878
EP04,197,-54.073929092689355,-149.55132421138893
EP04,198,-55.241730784126844,-150.71912590282642
EP04,199,-56.80693159054783,-152.2843267092474
EP04,200,-61.48431526216507,-156.96171038086464
EP04,201,-55.27788638753131,-150.7552815062309
EP04,202,-53.5371541053766,-149.01454922407618
EP04,203,-64.55162990057127,-160.02902501927085
EP04,204,-59.82665551647682,-155.3040506351764
EP04,205,-55.87678576032738,-151.35418087902696
EP04,206,-68.84969428568388,-164.32708940438346
EP04,207,-62.989755434962206,-158.46715055366178
EP04,208,-79.29773017051207,-174.77512528921164
EP04,209,-48.20713212578738,-143.68452724448696
EP04,210,-57.69765342815123,-153.1750485468508
EP04,211,-46.54388187868065,-142.02127699738023
EP04,212,-66.13303514430021,-161.61043026299978
EP04,213,-74.2314514292612,-169.70884654796077
EP04,214,-67.53302107339437,-163.01041619209394
EP04,215,-55.68514718406678,-151.16254230276635
EP04,216,-54.73437630475547,-150.21177142345505
EP04,217,-69.84849492087375,-165.32589003957332
EP04,218,-53.15956885550682,-148.6369639742064
EP04,219,-65.42199662926367,-160.89939174796325
EP04,220,-60.7097331803256,-156.18712829902518
EP04,221,-54.75164143459125,-150.22903655329083
EP04,222,-61.45526394666143,-156.932659065361
EP04,223,-58.2996541325636,-153.77704925126318
EP04,224,-59.40596919461484,-154.88336431331442
EP04,225,-50.86158233261375,-146.33897745131333
EP04,226,-52.539722028909324,-148.0171171476089
EP04,227,-61.77093278752079,-157.24832790622037
EP04,228,-59.97845779555615,-155.45585291425573
EP04,229,-53.61033667440992,-149.0877317931095
EP04,230,-64.29196427893245,-159.76935939763203
EP04,231,-57.5614764461981,-153.03887156489768
EP04,232,-68.58694533988171,-164.06434045858128
EP04,233,-64.01115012870022,-159.4885452473998
EP04,234,-60.569075040958154,-156.04647015965773
EP04,235,-44.59811625753534,-140.0755113762349
EP04,236,-56.30797178046984,-151.78536689916942
EP04,237,-45.46565859449828,-140.94305371319786
EP04,238,-61.20792361251975,-156.68531873121933
EP04,239,-54.82320258961332,-150.3005977083129
EP04,240,-71.95167690602906,-167.42907202472864
EP04,241,-56.50114261752506,-151.97853773622464
EP04,242,-68.73677679872438,-164.21417191742395
EP04,243,-47.13090852846773,-142.6083036471673
EP04,244,-67.6504706477092,-163.12786576640877
EP04,245,-67.05293457764373,-162.5303296963433
EP04,246,-54.61376519645796,-150.09116031515754
EP04,247,-66.56923440783507,-162.04662952653464
EP04,248,-70.8888108509141,-166.36620596961367
EP04,249,-67.26279835516857,-162.74019347386815
EP04,250,-60.0421757324481,-155.51957085114768
EP04,251,-64.96087163797472,-160.4382667566743
EP04,252,-48.89457846002807,-144.37197357872765
EP04,253,-50.045542076466006,-145.52293719516558
EP04,254,-61.23784100677926,-156.71523612547884
EP04,255,-51.001813390484074,-146.47920850918365
EP04,256,-54.986758133589944,-150.46415325228952
EP04,257,-56.03915005032795,-151.51654516902752
EP04,258,-52.383007695636365,-147.86040281433594
EP04,259,-55.70248924053914,-151.1798843592387
EP04,260,-78.1594722603902,-173.63686737908978
EP04,261,-66.2032841758597,-161.68067929455927
EP04,262,-60.885990458694494,-156.36338557739407
EP04,263,-53.474387288857855,-148.95178240755743
EP04,264,-63.489712638561315,-158.9671077572609
EP04,265,-74.75204696700806,-170.22944208570763
EP04,266,-52.13206335891633,-147.6094584776159
EP04,267,-67.32773908758975,-162.80513420628932
EP04,268,-54.915200947779,-150.39259606647857
EP04,269,-63.002413302087604,-158.47980842078718
EP04,270,-56.29127786315425,-151.76867298185383
EP04,271,-47.657593088804276,-143.13498820750385
EP04,272,-55.73154550760765,-151.20894062630722
EP04,273,-51.85711689022912,-147.3345120089287
EP04,274,-56.60454753861603,-152.0819426573156
EP04,275,-58.219141528072015,-153.6965366467716
EP04,276,-62.73799224440651,-158.2153873631061
EP04,277,-45.88714059362701,-141.36453571232659
EP04,278,-55.657188073929944,-151.13458319262952
EP04,279,-58.51159473893233,-153.9889898576319
EP04,280,-77.86461385017935,-173.34200896887893
EP04,281,-57.44525250011901,-152.9226476188186
EP04,282,-63.92420420021921,-159.40159931891878
EP04,283,-47.2790008971709,-142.75639601587048
EP04,284,-61.79185696254618,-157.26925208124575
EP04,285,-65.52435323604368,-161.00174835474326
EP04,286,-52.22107776788155,-147.69847288658113
EP04,287,-66.09497511876782,-161.5723702374674
EP04,288,-61.15176000449054,-156.62915512319012
EP04,289,-60.85688920664262,-156.3342843253422
EP04,290,-64.90829766998164,-160.3856927886812
EP04,291,-56.015527195077624,-151.4929223137772
EP04,292,-54.81677842728371,-150.29417354598328
EP04,293,-43.52826431827256,-139.00565943697214
EP04,294,-66.1523781486492,-161.62977326734878
EP04,295,-63.0815966292231,-158.55899174792268
EP04,296,-75.804790066787,-171.28218518548658
EP04,297,-67.86511408055378,-163.34250919925336
EP04,298,-67.1169765095899,-162.59437162828948
EP04,299,-62.53206426181217,-158.00945938051174
EP04,300,-61.95252543134646,-157.42992055004603
EP04,301,-63.94014853587791,-159.41754365457749
EP04,302,-66.17476255552012,-161.6521576742197
EP04,303,-47.401426751431416,-142.878821870131
EP04,304,-60.470914868332784,-155.94830998703236
EP04,305,-68.4387028472432,-163.91609796594278
EP04,306,-61.41796333196393,-156.8953584506635
EP04,307,-74.45262515129431,-169.9300202699939
EP04,308,-68.15922159749147,-163.63661671619104
EP04,309,-55.34538607866645,-150.82278119736603
EP04,310,-40.40145198611131,-135.8788471048109
EP04,311,-66.37002337076885,-161.84741848946842
EP04,312,-66.09996359874239,-161.57735871744197
EP04,313,-66.03191004742501,-161.5093051661246
EP04,314,-58.478312617700624,-153.9557077364002
EP04,315,-63.84379544717555,-159.32119056587513
EP04,316,-49.61156065115841,-145.088955769858
EP04,317,-63.69039270042521,-159.16778781912478
EP04,318,-63.36149331703703,-158.8388884357366
EP04,319,-67.15497016214672,-162.6323652808463
EP04,320,-59.45031398129041,-154.92770909998998
EP04,321,-49.88768787280236,-145.36508299150194
EP04,322,-48.753997790397904,-144.23139290909748
EP04,323,-55.931229823625216,-151.4086249423248
EP04,324,-60.16323990289729,-155.64063502159686
EP04,325,-55.43422523745073,-150.9116203561503
EP04,326,-43.58612914722596,-139.06352426592554
EP04,327,-65.91087230291157,-161.38826742161115
EP04,328,-62.602097261960324,-158.0794923806599
EP04,329,-54.54849462642531,-150.02588974512489
EP04,330,-71.98920391753038,-167.46659903622995
EP04,331,-61.67801436815296,-157.15540948685253
EP04,332,-72.09446471052618,-167.57185982922576
EP04,333,-47.451536811266465,-142.92893192996604
EP04,334,-49.27712473581499,-144.75451985451457
EP04,335,-62.15093502244102,-157.6283301411406
EP04,336,-52.03329000185761,-147.51068512055718
EP04,337,-56.04773487712316,-151.52512999582274
EP04,338,-68.83693651698829,-164.31433163568786
EP04,339,-58.97988471952664,-154.4572798382262
EP04,340,-56.86754261063072,-152.3449377293303
EP04,341,-71.07569577020749,-166.55309088890706
EP04,342,-67.4231397019702,-162.90053482066978
EP04,343,-62.22852388556984,-157.70591900426942
EP04,344,-57.942216209318815,-153.4196113280184
EP04,345,-67.18242839107822,-162.6598235097778
EP04,346,-58.77991306647169,-154.25730818517127
EP04,347,-67.49711669957341,-162.974511818273
EP04,348,-57.717004865316994,-153.19439998401657
EP04,349,-65.24568398733766,-160.72307910603723
EP04,350,-66.73027741368657,-162.20767253238614
EP04,351,-51.29103991590017,-146.76843503459975
EP04,352,-52.31634321712622,-147.7937383358258
EP04,353,-63.323869828930725,-158.8012649476303
EP04,354,-54.274839602819696,-149.75223472151927
EP04,355,-62.98674995467752,-158.4641450733771
EP04,356,-60.9691889559582,-156.44658407465778
EP04,357,-64.68428300645277,-160.16167812515235
EP04,358,-62.25342706249535,-157.73082218119492
EP04,359,-51.23420747422199,-146.71160259292157
EP04,360,-61.24500954177719,-156.72240466047677
EP04,361,-57.44955554685271,-152.92695066555228
EP04,362,-59.45313330312345,-154.93052842182303
EP04,363,-62.58860583165887,-158.06600095035844
EP04,364,-77.26276293883063,-172.7401580575302
EP04,365,-67.63465640186172,-163.1120515205613
EP04,366,-74.38278357285671,-169.86017869155629
EP04,367,-66.23528419532636,-161.71267931402593
EP04,368,-49.327819035221694,-144.80521415392127
EP04,369,-53.99432801358196,-149.47172313228154
EP04,370,-64.23765866150418,-159.71505378020376
EP04,371,-61.86520487143267,-157.34259999013224
EP04,372,-63.1770206927595,-158.65441581145907
EP04,373,-70.89622055119895,-166.37361566989853
EP04,374,-61.92698468382582,-157.4043798025254
EP04,375,-43.34671438519197,-138.82410950389155
EP04,376,-70.74596747152944,-166.22336259022902
EP04,377,-57.40575528751401,-152.8831504062136
EP04,378,-64.75150289147089,-160.22889801017047
EP04,379,-51.49391630240322,-146.9713114211028
EP04,380,-65.56230260897851,-161.0396977276781
EP04,381,-68.60018358099904,-164.07757869969862
EP04,382,-46.277419337115674,-141.75481445581525
EP04,383,-61.551172643294734,-157.0285677619943
EP04,384,-65.50906541140716,-160.98646053010674
EP04,385,-62.81840299390629,-158.29579811260587
EP04,386,-50.79924845556059,-146.27664357426016
EP04,387,-65.38760759237294,-160.86500271107252
EP04,388,-64.8270702983026,-160.30446541700218
EP04,389,-58.285135011737054,-153.76253013043663
EP04,390,-54.207072086251884,-149.68446720495146
EP04,391,-61.12577433712232,-156.6031694558219
EP04,392,-56.503543856028955,-151.98093897472853
EP04,393,-56.97921070206442,-152.456605820764
EP04,394,-66.7729394940155,-162.25033461271508
EP04,395,-57.94808677097055,-153.42548188967012
EP04,396,-60.06733919567782,-155.5447343143774
EP04,397,-56.76023724343969,-152.23763236213927
EP04,398,-52.224849334201394,-147.70224445290097
EP04,399,-74.63399520068586,-170.11139031938544
EP04,400,-56.02830974286172,-151.5057048615613
EP04,401,-59.610178267332515,-155.0875733860321
EP04,402,-55.6941648130867,-151.17155993178628
EP04,403,-67.18241899556881,-162.65981411426839
EP04,404,-60.25244221558617,-155.72983733428575
EP04,405,-68.51420167602774,-163.99159679472731
EP04,406,-41.97309549901328,-137.45049061771286
EP04,407,-60.62520267910156,-156.10259779780114
EP04,408,-71.40656034700044,-166.8839554657
EP04,409,-59.36172461071618,-154.83911972941576
EP04,410,-67.86507254233246,-163.34246766103203
EP04,411,-67.78591407627042,-163.26330919497
EP04,412,-58.57376736232388,-154.05116248102345
EP04,413,-64.81630822961026,-160.29370334830983
EP04,414,-66.36143046332583,-161.8388255820254
EP04,415,-71.9960909456598,-167.47348606435938
EP04,416,-58.581727147896885,-154.05912226659646
EP04,417,-63.934344574917105,-159.41173969361668
EP04,418,-60.12642954666924,-155.60382466536882
EP04,419,-75.9560608322048,-171.43345595090437
EP04,420,-58.0069909056684,-153.48438602436798
EP04,421,-71.25333426885402,-166.7307293875536
EP04,422,-55.67686261274599,-151.15425773144557
EP04,423,-55.474813212416535,-150.9522083311161
EP04,424,-67.61319504434528,-163.09059016304485
EP04,425,-66.59437683359778,-162.07177195229735
EP04,426,-65.74955849398805,-161.22695361268762
EP04,427,-64.72311371933472,-160.2005088380343
EP04,428,-67.44456429784248,-162.92195941654205
EP04,429,-61.47827294286125,-156.95566806156083
EP04,430,-51.38203326840255,-146.85942838710213
EP04,431,-53.76523554992281,-149.24263066862238
EP04,432,-51.08847571537453,-146.5658708340741
EP04,433,-53.81546886255555,-149.29286398125512
EP04,434,-70.6755876308332,-166.15298274953278
EP04,435,-63.50298503960204,-158.9803801583016
EP04,436,-53.678962448317094,-149.15635756701667
EP04,437,-65.4290663282382,-160.90646144693778
EP04,438,-38.96784394395647,-134.44523906265604
EP04,439,-53.72207210215424,-149.19946722085382
EP04,440,-58.352438709801504,-153.82983382850108
EP04,441,-54.734420418361395,-150.21181553706097
EP04,442,-61.67661036095237,-157.15400547965194
EP04,443,-61.71853296796715,-157.19592808666673
EP04,444,-62.77009429416205,-158.24748941286163
EP04,445,-70.18265559030937,-165.66005070900894
EP04,446,-73.9743239856146,-169.45171910431418
EP04,447,-68.87801954636149,-164.35541466506106
EP04,448,-62.04631300613647,-157.52370812483605
EP04,449,-56.07081240641622,-151.5482075251158
EP04,450,-63.60387082559856,-159.08126594429814
EP04,451,-58.7082059257547,-154.18560104445427
EP04,452,-53.815294494099106,-149.29268961279868
EP04,453,-63.65860776376965,-159.13600288246923
EP04,454,-62.833659993770084,-158.31105511246966
EP04,455,-53.965451860846116,-149.4428469795457
EP04,456,-61.644565789058134,-157.1219609077577
EP04,457,-61.37065819507578,-156.84805331377535
EP04,458,-60.41138056314722,-155.8887756818468
EP04,459,-59.53969796615792,-155.0170930848575
EP04,460,-52.25309556795776,-147.73049068665733
EP04,461,-48.33121988672397,-143.80861500542355
EP04,462,-66.3379157290108,-161.81531084771038
EP04,463,-63.062032086750605,-158.53942720545018
EP04,464,-56.83187879471305,-152.30927391341262
EP04,465,-56.98444241460584,-152.4618375333054
EP04,466,-56.40820452062428,-151.88559963932386
EP04,467,-49.20266362255069,-144.68005874125026
EP04,468,-64.47879458701786,-159.95618970571743
EP04,469,-55.728807540766894,-151.20620265946647
EP04,470,-57.25936644138852,-152.7367615600881
EP04,471,-69.02650890743803,-164.5039040261376
EP04,472,-58.447281328044255,-153.92467644674383
EP04,473,-61.0118541583704,-156.48924927706997
EP04,474,-56.899875138018274,-152.37727025671785
EP04,475,-65.11670784789877,-160.59410296659834
EP04,476,-62.87543813289585,-158.35283325159543
EP04,477,-62.9129065621903,-158.39030168088988
EP04,478,-56.835388828912954,-152.31278394761253
EP04,479,-63.059424433266486,-158.53681955196606
EP04,480,-57.73228205482678,-153.20967717352636
EP04,481,-53.6986199144753,-149.17601503317488
EP04,482,-76.33279845030131,-171.8101935690009
EP04,483,-50.40534293747248,-145.88273805617206
EP04,484,-63.87615176043181,-159.3535468791314
EP04,485,-61.46006691187205,-156.93746203057162
EP04,486,-73.92696195230278,-169.40435707100235
EP04,487,-61.46370213402,-156.94109725271957
EP04,488,-65.84129312026306,-161.31868823896264
EP04,489,-63.209476103136495,-158.68687122183607
EP04,490,-65.82059985876103,-161.2979949774606
EP04,491,-55.7612913946615,-151.23868651336107
EP04,492,-55.965616828985446,-151.44301194768502
EP04,493,-55.351330245884384,-150.82872536458396
EP04,494,-61.610650814448235,-157.0880459331478
EP04,495,-57.52262768320267,-153.00002280190225
EP04,496,-69.84739598016796,-165.32479109886754
EP04,497,-55.11557232182855,-150.59296744052813
EP04,498,-59.158429597893615,-154.6358247165932
EP04,499,-56.56379081583847,-152.04118593453805
EP04,500,-59.25560586397006,-154.73300098266964
EP05,1,-80.22816454576744,-175.70555966446702
EP05,2,-53.80091186202719,-149.27830698072677
EP05,3,-69.62949162672211,-165.1068867454217
EP05,4,-54.889657979901074,-150.36705309860065
EP05,5,-57.94348473315151,-153.42087985185108
EP05,6,-72.73316343231406,-168.21055855101363
EP05,7,-61.75902517035365,-157.23642028905323
EP05,8,-64.31478350355187,-159.79217862225144
EP05,9,-74.25445247160062,-169.7318475903002
EP05,10,-53.76966242352387,-149.24705754222344
EP05,11,-78.56416038826836,-174.04155550696794
EP05,12,-73.85975558087347,-169.33715069957304
EP05,13,-83.01972906930837,-178.49712418800794
EP05,14,-61.24206156970524,-156.71945668840482
EP05,15,-61.46826177484806,-156.94565689354764
EP05,16,-71.10480144714836,-166.58219656584794
EP05,17,-59.22585616726934,-154.70325128596892
EP05,18,-71.63274921109328,-167.11014432979286
EP05,19,-65.90895289744918,-161.38634801614876
EP05,20,-64.07840202578973,-159.5557971444893
EP05,21,-47.748485956752944,-143.22588107545252
EP05,22,-63.60754821455038,-159.08494333324995
EP05,23,-52.109832072840135,-147.5872271915397
EP05,24,-76.62828477035134,-172.10567988905092
EP05,25,-60.49595789023047,-155.97335300893005
EP05,26,-62.716331772967436,-158.193726891667
EP05,27,-64.75048655108617,-160.22788166978575
EP05,28,-58.50858341500876,-153.98597853370833
EP05,29,-71.07987452421253,-166.5572696429121
EP05,30,-66.77931769470337,-162.25671281340294
EP05,31,-62.90471731746504,-158.38211243616462
EP05,32,-64.50079456462447,-159.97818968332405
EP05,33,-65.90653823273055,-161.38393335143013
EP05,34,-77.43796705910034,-172.91536217779992
EP05,35,-63.13818265268296,-158.61557777138253
EP05,36,-69.33851401962858,-164.81590913832815
EP05,37,-64.8365256035809,-160.31392072228047
EP05,38,-70.6972007974822,-166.17459591618177
EP05,39,-73.15108126019533,-168.6284763788949
EP05,40,-66.78410630261084,-162.2615014213104
EP05,41,-65.72378349781653,-161.2011786165161
EP05,42,-71.13177193371496,-166.60916705241453
EP05,43,-70.18257073048554,-165.6599658491851
EP05,44,-69.90476302092426,-165.38215813962384
EP05,45,-63.512791645113765,-158.99018676381334
EP05,46,-72.72448956575752,-168.2018846844571
EP05,47,-55.981150005559016,-151.4585451242586
EP05,48,-71.47639589978087,-166.95379101848044
EP05,49,-73.532145462237,-169.00954058093657
EP05,50,-63.464751943715015,-158.9421470624146
EP05,51,-61.20477395364068,-156.68216907234026
EP05,52,-66.04968851122413,-161.5270836299237
EP05,53,-68.54654822365794,-164.0239433423575
EP05,54,-59.22851519554041,-154.70591031424
EP05,55,-59.158226926432775,-154.63562204513235
EP05,56,-58.12283679877993,-153.6002319174795
EP05,57,-59.558945444774935,-155.0363405634745
EP05,58,-66.00269701749505,-161.48009213619463
EP05,59,-72.62442649627144,-168.10182161497102
EP05,60,-67.24042868146105,-162.71782380016063
EP05,61,-63.315534298534374,-158.79292941723395
EP05,62,-63.24037164262623,-158.7177667613258
EP05,63,-74.27248830057417,-169.74988341927374
EP05,64,-74.852197840558,-170.32959295925758
EP05,65,-72.81833804756391,-168.2957331662635
EP05,66,-65.55199703806909,-161.02939215676867
EP05,67,-66.20877050502023,-161.6861656237198
EP05,68,-72.61009584518922,-168.0874909638888
EP05,69,-57.95766593169412,-153.4350610503937
EP05,70,-62.47466159402359,-157.95205671272316
EP05,71,-69.56109516919173,-165.0384902878913
EP05,72,-76.76391649325586,-172.24131161195544
EP05,73,-76.57548969709592,-172.0528848157955
EP05,74,-68.79058150992108,-164.26797662862066
EP05,75,-67.23549302205689,-162.71288814075646
EP05,76,-63.44558045016444,-158.92297556886402
EP05,77,-85.327792486146,-180.80518760484557
EP05,78,-76.03422070172275,-171.51161582042232
EP05,79,-80.57211393346546,-176.04950905216504
EP05,80,-69.15822022910825,-164.63561534780783
EP05,81,-79.06823109382879,-174.54562621252836
EP05,82,-66.23330187697437,-161.71069699567394
EP05,83,-72.97535373636666,-168.45274885506623
EP05,84,-61.482219263683106,-156.95961438238268
EP05,85,-78.89948994701288,-174.37688506571246
EP05,86,-63.96950076551505,-159.44689588421463
EP05,87,-77.89732334921462,-173.3747184679142
EP05,88,-74.84675703471584,-170.3241521534154
EP05,89,-62.707576341376665,-158.18497146007624
EP05,90,-74.83645842892815,-170.31385354762773
EP05,91,-71.87135744984411,-167.3487525685437
EP05,92,-73.3589390174422,-168.83633413614177
EP05,93,-72.69444087229468,-168.17183599099425
EP05,94,-66.17562146259465,-161.65301658129422
EP05,95,-67.02550903329174,-162.50290415199132
EP05,96,-54.14556742044434,-149.6229625391439
EP05,97,-71.13795960358948,-166.61535472228906
EP05,98,-84.2636931574092,-179.74108827610877
EP05,99,-67.76952551327429,-163.24692063197386
EP05,100,-63.22259170855946,-158.69998682725904
EP05,101,-68.01450136430623,-163.4918964830058
EP05,102,-64.81150984070317,-160.28890495940274
EP05,103,-73.23218378786183,-168.7095789065614
EP05,104,-54.370778491098264,-149.84817360979784
EP05,105,-70.60205851308854,-166.0794536317881
EP05,106,-59.8650857143347,-155.34248083303427
EP05,107,-69.2490201184693,-164.72641523716888
EP05,108,-81.18294684406061,-176.66034196276019
EP05,109,-81.28242414871238,-176.75981926741196
EP05,110,-71.68064171852865,-167.15803683722822
EP05,111,-71.25241352621802,-166.7298086449176
EP05,112,-75.9840549797899,-171.46145009848948
EP05,113,-78.5934179044084,-174.07081302310797
EP05,114,-81.13648237947848,-176.61387749817806
EP05,115,-79.15931817776664,-174.6367132964662
EP05,116,-69.37842305894446,-164.85581817764404
EP05,117,-66.96011863681571,-162.43751375551528
EP05,118,-73.16872265576575,-168.64611777446532
EP05,119,-64.65711464022652,-160.1345097589261
EP05,120,-64.10730960308362,-159.5847047217832
EP05,121,-62.79381387510642,-158.271208993806
EP05,122,-68.43491126202642,-163.912306380726
EP05,123,-80.48177848431004,-175.95917360300962
EP05,124,-69.54613871987652,-165.0235338385761
EP05,125,-53.93391511872176,-149.41131023742133
EP05,126,-73.4645472364472,-168.94194235514678
EP05,127,-63.32948533516344,-158.80688045386302
EP05,128,-65.50231885698764,-160.97971397568722
EP05,129,-67.16272375728897,-162.64011887598855
EP05,130,-63.4104516022619,-158.88784672096148
EP05,131,-69.18690844859688,-164.66430356729646
EP05,132,-73.21888610421362,-168.6962812229132
EP05,133,-69.63161892094811,-165.1090140396477
EP05,134,-78.17566062468566,-173.65305574338524
EP05,135,-60.69660096819274,-156.17399608689232
EP05,136,-62.91044824826466,-158.38784336696423
EP05,137,-61.27579416851529,-156.75318928721487
EP05,138,-71.42599908493605,-166.90339420363563
EP05,139,-58.7897228878829,-154.26711800658248
EP05,140,-59.98297752443304,-155.46037264313262
EP05,141,-71.20410208277454,-166.68149720147412
EP05,142,-55.80638049655383,-151.2837756152534
EP05,143,-81.8020007803822,-177.27939589908178
EP05,144,-69.66085489764001,-165.13825001633958
EP05,145,-63.06027063270761,-158.5376657514072
EP05,146,-59.83076739564967,-155.30816251434925
EP05,147,-72.48272206452543,-167.960117183225
EP05,148,-65.46240507313038,-160.93980019182996
EP05,149,-62.07365804531304,-157.55105316401261
EP05,150,-64.78225400752527,-160.25964912622484
EP05,151,-63.342253224430976,-158.81964834313055
EP05,152,-73.62869155599157,-169.10608667469114
EP05,153,-55.74732459933256,-151.22471971803213
EP05,154,-72.99483133685729,-168.47222645555686
EP05,155,-81.33902276333382,-176.8164178820334
EP05,156,-67.48645501714284,-162.96385013584242
EP05,157,-67.79893951992455,-163.27633463862412
EP05,158,-54.878266608647635,-150.3556617273472
EP05,159,-67.87561441673611,-163.3530095354357
EP05,160,-74.21263466166559,-169.69002978036517
EP05,161,-57.77129446550623,-153.2486895842058
EP05,162,-59.35526696032218,-154.83266207902176
EP05,163,-81.1715667880278,-176.64896190672738
EP05,164,-64.55199517447608,-160.02939029317565
EP05,165,-69.22687311374295,-164.70426823244253
EP05,166,-59.75409442915728,-155.23148954785685
EP05,167,-76.16583930170441,-171.64323442040399
EP05,168,-62.877912722330336,-158.3553078410299
EP05,169,-62.47658717339189,-157.95398229209147
EP05,170,-63.769765367013974,-159.24716048571355
EP05,171,-87.57125174989449,-183.04864686859406
EP05,172,-75.40142273757499,-170.87881785627457
EP05,173,-66.16063218015532,-161.6380272988549
EP05,174,-59.27255943471178,-154.74995455341136
EP05,175,-63.83981825218714,-159.31721337088672
EP05,176,-67.0293717546671,-162.50676687336667
EP05,177,-76.1087920905459,-171.58618720924548
EP05,178,-79.12025316990002,-174.5976482885996
EP05,179,-68.40366711851365,-163.88106223721323
EP05,180,-46.86901571390541,-142.346410832605
EP05,181,-69.6512067318682,-165.12860185056778
EP05,182,-60.6585152798975,-156.13591039859708
EP05,183,-45.66692062882939,-141.14431574752896
EP05,184,-69.94704592122818,-165.42444103992776
EP05,185,-81.86436542902942,-177.341760547729
EP05,186,-73.46376562340285,-168.94116074210243
EP05,187,-84.70059373074568,-180.17798884944526
EP05,188,-69.94300066407763,-165.4203957827772
EP05,189,-63.95858790610657,-159.43598302480615
EP05,190,-84.81997811540455,-180.29737323410413
EP05,191,-55.14636656268732,-150.6237616813869
EP05,192,-65.27995230161753,-160.7573474203171
EP05,193,-84.37315441023193,-179.8505495289315
EP05,194,-69.05017884140969,-164.52757396010927
EP05,195,-66.58248092298683,-162.0598760416864
EP05,196,-75.2194216688928,-170.69681678759238
EP05,197,-72.8973823433364,-168.37477746203598
EP05,198,-69.94929483536464,-165.42668995406422
EP05,199,-64.55608756039959,-160.03348267909917
EP05,200,-63.644287754836625,-159.1216828735362
EP05,201,-62.813903279315724,-158.2912983980153
EP05,202,-71.28166278223847,-166.75905790093805
EP05,203,-65.79716429366067,-161.27455941236025
EP05,204,-65.7963887353896,-161.27378385408917
EP05,205,-62.41414044037785,-157.89153555907743
EP05,206,-72.27921813013626,-167.75661324883583
EP05,207,-74.24142946445235,-169.71882458315193
EP05,208,-67.48744775333654,-162.96484287203612
EP05,209,-78.03124111835638,-173.50863623705595
EP05,210,-65.07881726722283,-160.5562123859224
EP05,211,-79.86493368837142,-175.342328807071
EP05,212,-65.24509837460707,-160.72249349330664
EP05,213,-70.36728735810624,-165.84468247680581
EP05,214,-62.44062457011714,-157.9180196888167
EP05,215,-78.18205113320528,-173.65944625190485
EP05,216,-72.30390771323965,-167.78130283193923
EP05,217,-81.94154173887034,-177.41893685756992
EP05,218,-68.34212637554839,-163.81952149424797
EP05,219,-74.77788878202784,-170.25528390072742
EP05,220,-65.99261952377844,-161.47001464247802
EP05,221,-73.25728853245664,-168.73468365115622
EP05,222,-68.05567418832271,-163.5330693070223
EP05,223,-77.28064119087853,-172.7580363095781
EP05,224,-85.96662857300495,-181.44402369170453
EP05,225,-79.15216538803509,-174.62956050673466
EP05,226,-71.24196024814702,-166.7193553668466
EP05,227,-62.80402815729022,-158.2814232759898
EP05,228,-69.1539938802074,-164.63138899890697
EP05,229,-67.82974012937646,-163.30713524807604
EP05,230,-59.68474213473468,-155.16213725343425
EP05,231,-62.271166459606206,-157.74856157830578
EP05,232,-60.81503241113501,-156.29242752983458
EP05,233,-63.148744015598055,-158.62613913429763
EP05,234,-56.080527666302544,-151.55792278500212
EP05,235,-61.37868775247685,-156.85608287117643
EP05,236,-59.65198223013988,-155.12937734883945
EP05,237,-66.2236249785181,-161.70102009721768
EP05,238,-64.99245203452546,-160.46984715322503
EP05,239,-69.86443894454257,-165.34183406324215
EP05,240,-73.65215174004393,-169.1295468587435
EP05,241,-62.72763277530041,-158.20502789399998
EP05,242,-71.20259859899582,-166.6799937176954
EP05,243,-75.21231631357011,-170.6897114322697
EP05,244,-77.05917936293193,-172.5365744816315
EP05,245,-67.14950454198083,-162.6268996606804
EP05,246,-62.78248393238792,-158.2598790510875
EP05,247,-76.8055430648322,-172.28293818353177
EP05,248,-75.72619446435257,-171.20358958305215
EP05,249,-80.81299199362633,-176.2903871123259
EP05,250,-75.73014467580913,-171.2075397945087
EP05,251,-69.46000255541483,-164.9373976741144
EP05,252,-68.79947192068377,-164.27686703938335
EP05,253,-66.86672527118381,-162.3441203898834
EP05,254,-62.829461228137205,-158.30685634683678
EP05,255,-71.07533170144973,-166.5527268201493
EP05,256,-93.65772195134628,-189.13511707004585
EP05,257,-63.82446804668143,-159.301863165381
EP05,258,-77.94471804387544,-173.42211316257502
EP05,259,-63.453697576369535,-158.9310926950691
EP05,260,-76.51019430817337,-171.98758942687294
EP05,261,-60.618293428681966,-156.09568854738154
EP05,262,-76.46962350481908,-171.94701862351866
EP05,263,-59.37248235810293,-154.8498774768025
EP05,264,-69.1815754921775,-164.65897061087708
EP05,265,-76.92400967775941,-172.401404796459
EP05,266,-74.78802097684868,-170.26541609554826
EP05,267,-79.25579744294748,-174.73319256164706
EP05,268,-78.90770023831669,-174.38509535701627
EP05,269,-61.406344708182814,-156.8837398268824
EP05,270,-70.86049737486616,-166.33789249356573
EP05,271,-58.91389364760818,-154.39128876630775
EP05,272,-71.25921096654787,-166.73660608524744
EP05,273,-71.5472210864408,-167.02461620514038
EP05,274,-65.55737030601225,-161.03476542471182
EP05,275,-81.39275523132511,-176.8701503500247
EP05,276,-68.50464424952742,-163.982039368227
EP05,277,-46.35672736413733,-141.8341224828369
EP05,278,-70.18859768023265,-165.66599279893222
EP05,279,-74.82404295739542,-170.301438076095
EP05,280,-61.64488584053345,-157.12228095923302
EP05,281,-63.80347205314075,-159.28086717184033
EP05,282,-74.68750703131525,-170.16490215001483
EP05,283,-49.39619528667444,-144.87359040537402
EP05,284,-54.39000181317769,-149.86739693187727
EP05,285,-69.99549314086931,-165.4728882595689
EP05,286,-63.939880958974555,-159.41727607767413
EP05,287,-75.19739049829343,-170.674785616993
EP05,288,-69.22615082266219,-164.70354594136177
EP05,289,-69.18184233758024,-164.6592374562798
EP05,290,-56.6345657054311,-152.11196082413068
EP05,291,-61.627396883349974,-157.10479200204955
EP05,292,-71.36731791676331,-166.8447130354629
EP05,293,-71.03832080832822,-166.5157159270278
EP05,294,-71.87917573695535,-167.35657085565492
EP05,295,-78.49964204737944,-173.97703716607901
EP05,296,-79.23786001411236,-174.71525513281193
EP05,297,-64.62569421547204,-160.1030893341716
EP05,298,-79.56188642801413,-175.0392815467137
EP05,299,-75.78783057262078,-171.26522569132035
EP05,300,-64.53627672882979,-160.01367184752937
EP05,301,-69.31389848284209,-164.79129360154167
EP05,302,-71.81867068022166,-167.29606579892123
EP05,303,-73.96065969356113,-169.4380548122607
EP05,304,-78.17197154350407,-173.64936666220365
EP05,305,-62.79610382757684,-158.27349894627642
EP05,306,-81.40412616438152,-176.8815212830811
EP05,307,-67.66152269006562,-163.1389178087652
EP05,308,-53.620706241665516,-149.0981013603651
EP05,309,-71.20531543401671,-166.6827105527163
EP05,310,-67.83110466917381,-163.3084997878734
EP05,311,-68.92425155892079,-164.40164667762036
EP05,312,-66.55957184464077,-162.03696696334035
EP05,313,-67.3851926080842,-162.86258772678377
EP05,314,-59.10348190256866,-154.58087702126824
EP05,315,-73.30013594718739,-168.77753106588696
EP05,316,-65.93722378667712,-161.4146189053767
EP05,317,-69.83897365042719,-165.31636876912677
EP05,318,-78.32455863518618,-173.80195375388575
EP05,319,-77.51069007448083,-172.9880851931804
EP05,320,-66.44306511352443,-161.920460232224
EP05,321,-69.79261103646593,-165.2700061551655
EP05,322,-66.3368465116381,-161.81424163033768
EP05,323,-56.68056418469422,-152.1579593033938
EP05,324,-66.66930048181871,-162.14669560051829
EP05,325,-61.12241012535438,-156.59980524405395
EP05,326,-62.45524572727902,-157.9326408459786
EP05,327,-65.17704107019856,-160.65443618889813
EP05,328,-88.48938886332397,-183.96678398202354
EP05,329,-79.3793895320591,-174.85678465075867
EP05,330,-77.27508854177026,-172.75248366046984
EP05,331,-69.6339519869878,-165.11134710568737
EP05,332,-75.32768777023927,-170.80508288893884
EP05,333,-69.44817420298483,-164.9255693216844
EP05,334,-71.25356198528385,-166.73095710398343
EP05,335,-72.3029594496696,-167.78035456836918
EP05,336,-67.76988627465516,-163.24728139335474
EP05,337,-71.57817858316415,-167.05557370186372
EP05,338,-69.38051672278692,-164.8579118414865
EP05,339,-60.05415549941014,-155.53155061810972
EP05,340,-67.7907742656395,-163.26816938433907
EP05,341,-71.31030278767571,-166.78769790637529
EP05,342,-73.0775057072589,-168.55490082595847
EP05,343,-58.87889526968601,-154.3562903883856
EP05,344,-68.81910765875762,-164.2965027774572
EP05,345,-61.33486747108731,-156.81226258978688
EP05,346,-71.83177681681096,-167.30917193551053
EP05,347,-75.7903321010399,-171.26772721973947
EP05,348,-62.76114921170108,-158.23854433040066
EP05,349,-78.63363606374216,-174.11103118244174
EP05,350,-68.28900395395522,-163.7663990726548
EP05,351,-78.4997546763027,-173.97714979500228
EP05,352,-67.80963085934764,-163.2870259780472
EP05,353,-73.27954155888213,-168.7569366775817
EP05,354,-73.14155054857119,-168.61894566727076
EP05,355,-83.21716250161415,-178.69455762031373
EP05,356,-63.466978525460576,-158.94437364416015
EP05,357,-64.87176372311288,-160.34915884181245
EP05,358,-68.06955801091692,-163.5469531296165
EP05,359,-64.29782811696651,-159.7752232356661
EP05,360,-69.16605182455743,-164.643446943257
EP05,361,-76.51840757037908,-171.99580268907866
EP05,362,-67.90123200471615,-163.37862712341573
EP05,363,-70.35273292429082,-165.8301280429904
EP05,364,-86.08886446778467,-181.56625958648425
EP05,365,-64.25497831458404,-159.7323734332836
EP05,366,-76.98532961579286,-172.46272473449244
EP05,367,-64.80656091173972,-160.2839560304393
EP05,368,-78.24589153482822,-173.7232866535278
EP05,369,-76.83674270165446,-172.31413782035403
EP05,370,-77.54851554452532,-173.0259106632249
EP05,371,-53.591159131615484,-149.06855425031506
EP05,372,-79.09541888753273,-174.5728140062323
EP05,373,-68.87751297022638,-164.35490808892595
EP05,374,-72.52981619551855,-168.00721131421813
EP05,375,-64.08347715651007,-159.56087227520965
EP05,376,-55.0721334544516,-150.54952857315118
EP05,377,-64.94380545145705,-160.42120057015663
EP05,378,-72.039290532981,-167.51668565168058
EP05,379,-63.62318337450222,-159.1005784932018
EP05,380,-53.61432956985604,-149.09172468855562
EP05,381,-57.62195676395615,-153.09935188265572
EP05,382,-64.70397278826474,-160.1813679069643
EP05,383,-64.27238166546911,-159.7497767841687
EP05,384,-66.79191876826272,-162.2693138869623
EP05,385,-72.66982497381187,-168.14722009251145
EP05,386,-71.04781074466965,-166.52520586336922
EP05,387,-65.33726788804898,-160.81466300674856
EP05,388,-75.9065262985145,-171.38392141721408
EP05,389,-64.70783765918839,-160.18523277788796
EP05,390,-64.19723726532732,-159.6746323840269
EP05,391,-66.83364755917194,-162.3110426778715
EP05,392,-80.35798778635589,-175.83538290505547
EP05,393,-69.89143962823186,-165.36883474693144
EP05,394,-78.20574706869772,-173.6831421873973
EP05,395,-69.15099189506822,-164.6283870137678
EP05,396,-63.0193832285336,-158.49677834723317
EP05,397,-70.29545773838524,-165.7728528570848
EP05,398,-73.79391055508535,-169.27130567378492
EP05,399,-76.75353969612286,-172.23093481482243
EP05,400,-70.30742102983498,-165.78481614853456
EP05,401,-61.51338057904616,-156.99077569774573
EP05,402,-64.73486611875609,-160.21226123745566
EP05,403,-77.92765975901793,-173.4050548777175
EP05,404,-76.11200924565199,-171.58940436435157
EP05,405,-64.03362755508951,-159.51102267378909
EP05,406,-54.766444416822,-150.24383953552157
EP05,407,-74.79868154132777,-170.27607666002734
EP05,408,-75.16363814473411,-170.64103326343368
EP05,409,-63.992513208268235,-159.4699083269678
EP05,410,-92.24762463831439,-187.72501975701397
EP05,411,-65.15202178446253,-160.6294169031621
EP05,412,-68.65542709047367,-164.13282220917324
EP05,413,-63.020378942106674,-158.49777406080625
EP05,414,-60.01770679324099,-155.49510191194057
EP05,415,-75.99799148695564,-171.47538660565522
EP05,416,-75.50040173932254,-170.97779685802212
EP05,417,-70.42345642139378,-165.90085154009336
EP05,418,-68.41868146475787,-163.89607658345744
EP05,419,-68.39010910454579,-163.86750422324536
EP05,420,-74.97455214929761,-170.45194726799718
EP05,421,-70.80979407012339,-166.28718918882296
EP05,422,-64.92720225191255,-160.40459737061212
EP05,423,-71.33162061261334,-166.8090157313129
EP05,424,-64.24617077473522,-159.7235658934348
EP05,425,-64.63576918685618,-160.11316430555576
EP05,426,-67.25245683328075,-162.72985195198032
EP05,427,-76.77454815406412,-172.2519432727637
EP05,428,-70.50231905861847,-165.97971417731804
EP05,429,-59.578587507055204,-155.05598262575478
EP05,430,-77.5622122218781,-173.03960734057767
EP05,431,-66.74034290501115,-162.21773802371072
EP05,432,-79.76854689970568,-175.24594201840526
EP05,433,-69.64975153953162,-165.1271466582312
EP05,434,-71.2532590081259,-166.73065412682547
EP05,435,-63.944225631766216,-159.4216207504658
EP05,436,-73.91438660054774,-169.39178171924732
EP05,437,-70.36826290476819,-165.84565802346776
EP05,438,-76.635544329673,-172.11293944837257
EP05,439,-80.18869267206952,-175.6660877907691
EP05,440,-79.2038596747862,-174.68125479348578
EP05,441,-75.644646809096,-171.12204192779558
EP05,442,-46.55927582648468,-142.03667094518426
EP05,443,-78.27841759833123,-173.7558127170308
EP05,444,-72.53728479859839,-168.01467991729797
EP05,445,-69.76184735998459,-165.23924247868416
EP05,446,-55.53732245562824,-151.01471757432782
EP05,447,-62.13866985205672,-157.6160649707563
EP05,448,-64.4570974411206,-159.93449255982017
EP05,449,-63.91342394326557,-159.39081906196515
EP05,450,-53.874553902771936,-149.3519490214715
EP05,451,-62.72028209353519,-158.19767721223477
EP05,452,-70.94486020153144,-166.42225532023102
EP05,453,-72.60747178665525,-168.08486690535483
EP05,454,-72.66993227125303,-168.1473273899526
EP05,455,-71.13650185126374,-166.61389696996332
EP05,456,-66.62032213193453,-162.0977172506341
EP05,457,-75.61958838179132,-171.0969835004909
EP05,458,-75.30268354239877,-170.78007866109834
EP05,459,-45.52023400652118,-140.99762912522075
EP05,460,-76.11823721736309,-171.59563233606266
EP05,461,-83.22367945796884,-178.70107457666842
EP05,462,-66.85788876402614,-162.33528388272572
EP05,463,-69.99862271865871,-165.47601783735828
EP05,464,-81.67101736059465,-177.14841247929422
EP05,465,-76.62645356283272,-172.1038486815323
EP05,466,-61.130659737312556,-156.60805485601213
EP05,467,-71.09960323403519,-166.57699835273476
EP05,468,-70.78950594015043,-166.26690105885
EP05,469,-67.28259936497983,-162.7599944836794
EP05,470,-60.32542890054444,-155.802824019244
EP05,471,-66.06777970708853,-161.5451748257881
EP05,472,-64.8756516865783,-160.35304680527787
EP05,473,-83.9514827459434,-179.42887786464297
EP05,474,-73.33734157846601,-168.81473669716559
EP05,475,-59.19544304697277,-154.67283816567235
EP05,476,-73.30795963233888,-168.78535475103845
EP05,477,-64.93579491366748,-160.41319003236705
EP05,478,-72.84501279486835,-168.32240791356793
EP05,479,-44.19641822910245,-139.67381334780202
EP05,480,-82.3176186446988,-177.79501376339837
EP05,481,-65.90154120271893,-161.3789363214185
EP05,482,-66.84102937812634,-162.3184244968259
EP05,483,-59.9189824395404,-155.39637755823998
EP05,484,-66.9185163959757,-162.39591151467528
EP05,485,-69.08001958594764,-164.55741470464721
EP05,486,-72.04512834193244,-167.52252346063202
EP05,487,-76.85078096042113,-172.3281760791207
EP05,488,-72.28258239773305,-167.75997751643263
EP05,489,-70.30101839415636,-165.77841351285593
EP05,490,-78.64787590907008,-174.12527102776966
EP05,491,-56.28813026741861,-151.76552538611818
EP05,492,-77.99158012087588,-173.46897523957546
EP05,493,-68.82241998698163,-164.2998151056812
EP05,494,-71.06866620250304,-166.54606132120261
EP05,495,-67.53193137408232,-163.0093264927819
EP05,496,-70.341403664599,-165.81879878329858
EP05,497,-63.98114103171309,-159.45853615041267
EP05,498,-74.60624394865098,-170.08363906735056
EP05,499,-62.793480404045084,-158.27087552274466
EP05,500,-72.88821225784406,-168.36560737654364
EP06,1,-57.771190635540876,-153.24858575424045
EP06,2,-54.98314694776752,-150.4605420664671
EP06,3,-42.44362639410866,-137.92102151280824
EP06,4,-54.90189829044954,-150.3792934091491
EP06,5,-57.13932219552882,-152.6167173142284
EP06,6,-44.23913543789175,-139.71653055659132
EP06,7,-32.96561277498009,-128.44300789367966
EP06,8,-43.17007253734084,-138.64746765604042
EP06,9,-46.17974850791029,-141.65714362660987
EP06,10,-42.24040833582305,-137.71780345452262
EP06,11,-53.58682353800083,-149.0642186567004
EP06,12,-34.2445737643219,-129.72196888302147
EP06,13,-56.24766235880446,-151.72505747750404
EP06,14,-55.01028002682747,-150.48767514552705
EP06,15,-43.237480954223344,-138.71487607292292
EP06,16,-45.04283806676898,-140.52023318546856
EP06,17,-47.97500723616298,-143.45240235486256
EP06,18,-36.722124394164354,-132.19951951286393
EP06,19,-54.50374089617128,-149.98113601487086
EP06,20,-57.81167279111054,-153.28906790981011
EP06,21,-40.01692102355031,-135.4943161422499
EP06,22,-41.17485645049743,-136.652251569197
EP06,23,-46.7104071569816,-142.18780227568118
EP06,24,-36.30837924104728,-131.78577435974685
EP06,25,-45.182870684292,-140.66026580299157
EP06,26,-43.28489753165661,-138.7622926503562
EP06,27,-51.1424008189712,-146.61979593767077
EP06,28,-43.741290599878226,-139.2186857185778
EP06,29,-43.04346139096597,-138.52085650966555
EP06,30,-39.670047400104494,-135.14744251880407
EP06,31,-48.439174188279594,-143.91656930697917
EP06,32,-47.178189061745,-142.65558418044458
EP06,33,-51.07382378035388,-146.55121889905345
EP06,34,-61.74496968226018,-157.22236480095975
EP06,35,-61.16781564626501,-156.6452107649646
EP06,36,-48.96727901404378,-144.44467413274336
EP06,37,-42.30331565335504,-137.78071077205462
EP06,38,-45.6713225497337,-141.14871766843328
EP06,39,-46.431100897371806,-141.90849601607138
EP06,40,-48.24150422310072,-143.7188993418003
EP06,41,-31.707327999539444,-127.18472311823902
EP06,42,-34.87899708081838,-130.35639219951796
EP06,43,-54.95745237707871,-150.43484749577829
EP06,44,-42.77384576383298,-138.25124088253256
EP06,45,-57.47780263834349,-152.95519775704307
EP06,46,-47.01796325874909,-142.49535837744867
EP06,47,-47.87272356674967,-143.35011868544925
EP06,48,-34.62871163412021,-130.10610675281978
EP06,49,-47.591582284878996,-143.06897740357857
EP06,50,-44.899140769563104,-140.37653588826268
EP06,51,-44.43006727365753,-139.9074623923571
EP06,52,-47.91305367823594,-143.39044879693552
EP06,53,-44.936795255861455,-140.41419037456103
EP06,54,-42.79424511067256,-138.27164022937214
EP06,55,-55.25708455810937,-150.73447967680895
EP06,56,-55.933776914592016,-151.4111720332916
EP06,57,-49.318941354107324,-144.7963364728069
EP06,58,-35.59220622881094,-131.0696013475105
EP06,59,-51.74698531976844,-147.22438043846802
EP06,60,-32.22475255743842,-127.702147676138
EP06,61,-33.76389539562561,-129.2412905143252
EP06,62,-39.881139295443575,-135.35853441414315
EP06,63,-55.89443619543843,-151.371831314138
EP06,64,-51.86927081863533,-147.3466659373349
EP06,65,-52.95686413122539,-148.43425924992496
EP06,66,-58.276941680184564,-153.75433679888414
EP06,67,-36.133793333270006,-131.61118845196958
EP06,68,-36.857492544562945,-132.33488766326252
EP06,69,-47.63556222992423,-143.1129573486238
EP06,70,-41.147810056680584,-136.62520517538016
EP06,71,-56.724981464021994,-152.20237658272157
EP06,72,-44.06655552928123,-139.5439506479808
EP06,73,-48.15428993742279,-143.63168505612236
EP06,74,-53.00804366537932,-148.4854387840789
EP06,75,-41.78842298801047,-137.26581810671004
EP06,76,-43.207671935215615,-138.6850670539152
EP06,77,-59.028244481514946,-154.50563960021452
EP06,78,-59.66770850386803,-155.1451036225676
EP06,79,-50.53215316544754,-146.00954828414712
EP06,80,-56.17264296811274,-151.65003808681232
EP06,81,-48.24906864479729,-143.72646376349687
EP06,82,-39.54677879421135,-135.02417391291092
EP06,83,-52.91075465222693,-148.3881497709265
EP06,84,-47.85635082018425,-143.33374593888382
EP06,85,-39.01653031373101,-134.4939254324306
EP06,86,-44.83267172976221,-140.3100668484618
EP06,87,-60.37468470889445,-155.85207982759403
EP06,88,-41.007901193220476,-136.48529631192005
EP06,89,-53.54943259164048,-149.02682771034006
EP06,90,-52.93378696630822,-148.4111820850078
EP06,91,-46.47015962708804,-141.9475547457876
EP06,92,-49.98425799724578,-145.46165311594535
EP06,93,-62.00142571419758,-157.47882083289716
EP06,94,-53.18558373824999,-148.66297885694956
EP06,95,-43.52789659317503,-139.0052917118746
EP06,96,-41.253473633026886,-136.73086875172646
EP06,97,-40.51453034843087,-135.99192546713044
EP06,98,-32.64072135862165,-128.11811647732122
EP06,99,-37.36989771715736,-132.84729283585693
EP06,100,-43.186630390579666,-138.66402550927924
EP06,101,-42.04460077376055,-137.52199589246013
EP06,102,-48.00645553813524,-143.48385065683482
EP06,103,-67.8360239433286,-163.31341906202817
EP06,104,-47.16948277321259,-142.64687789191217
EP06,105,-47.303481288548596,-142.78087640724817
EP06,106,-40.22456041983662,-135.7019555385362
EP06,107,-48.18811971414053,-143.6655148328401
EP06,108,-47.430298735108295,-142.90769385380787
EP06,109,-38.658677422551875,-134.13607254125145
EP06,110,-31.83407369865695,-127.31146881735653
EP06,111,-45.7417757730413,-141.21917089174087
EP06,112,-47.17526845278249,-142.65266357148207
EP06,113,-51.47327215280535,-146.95066727150493
EP06,114,-50.38590309902861,-145.8632982177282
EP06,115,-44.82383904096278,-140.30123415966236
EP06,116,-49.213562055388024,-144.6909571740876
EP06,117,-42.82971579330081,-138.30711091200038
EP06,118,-44.3767168370338,-139.85411195573337
EP06,119,-45.3614529916338,-140.83884811033337
EP06,120,-45.739460204283205,-141.21685532298278
EP06,121,-49.12770332764924,-144.60509844634882
EP06,122,-54.64335320361084,-150.12074832231042
EP06,123,-50.807689765625696,-146.28508488432527
EP06,124,-45.471280467432024,-140.9486755861316
EP06,125,-51.22075780728687,-146.69815292598645
EP06,126,-53.92716432190454,-149.40455944060412
EP06,127,-58.87306038546777,-154.35045550416734
EP06,128,-54.75203082453686,-150.22942594323644
EP06,129,-47.788742667847515,-143.2661377865471
EP06,130,-55.82370998106447,-151.30110509976404
EP06,131,-22.292406446270547,-117.76980156497012
EP06,132,-45.440320541189436,-140.917715659889
EP06,133,-57.05853884260068,-152.53593396130026
EP06,134,-42.92151458985265,-138.39890970855222
EP06,135,-44.947597882971394,-140.42499300167097
EP06,136,-57.983592820184185,-153.46098793888376
EP06,137,-40.5013142387626,-135.97870935746218
EP06,138,-47.1707020818302,-142.64809720052978
EP06,139,-53.68609510877312,-149.1634902274727
EP06,140,-52.68422173468724,-148.16161685338682
EP06,141,-50.65015692464806,-146.12755204334763
EP06,142,-52.71287797006474,-148.19027308876431
EP06,143,-57.19899308330619,-152.67638820200577
EP06,144,-44.792542483795614,-140.2699376024952
EP06,145,-53.015778225627656,-148.49317334432723
EP06,146,-56.273685651598356,-151.75108077029793
EP06,147,-46.25688464104894,-141.73427975974852
EP06,148,-49.58095584246624,-145.05835096116581
EP06,149,-50.93239643795118,-146.40979155665076
EP06,150,-43.03935914830768,-138.51675426700726
EP06,151,-44.345289891408584,-139.82268501010816
EP06,152,-41.62126507437654,-137.0986601930761
EP06,153,-61.081077706896735,-156.5584728255963
EP06,154,-40.72297740628886,-136.20037252498844
EP06,155,-60.89373348858902,-156.3711286072886
EP06,156,-51.63283498679684,-147.1102301054964
EP06,157,-52.10244899141105,-147.57984411011063
EP06,158,-57.29927767200317,-152.77667279070275
EP06,159,-22.481899389275554,-117.95929450797513
EP06,160,-51.048310945806406,-146.52570606450598
EP06,161,-40.97811542484243,-136.455510543542
EP06,162,-52.7831817234445,-148.26057684214408
EP06,163,-44.65697931554212,-140.1343744342417
EP06,164,-45.230042174720126,-140.7074372934197
EP06,165,-44.28028436383403,-139.7576794825336
EP06,166,-41.20814434246023,-136.6855394611598
EP06,167,-61.18549780328928,-156.66289292198886
EP06,168,-54.897521614006195,-150.37491673270577
EP06,169,-38.71030288230915,-134.18769800100873
EP06,170,-46.02358781753446,-141.50098293623404
EP06,171,-48.415470528578226,-143.8928656472778
EP06,172,-52.70709777791126,-148.18449289661083
EP06,173,-41.08120463943169,-136.55859975813127
EP06,174,-47.17881052658538,-142.65620564528496
EP06,175,-55.044222062203346,-150.52161718090292
EP06,176,-50.77467300015488,-146.25206811885445
EP06,177,-48.77802016274046,-144.25541528144004
EP06,178,-47.74194148066982,-143.2193365993694
EP06,179,-55.726443168969666,-151.20383828766924
EP06,180,-42.539988949153866,-138.01738406785344
EP06,181,-56.505096714729916,-151.9824918334295
EP06,182,-41.89010790898885,-137.36750302768843
EP06,183,-38.70472794271032,-134.1821230614099
EP06,184,-31.78061224308729,-127.25800736178687
EP06,185,-37.24635952780403,-132.7237546465036
EP06,186,-58.36719868597214,-153.84459380467172
EP06,187,-52.80128007878133,-148.2786751974809
EP06,188,-40.129825782423694,-135.60722090112327
EP06,189,-56.12060169364321,-151.59799681234279
EP06,190,-36.153052582001834,-131.6304477007014
EP06,191,-33.71430356198755,-129.19169868068713
EP06,192,-42.74676315414911,-138.22415827284868
EP06,193,-62.30335394771549,-157.78074906641507
EP06,194,-47.26403814645812,-142.7414332651577
EP06,195,-44.562299230483006,-140.03969434918258
EP06,196,-44.33694292039601,-139.8143380390956
EP06,197,-51.88955360726243,-147.366948725962
EP06,198,-49.92406528551351,-145.40146040421308
EP06,199,-53.92107058955625,-149.39846570825583
EP06,200,-44.44948875082318,-139.92688386952275
EP06,201,-35.712071518709934,-131.1894666374095
EP06,202,-22.449646627145796,-117.92704174584537
EP06,203,-39.36000238816578,-134.83739750686536
EP06,204,-39.72404241221088,-135.20143753091045
EP06,205,-52.4881467330423,-147.96554185174188
EP06,206,-51.93747723897354,-147.41487235767312
EP06,207,-46.18244644565408,-141.65984156435366
EP06,208,-53.35971393758879,-148.83710905628837
EP06,209,-49.766696639815024,-145.2440917585146
EP06,210,-34.50510120581691,-129.9824963245165
EP06,211,-45.74197178979381,-141.21936690849338
EP06,212,-41.40867508488844,-136.88607020358802
EP06,213,-41.2775309667646,-136.75492608546418
EP06,214,-69.33370779571058,-164.81110291441016
EP06,215,-43.76042044604759,-139.23781556474717
EP06,216,-24.731459459658225,-120.2088545783578
EP06,217,-55.759504705471585,-151.23689982417116
EP06,218,-43.39711016735782,-138.8745052860574
EP06,219,-42.390477477142326,-137.8678725958419
EP06,220,-40.52041452880988,-135.99780964750946
EP06,221,-36.96916760920743,-132.446562727907
EP06,222,-35.929350822461686,-131.40674594116126
EP06,223,-46.45662415982375,-141.93401927852332
EP06,224,-53.69405292188921,-149.17144804058879
EP06,225,-24.811139751874833,-120.28853487057441
EP06,226,-49.68924733769464,-145.16664245639421
EP06,227,-51.62365234963042,-147.10104746833
EP06,228,-56.6931086076323,-152.17050372633187
EP06,229,-24.33476191498248,-119.81215703368206
EP06,230,-49.63574750448058,-145.11314262318015
EP06,231,-42.70819224394833,-138.1855873626479
EP06,232,-33.01438528122563,-128.4917803999252
EP06,233,-51.48569155491907,-146.96308667361865
EP06,234,-47.846161728563914,-143.3235568472635
EP06,235,-55.36584021089547,-150.84323532959505
EP06,236,-30.963131791955817,-126.4405269106554
EP06,237,-51.39568061388832,-146.8730757325879
EP06,238,-45.78826079891556,-141.26565591761513
EP06,239,-49.39275436708786,-144.87014948578744
EP06,240,-40.26533830481529,-135.74273342351486
EP06,241,-40.505463864086465,-135.98285898278604
EP06,242,-39.68621866432588,-135.16361378302545
EP06,243,-45.548568527720136,-141.0259636464197
EP06,244,-54.750138751287636,-150.2275338699872
EP06,245,-46.690046461609086,-142.16744158030866
EP06,246,-51.95794821598267,-147.43534333468224
EP06,247,-55.925849597140314,-151.4032447158399
EP06,248,-46.53201866303564,-142.00941378173522
EP06,249,-50.773958384905285,-146.25135350360486
EP06,250,-44.44491604138898,-139.92231116008855
EP06,251,-53.210152075817916,-148.6875471945175
EP06,252,-48.43396917815741,-143.911364296857
EP06,253,-50.609135524180715,-146.0865306428803
EP06,254,-48.331227096883765,-143.80862221558334
EP06,255,-50.932206810653355,-146.40960192935293
EP06,256,-42.38996793569237,-137.86736305439194
EP06,257,-33.1246061794418,-128.60200129814137
EP06,258,-59.78050489263069,-155.25790001133026
EP06,259,-34.198059031994234,-129.6754541506938
EP06,260,-50.652977781994906,-146.13037290069448
EP06,261,-52.71909634682112,-148.1964914655207
EP06,262,-48.544633037246285,-144.02202815594586
EP06,263,-48.37728567669589,-143.85468079539547
EP06,264,-45.62246611158949,-141.09986123028906
EP06,265,-43.44242881825946,-138.91982393695903
EP06,266,-53.18491546098892,-148.6623105796885
EP06,267,-46.223666169565774,-141.70106128826535
EP06,268,-47.75233831927005,-143.22973343796963
EP06,269,-62.55015330595964,-158.02754842465922
EP06,270,-41.65096363712186,-137.12835875582144
EP06,271,-49.25016945536552,-144.7275645740651
EP06,272,-49.12416239035832,-144.6015575090579
EP06,273,-53.29836155082279,-148.77575666952237
EP06,274,-39.23276797014407,-134.71016308884364
EP06,275,-39.95694065219067,-135.43433577089024
EP06,276,-30.15106600406125,-125.62846112276083
EP06,277,-52.655502657066904,-148.13289777576648
EP06,278,-51.375301223399305,-146.85269634209888
EP06,279,-54.45656224690981,-149.9339573656094
EP06,280,-49.02780118728111,-144.5051963059807
EP06,281,-45.648471327967854,-141.12586644666743
EP06,282,-66.36924441297177,-161.84663953167134
EP06,283,-61.535857952067204,-157.01325307076678
EP06,284,-40.28478603027489,-135.76218114897446
EP06,285,-34.3381680834793,-129.81556320217888
EP06,286,-54.50964858055829,-149.98704369925787
EP06,287,-56.972866874365394,-152.45026199306497
EP06,288,-45.62012160302439,-141.09751672172396
EP06,289,-41.48443548966415,-136.96183060836373
EP06,290,-56.8905651577343,-152.36796027643388
EP06,291,-41.70921387555185,-137.18660899425143
EP06,292,-49.74176910405191,-145.2191642227515
EP06,293,-43.50670065954955,-138.98409577824913
EP06,294,-47.91938161566131,-143.39677673436088
EP06,295,-52.68724716801435,-148.16464228671393
EP06,296,-46.180410945941446,-141.65780606464102
EP06,297,-40.544293413472104,-136.02168853217168
EP06,298,-41.76563975628267,-137.24303487498224
EP06,299,-43.57054030570447,-139.04793542440405
EP06,300,-54.387961482406354,-149.86535660110593
EP06,301,-32.66284300261947,-128.14023812131904
EP06,302,-45.036469071718074,-140.51386419041765
EP06,303,-46.066351340195496,-141.54374645889507
EP06,304,-49.79842271910118,-145.27581783780076
EP06,305,-52.227869030096656,-147.70526414879623
EP06,306,-43.99276144619989,-139.47015656489947
EP06,307,-48.838774735538465,-144.31616985423804
EP06,308,-56.146573451621634,-151.6239685703212
EP06,309,-43.55006981800392,-139.0274649367035
EP06,310,-51.27665056117664,-146.7540456798762
EP06,311,-48.89845853930959,-144.37585365800916
EP06,312,-45.67260360808953,-141.1499987267891
EP06,313,-40.438020417985115,-135.9154155366847
EP06,314,-50.52355052124858,-146.00094563994816
EP06,315,-21.559156963689077,-117.03655208238865
EP06,316,-33.17190830998939,-128.64930342868897
EP06,317,-55.11399901810188,-150.59139413680145
EP06,318,-50.134640862611604,-145.61203598131118
EP06,319,-36.89822336003371,-132.3756184787333
EP06,320,-25.852244128327058,-121.32963924702663
EP06,321,-48.03716717327302,-143.5145622919726
EP06,322,-53.59070269103137,-149.06809780973094
EP06,323,-33.627551222786735,-129.1049463414863
EP06,324,-42.570815097320974,-138.04821021602055
EP06,325,-49.019057044218755,-144.49645216291833
EP06,326,-24.06394720355715,-119.54134232225672
EP06,327,-50.802024109052525,-146.2794192277521
EP06,328,-45.51211395820761,-140.98950907690718
EP06,329,-52.86816385958667,-148.34555897828625
EP06,330,-58.68519039051375,-154.16258550921333
EP06,331,-45.63687889804194,-141.11427401674152
EP06,332,-61.7875299184727,-157.26492503717228
EP06,333,-54.35255903320564,-149.8299541519052
EP06,334,-40.28833081534469,-135.76572593404427
EP06,335,-50.12409418846448,-145.60148930716406
EP06,336,-57.51191921820191,-152.9893143369015
EP06,337,-58.523372144953385,-154.00076726365296
EP06,338,-50.287247095345464,-145.76464221404504
EP06,339,-41.45942919562091,-136.9368243143205
EP06,340,-36.36377925854083,-131.8411743772404
EP06,341,-35.40325662031387,-130.88065173901344
EP06,342,-51.27060049926823,-146.7479956179678
EP06,343,-22.674717259676157,-118.15211237837573
EP06,344,-41.25271256756079,-136.73010768626037
EP06,345,-51.48064253493163,-146.9580376536312
EP06,346,-58.3841426812408,-153.86153779994038
EP06,347,-35.592619725184875,-131.07001484388445
EP06,348,-52.798996827681634,-148.2763919463812
EP06,349,-50.628083014415864,-146.10547813311544
EP06,350,-59.52951922908878,-155.00691434778835
EP06,351,-50.431407675939,-145.90880279463858
EP06,352,-35.370948349501845,-130.84834346820142
EP06,353,-33.74953713411787,-129.22693225281745
EP06,354,-41.54984637136431,-137.0272414900639
EP06,355,-56.044402107043396,-151.52179722574297
EP06,356,-80.58553249861322,-176.0629276173128
EP06,357,-52.72478664679522,-148.2021817654948
EP06,358,-33.13140247838683,-128.6087975970864
EP06,359,-32.962703940358466,-128.44009905905804
EP06,360,-47.025441424946024,-142.5028365436456
EP06,361,-42.412063144621925,-137.8894582633215
EP06,362,-53.086564193850904,-148.56395931255048
EP06,363,-51.5631360211143,-147.04053113981388
EP06,364,-56.74925793688041,-152.22665305558
EP06,365,-43.01946480920208,-138.49685992790165
EP06,366,-45.25351638607188,-140.73091150477146
EP06,367,-56.58894122933606,-152.06633634803563
EP06,368,-43.402020028859624,-138.8794151475592
EP06,369,-45.40618922804052,-140.8835843467401
EP06,370,-32.76932152037679,-128.24671663907637
EP06,371,-56.628392714194604,-152.10578783289418
EP06,372,-41.054438426433734,-136.5318335451333
EP06,373,-55.21795605374106,-150.69535117244064
EP06,374,-41.88806561719426,-137.36546073589383
EP06,375,-45.27721860747204,-140.7546137261716
EP06,376,-52.04294739364238,-147.52034251234195
EP06,377,-50.25323859803919,-145.73063371673877
EP06,378,-45.565288217526074,-141.04268333622565
EP06,379,-49.93466079124207,-145.41205590994164
EP06,380,-51.623693978671696,-147.10108909737127
EP06,381,-38.73053900280348,-134.20793412150306
EP06,382,-47.48937718131961,-142.9667723000192
EP06,383,-44.817483308001414,-140.294878426701
EP06,384,-52.156961784761904,-147.63435690346148
EP06,385,-37.232484165851474,-132.70987928455105
EP06,386,-28.74443267595734,-124.22182779465692
EP06,387,-26.288486777542715,-121.76588189624229
EP06,388,-39.60116852997601,-135.07856364867558
EP06,389,-50.90240363339916,-146.37979875209874
EP06,390,-47.14327804029247,-142.62067315899205
EP06,391,-49.066697014532934,-144.5440921332325
EP06,392,-32.51649875171343,-127.993893870413
EP06,393,-47.03345647096481,-142.51085158966438
EP06,394,-55.5335126587284,-151.01090777742797
EP06,395,-34.183521302328955,-129.66091642102853
EP06,396,-46.0288733665455,-141.50626848524507
EP06,397,-49.018406105338386,-144.49580122403796
EP06,398,-48.19915654316799,-143.67655166186756
EP06,399,-45.163030723484326,-140.6404258421839
EP06,400,-54.260396614573665,-149.73779173327324
EP06,401,-54.58140247462978,-150.05879759332936
EP06,402,-52.264028197913944,-147.74142331661352
EP06,403,-52.906392412363516,-148.3837875310631
EP06,404,-50.67750889275547,-146.15490401145505
EP06,405,-33.93591719615068,-129.41331231485026
EP06,406,-61.510150888739446,-156.98754600743902
EP06,407,-49.276404274258084,-144.75379939295766
EP06,408,-51.263482110572426,-146.740877229272
EP06,409,-61.157190925711234,-156.6345860444108
EP06,410,-61.53186167587978,-157.00925679457936
EP06,411,-42.655663728277005,-138.13305884697658
EP06,412,-46.231412782592514,-141.7088079012921
EP06,413,-52.58729696958258,-148.06469208828216
EP06,414,-44.83900817118089,-140.31640328988047
EP06,415,-55.93660269390881,-151.4139978126084
EP06,416,-39.495625508692825,-134.9730206273924
EP06,417,-44.073182003139806,-139.55057712183938
EP06,418,-41.40612041001228,-136.88351552871185
EP06,419,-41.884123474359455,-137.36151859305903
EP06,420,-48.69829734873335,-144.17569246743292
EP06,421,-64.16208128088323,-159.6394763995828
EP06,422,-44.937588244332034,-140.4149833630316
EP06,423,-67.56806382407805,-163.04545894277763
EP06,424,-45.620480651510206,-141.09787577020978
EP06,425,-34.190497989120416,-129.66789310782
EP06,426,-46.87469327606735,-142.35208839476692
EP06,427,-51.66616472537052,-147.1435598440701
EP06,428,-49.61770831838919,-145.09510343708877
EP06,429,-55.147841153449036,-150.6252362721486
EP06,430,-57.31604997222192,-152.7934450909215
EP06,431,-34.581254444797366,-130.05864956349694
EP06,432,-40.634645951650214,-136.1120410703498
EP06,433,-23.424191829629464,-118.90158694832904
EP06,434,-23.053370830157206,-118.53076594885678
EP06,435,-57.067977148594395,-152.54537226729397
EP06,436,-37.206186294069425,-132.683581412769
EP06,437,-38.58196257016044,-134.05935768886002
EP06,438,-44.05966884745314,-139.53706396615272
EP06,439,-40.137727136213186,-135.61512225491276
EP06,440,-60.48942079810371,-155.96681591680328
EP06,441,-23.51622800792076,-118.99362312662034
EP06,442,-46.188840586240985,-141.66623570494056
EP06,443,-55.182476123613384,-150.65987124231296
EP06,444,-52.55266964908333,-148.0300647677829
EP06,445,-24.72949925988098,-120.20689437858056
EP06,446,-51.72338632116907,-147.20078143986865
EP06,447,-42.467184756781364,-137.94457987548094
EP06,448,-45.0707117546163,-140.54810687331587
EP06,449,-47.09778729639561,-142.57518241509518
EP06,450,-46.6341241984224,-142.11151931712197
EP06,451,-58.14923065288687,-153.62662577158645
EP06,452,-72.44226412609893,-167.9196592447985
EP06,453,-45.07821004281075,-140.55560516151033
EP06,454,-54.15239276119081,-149.6297878798904
EP06,455,-48.63157134496848,-144.10896646366805
EP06,456,-50.170026282693215,-145.6474214013928
EP06,457,-34.44419260082708,-129.92158771952666
EP06,458,-53.20164059741907,-148.67903571611865
EP06,459,-54.40168071164544,-149.87907583034502
EP06,460,-37.491202501891195,-132.96859762059077
EP06,461,-48.85268832048976,-144.33008343918934
EP06,462,-25.437496206192122,-120.9148913248917
EP06,463,-47.33712223714733,-142.8145173558469
EP06,464,-43.22008790835022,-138.6974830270498
EP06,465,-52.524327672532905,-148.00172279123248
EP06,466,-48.42579030837558,-143.90318542707516
EP06,467,-51.491602518662745,-146.96899763736232
EP06,468,-24.619943330409768,-120.09733844910934
EP06,469,-50.21957305846942,-145.696968177169
EP06,470,-41.33357060490425,-136.81096572360383
EP06,471,-39.75144218425379,-135.22883730295337
EP06,472,-43.46209573974497,-138.93949085844454
EP06,473,-41.99685008006534,-137.47424519876492
EP06,474,-41.47455892786098,-136.95195404656056
EP06,475,-49.82045625658171,-145.29785137528128
EP06,476,-35.21233190688264,-130.68972702558221
EP06,477,-48.295656938548035,-143.7730520572476
EP06,478,-38.3205339960073,-133.79792911470687
EP06,479,-46.62060998244769,-142.09800510114727
EP06,480,-59.484832643496986,-154.96222776219656
EP06,481,-41.10990094590545,-136.58729606460503
EP06,482,-22.6076915547512,-118.08508667345077
EP06,483,-56.03563688773954,-151.51303200643912
EP06,484,-44.37959562227587,-139.85699074097545
EP06,485,-34.38045235557874,-129.85784747427832
EP06,486,-43.84670099493454,-139.3240961136341
EP06,487,-23.470164140759934,-118.94755925945951
EP06,488,-56.5438044482317,-152.02119956693127
EP06,489,-49.66032381109528,-145.13771892979486
EP06,490,-33.58095168943362,-129.0583468081332
EP06,491,-38.999917494066466,-134.47731261276604
EP06,492,-47.363525862150766,-142.84092098085034
EP06,493,-34.703239338934,-130.18063445763357
EP06,494,-49.613146261159756,-145.09054137985933
EP06,495,-45.51272364770651,-140.99011876640608
EP06,496,-49.02622565348,-144.50362077217957
EP06,497,-38.33222805299221,-133.80962317169178
EP06,498,-56.82111640037101,-152.2985115190706
EP06,499,-30.677288979335984,-126.15468409803556
EP06,500,-31.20977732735483,-126.6871724460544
EP07,1,-55.408368375379695,-150.88576349407927
EP07,2,-50.0185388632313,-145.49593398193088
EP07,3,-63.37915514176339,-158.85655026046297
EP07,4,-47.62562917750492,-143.1030242962045
EP07,5,-67.1004016514579,-162.57779677015748
EP07,6,-60.58564318221249,-156.06303830091207
EP07,7,-74.22296461829643,-169.700359736996
EP07,8,-48.23909204855869,-143.71648716725826
EP07,9,-56.29597106237409,-151.77336618107367
EP07,10,-45.85143930844424,-141.32883442714382
EP07,11,-79.4157675904919,-174.89316270919147
EP07,12,-64.12441591447848,-159.60181103317805
EP07,13,-46.31230231918801,-141.78969743788758
EP07,14,-54.285496583943115,-149.7628917026427
EP07,15,-55.06782015559233,-150.5452152742919
EP07,16,-69.99881600431121,-165.47621112301078
EP07,17,-44.75331735373911,-140.23071247243868
EP07,18,-53.25337401916033,-148.7307691378599
EP07,19,-56.05559789479972,-151.5329930134993
EP07,20,-52.85798093174421,-148.33537605044378
EP07,21,-58.944391526755396,-154.42178664545497
EP07,22,-53.25721931788095,-148.73461443658053
EP07,23,-44.28126128814259,-139.75865640684216
EP07,24,-49.87844208120359,-145.35583719990316
EP07,25,-51.961557237733246,-147.43895235643282
EP07,26,-68.2286519136122,-163.70604703231177
EP07,27,-58.758258517283224,-154.2356536359828
EP07,28,-52.635299623235596,-148.11269474193517
EP07,29,-72.35677678021312,-167.8341718989127
EP07,30,-59.81215939904931,-155.28955451774888
EP07,31,-58.0423327360528,-153.51972785475238
EP07,32,-52.46775734327721,-147.9451524619768
EP07,33,-62.96157147943805,-158.43896659813763
EP07,34,-70.30581189212486,-165.78320701082444
EP07,35,-66.89896033691184,-162.37635545561142
EP07,36,-69.17148812940763,-164.6488832481072
EP07,37,-63.408227048616254,-158.88562216731583
EP07,38,-67.35546283035325,-162.83285794905282
EP07,39,-67.96293743209623,-163.4403325507958
EP07,40,-70.52537721707787,-166.00277233577745
EP07,41,-67.24655018882234,-162.72394530752192
EP07,42,-68.37350356550371,-163.8508986842033
EP07,43,-46.990832438787606,-142.46822755748718
EP07,44,-67.85164616432053,-163.3290412830201
EP07,45,-56.51555130609847,-151.99294642479805
EP07,46,-59.48366173405435,-154.96105685275393
EP07,47,-55.740481842506796,-151.21787696120637
EP07,48,-44.906270548134785,-140.38366566683436
EP07,49,-66.94835862920928,-162.42575374790886
EP07,50,-61.84677321514508,-157.32416833384465
EP07,51,-55.70688319748896,-151.18427831618854
EP07,52,-56.25062290345841,-151.72801802215798
EP07,53,-51.301100456363116,-146.7784955750627
EP07,54,-57.355225409443875,-152.83262052814345
EP07,55,-51.906483159308806,-147.38387827800838
EP07,56,-74.51961461644555,-169.99700973514513
EP07,57,-68.3392448465271,-163.81663996522667
EP07,58,-45.331045104212336,-140.8084402229119
EP07,59,-59.11609481776199,-154.59348993646157
EP07,60,-62.00718352369054,-157.48457864239012
EP07,61,-47.146332733285135,-142.6237278519847
EP07,62,-62.628519162650974,-158.10591428135055
EP07,63,-54.95625263753726,-150.43364775623684
EP07,64,-51.86695769666693,-147.3443528153665
EP07,65,-68.04190456867661,-163.5192996873762
EP07,66,-79.88150365271909,-175.35889877141867
EP07,67,-61.40503314257978,-156.88242826127936
EP07,68,-63.7069079949236,-159.18430311362317
EP07,69,-78.03514715921494,-173.51254227791452
EP07,70,-61.084185164437145,-156.56158028313672
EP07,71,-73.22114026028137,-168.69853537898095
EP07,72,-58.040528363753225,-153.5179234824528
EP07,73,-58.37529448106818,-153.85268959976776
EP07,74,-47.66898632263266,-143.14638144133224
EP07,75,-69.42626355314559,-164.90365867184516
EP07,76,-53.427828098687286,-148.90522321738686
EP07,77,-71.78428922969289,-167.26168434839246
EP07,78,-64.60803014813368,-160.08542526683325
EP07,79,-79.78281404854727,-175.26020916724684
EP07,80,-53.46743927203789,-148.94483439073747
EP07,81,-63.28658729394712,-158.7639824126467
EP07,82,-53.265692639715525,-148.7430877584151
EP07,83,-59.0908088318659,-154.56820395056548
EP07,84,-70.80487151954762,-166.2822666382472
EP07,85,-62.45609796528035,-157.93349308397993
EP07,86,-59.312798133235304,-154.79019325193488
EP07,87,-53.48246570229111,-148.95986082099068
EP07,88,-49.77644000922831,-145.25383512792789
EP07,89,-66.52300514157247,-162.00040026027204
EP07,90,-51.832537327855675,-147.30993244655525
EP07,91,-49.04953354937933,-144.5269286680789
EP07,92,-62.426063417548164,-157.90345853624774
EP07,93,-59.95828140567352,-155.4356765243731
EP07,94,-55.357906921035266,-150.83530203973484
EP07,95,-71.39391173650364,-166.87130685520322
EP07,96,-61.42597812652244,-156.903373245222
EP07,97,-64.23155954807115,-159.70895466677072
EP07,98,-60.19631406114604,-155.67370917984562
EP07,99,-44.5637989150018,-140.04119403370137
EP07,100,-57.50260426847777,-152.97999938717734
EP07,101,-66.76234392128316,-162.23973903998274
EP07,102,-72.87327579232453,-168.3506709110241
EP07,103,-75.47081655043664,-170.9482116691362
EP07,104,-60.67083039151686,-156.14822551021643
EP07,105,-54.21265467925022,-149.6900497979498
EP07,106,-71.42119063246474,-166.89858575116432
EP07,107,-68.01234497526372,-163.4897400939633
EP07,108,-64.28497460949103,-159.7623697281906
EP07,109,-63.009993501877744,-158.48738862057732
EP07,110,-57.55707758265916,-153.03447270135874
EP07,111,-76.28535501914956,-171.76275013784914
EP07,112,-77.51352956700947,-172.99092468570905
EP07,113,-65.86596789789658,-161.34336301659616
EP07,114,-48.526936015761294,-144.00433113446087
EP07,115,-50.18684008995794,-145.66423520865752
EP07,116,-53.432421950220714,-148.9098170689203
EP07,117,-61.62819570467883,-157.1055908233784
EP07,118,-59.68703187370494,-155.16442699240451
EP07,119,-69.27478137432536,-164.75217649302493
EP07,120,-49.101391537881625,-144.5787866565812
EP07,121,-58.41546909034059,-153.89286420904017
EP07,122,-65.01818835614029,-160.49558347483986
EP07,123,-64.22554181476525,-159.70293693346483
EP07,124,-54.935844831783896,-150.41323995048347
EP07,125,-52.879027103203185,-148.35642222190276
EP07,126,-70.36420718418509,-165.84160230288467
EP07,127,-72.62777372475415,-168.10516884345373
EP07,128,-53.60227930956006,-149.07967442825964
EP07,129,-49.49817344176546,-144.97556856046504
EP07,130,-73.2458185338094,-168.72321365250897
EP07,131,-44.78231334988914,-140.2597084685887
EP07,132,-58.333853471732425,-153.811248590432
EP07,133,-52.74343050747797,-148.22082562617754
EP07,134,-47.716161921209334,-143.1935570399089
EP07,135,-56.53399979742804,-152.0113949161276
EP07,136,-81.28145463201082,-176.7588497507104
EP07,137,-58.147160948079375,-153.62455606677895
EP07,138,-67.459356578435,-162.93675169713458
EP07,139,-56.96281028622579,-152.44020540492536
EP07,140,-44.05175923347332,-139.5291543521729
EP07,141,-74.56898553659641,-170.046380655296
EP07,142,-60.000991189989634,-155.4783863086892
EP07,143,-62.651732625891384,-158.12912774459096
EP07,144,-59.70248891428116,-155.17988403298074
EP07,145,-55.44885296800453,-150.9262480867041
EP07,146,-58.78590881651911,-154.2633039352187
EP07,147,-53.05601128222844,-148.53340640092802
EP07,148,-53.02783269557568,-148.50522781427526
EP07,149,-66.45603835485903,-161.9334334735586
EP07,150,-70.67520648483688,-166.15260160353645
EP07,151,-60.786151958611185,-156.26354707731076
EP07,152,-63.98158657773132,-159.4589816964309
EP07,153,-56.0850887288085,-151.56248384750808
EP07,154,-68.32143247802978,-163.79882759672935
EP07,155,-59.211277995775134,-154.6886731144747
EP07,156,-54.58060231559594,-150.05799743429552
EP07,157,-70.60825180182283,-166.0856469205224
EP07,158,-53.97381952345077,-149.45121464215035
EP07,159,-73.73899756968285,-169.21639268838243
EP07,160,-68.76410777015045,-164.24150288885002
EP07,161,-45.67840800603409,-141.15580312473367
EP07,162,-73.56036529697133,-169.0377604156709
EP07,163,-65.98594580130367,-161.46334092000325
EP07,164,-72.68993083946589,-168.16732595816546
EP07,165,-55.813067273758065,-151.29046239245764
EP07,166,-57.647131135966845,-153.12452625466642
EP07,167,-73.14044585019832,-168.6178409688979
EP07,168,-67.26469202026132,-162.7420871389609
EP07,169,-67.09146968661668,-162.56886480531625
EP07,170,-67.7863925478556,-163.26378766655517
EP07,171,-55.35641942276118,-150.83381454146075
EP07,172,-75.58747424829397,-171.06486936699355
EP07,173,-55.82460737973949,-151.30200249843907
EP07,174,-76.54073698142176,-172.01813210012133
EP07,175,-87.41477326090393,-182.8921683796035
EP07,176,-54.76255693983745,-150.23995205853703
EP07,177,-78.11264526109332,-173.5900403797929
EP07,178,-80.1689818820534,-175.64637700075298
EP07,179,-55.95943887584889,-151.43683399454846
EP07,180,-47.08184413872809,-142.55923925742766
EP07,181,-43.46289747967086,-138.94029259837043
EP07,182,-71.3805084142358,-166.85790353293538
EP07,183,-58.04718612275974,-153.52458124145932
EP07,184,-53.2851041800067,-148.76249929870627
EP07,185,-61.263624654003564,-156.74101977270314
EP07,186,-67.3722619139898,-162.84965703268938
EP07,187,-55.929042348577724,-151.4064374672773
EP07,188,-59.53060961562076,-155.00800473432034
EP07,189,-51.79096113071205,-147.26835624941162
EP07,190,-52.8695906220002,-148.34698574069978
EP07,191,-57.41623226058957,-152.89362737928914
EP07,192,-51.94365920116002,-147.4210543198596
EP07,193,-47.625070559262014,-143.1024656779616
EP07,194,-66.02936887144287,-161.50676399014245
EP07,195,-62.81598411962875,-158.29337923832833
EP07,196,-43.21746237022734,-138.6948574889269
EP07,197,-78.01265483142987,-173.49004995012945
EP07,198,-59.50244957026695,-154.97984468896652
EP07,199,-62.46822549703995,-157.94562061573953
EP07,200,-54.74679218248144,-150.22418730118102
EP07,201,-63.93019418352654,-159.4075893022261
EP07,202,-68.20255121322535,-163.67994633192492
EP07,203,-69.22188309233377,-164.69927821103335
EP07,204,-78.87153140465978,-174.34892652335935
EP07,205,-67.26508378008663,-162.7424788987862
EP07,206,-67.04963873624214,-162.52703385494172
EP07,207,-64.26974266454499,-159.74713778324457
EP07,208,-74.92115219541463,-170.3985473141142
EP07,209,-70.14648611082134,-165.62388122952092
EP07,210,-53.006157158957166,-148.48355227765674
EP07,211,-54.06487653970211,-149.5422716584017
EP07,212,-78.90596895574069,-174.38336407444027
EP07,213,-56.68134964723873,-152.1587447659383
EP07,214,-77.85532040655872,-173.3327155252583
EP07,215,-56.55221851263698,-152.02961363133656
EP07,216,-56.468585491112435,-151.945980609812
EP07,217,-55.13040912261107,-150.60780424131065
EP07,218,-65.9482675696924,-161.42566268839198
EP07,219,-64.2666818567078,-159.74407697540738
EP07,220,-58.98397715365559,-154.46137227235516
EP07,221,-61.98583076571552,-157.4632258844151
EP07,222,-60.27704251598635,-155.75443763468593
EP07,223,-58.17414882811556,-153.65154394681514
EP07,224,-62.869863805516616,-158.3472589242162
EP07,225,-68.10020131321104,-163.57759643191062
EP07,226,-57.893373715820445,-153.37076883452002
EP07,227,-62.747527965607844,-158.22492308430742
EP07,228,-72.35949170906883,-167.8368868277684
EP07,229,-46.47068498125827,-141.94808009995785
EP07,230,-68.10649560913566,-163.58389072783524
EP07,231,-77.10392340018791,-172.58131851888749
EP07,232,-55.343381973006586,-150.82077709170616
EP07,233,-60.940856087943956,-156.41825120664353
EP07,234,-60.48631215071839,-155.96370726941797
EP07,235,-61.60939220397245,-157.08678732267202
EP07,236,-67.90142691217079,-163.37882203087037
EP07,237,-67.90955228585025,-163.38694740454983
EP07,238,-73.50633999939657,-168.98373511809615
EP07,239,-69.77149210293891,-165.24888722163848
EP07,240,-70.2212543640527,-165.69864948275227
EP07,241,-71.43450265687454,-166.91189777557412
EP07,242,-50.22430509086274,-145.70170020956232
EP07,243,-64.07822260759144,-159.55561772629102
EP07,244,-57.2734400778771,-152.75083519657667
EP07,245,-55.04507780123373,-150.5224729199333
EP07,246,-68.12640664381661,-163.60380176251618
EP07,247,-65.35305977348315,-160.83045489218273
EP07,248,-64.17520140246864,-159.65259652116822
EP07,249,-42.16681800798145,-137.64421312668102
EP07,250,-68.89112379339366,-164.36851891209324
EP07,251,-63.619726730386986,-159.09712184908656
EP07,252,-57.6712008905765,-153.14859600927608
EP07,253,-69.90542456326051,-165.3828196819601
EP07,254,-48.205804218183175,-143.68319933688275
EP07,255,-53.21123233120636,-148.68862744990594
EP07,256,-81.78713273437668,-177.26452785307626
EP07,257,-59.295641797725324,-154.7730369164249
EP07,258,-62.70167297110217,-158.17906808980175
EP07,259,-65.93564051596451,-161.41303563466408
EP07,260,-78.28471003340638,-173.76210515210596
EP07,261,-62.81705131973948,-158.29444643843905
EP07,262,-67.17308152096604,-162.6504766396656
EP07,263,-50.45756843745238,-145.93496355615196
EP07,264,-72.7462883006078,-168.22368341930738
EP07,265,-57.9727872686332,-153.45018238733277
EP07,266,-45.69377618296272,-141.1711713016623
EP07,267,-55.09141603553633,-150.5688111542359
EP07,268,-73.9903797088426,-169.46777482754217
EP07,269,-75.65700970307651,-171.1344048217761
EP07,270,-54.39093177099244,-149.868326889692
EP07,271,-55.53670806060637,-151.01410317930595
EP07,272,-70.78697527275085,-166.26437039145043
EP07,273,-67.03513734603604,-162.5125324647356
EP07,274,-46.0952231484479,-141.57261826714748
EP07,275,-61.35608184074309,-156.83347695944266
EP07,276,-45.11588840548279,-140.59328352418237
EP07,277,-57.68677398084955,-153.16416909954913
EP07,278,-71.81026166679555,-167.28765678549513
EP07,279,-66.05954590336754,-161.5369410220671
EP07,280,-63.218744940898006,-158.69614005959758
EP07,281,-62.925195981049,-158.40259109974858
EP07,282,-56.23725929022899,-151.71465440892857
EP07,283,-54.779248553476634,-150.2566436721762
EP07,284,-66.16400895821548,-161.64140407691505
EP07,285,-55.136702902550354,-150.61409802124993
EP07,286,-76.14558444097264,-171.62297955967222
EP07,287,-63.68488834160132,-159.1622834603009
EP07,288,-55.21006449838063,-150.6874596170802
EP07,289,-51.40212968170499,-146.87952480040457
EP07,290,-65.58684903113448,-161.06424414983405
EP07,291,-65.44819323534048,-160.92558835404006
EP07,292,-55.57377659389249,-151.05117171259207
EP07,293,-56.39163271700636,-151.86902783570594
EP07,294,-48.19271930139854,-143.67011442009812
EP07,295,-69.18075801701556,-164.65815313571514
EP07,296,-69.32063313161444,-164.79802825031402
EP07,297,-74.44977222160202,-169.9271673403016
EP07,298,-75.32119686063902,-170.7985919793386
EP07,299,-66.6032502037828,-162.08064532248238
EP07,300,-53.223376226298114,-148.7007713449977
EP07,301,-58.86269427137026,-154.34008939006983
EP07,302,-54.351206439653566,-149.82860155835314
EP07,303,-55.26827617832589,-150.74567129702547
EP07,304,-64.4353113962195,-159.91270651491908
EP07,305,-70.64366436504156,-166.12105948374113
EP07,306,-44.27659170284903,-139.7539868215486
EP07,307,-88.04338160428438,-183.52077672298395
EP07,308,-71.12114010313792,-166.5985352218375
EP07,309,-46.25400730635437,-141.73140242505394
EP07,310,-56.32295605360315,-151.80035117230273
EP07,311,-44.58881416602182,-140.0662092847214
EP07,312,-52.27792916378826,-147.75532428248783
EP07,313,-51.960868358213474,-147.43826347691305
EP07,314,-53.221879334309335,-148.6992744530089
EP07,315,-54.50877306272463,-149.9861681814242
EP07,316,-55.37667476099804,-150.85406987969762
EP07,317,-57.18324287135428,-152.66063799005386
EP07,318,-66.4856008618994,-161.96299598059898
EP07,319,-89.19669559281846,-184.67409071151803
EP07,320,-71.8235960105111,-167.30099112921067
EP07,321,-53.91259503765605,-149.38999015635562
EP07,322,-64.71431532433206,-160.19171044303164
EP07,323,-54.81707493811521,-150.2944700568148
EP07,324,-66.71314133643736,-162.19053645513694
EP07,325,-50.780344973836435,-146.257740092536
EP07,326,-64.91940694289553,-160.3968020615951
EP07,327,-48.6606144686163,-144.13800958731588
EP07,328,-55.81567217816317,-151.29306729686274
EP07,329,-63.13307231815588,-158.61046743685546
EP07,330,-63.93358231695649,-159.41097743565606
EP07,331,-78.21238475255285,-173.68977987125243
EP07,332,-48.878599654856004,-144.35599477355558
EP07,333,-49.5453881509184,-145.02278326961797
EP07,334,-45.35553328521718,-140.83292840391675
EP07,335,-67.13848789466658,-162.61588301336616
EP07,336,-61.703894802056936,-157.1812899207565
EP07,337,-56.82897099833622,-152.3063661170358
EP07,338,-69.92438471292425,-165.40177983162383
EP07,339,-68.50410530526779,-163.98150042396736
EP07,340,-63.36791291938343,-158.845308038083
EP07,341,-61.14787198907672,-156.6252671077763
EP07,342,-69.18096304398668,-164.65835816268626
EP07,343,-79.75783773487797,-175.23523285357754
EP07,344,-55.324804923407385,-150.80220004210696
EP07,345,-55.15199760437471,-150.6293927230743
EP07,346,-53.16084984723946,-148.63824496593904
EP07,347,-76.76344290559865,-172.24083802429823
EP07,348,-54.88531752270913,-150.3627126414087
EP07,349,-52.116951881865674,-147.59434700056525
EP07,350,-65.88750182806598,-161.36489694676555
EP07,351,-74.93811495065634,-170.41551006935592
EP07,352,-61.58139282333744,-157.05878794203701
EP07,353,-68.1011643740706,-163.57855949277018
EP07,354,-61.571266398867095,-157.04866151756667
EP07,355,-78.11927382526781,-173.5966689439674
EP07,356,-53.85121549822895,-149.32861061692853
EP07,357,-58.23152374373973,-153.7089188624393
EP07,358,-56.268700137511956,-151.74609525621153
EP07,359,-65.1953228698492,-160.67271798854878
EP07,360,-79.69227044258903,-175.1696655612886
EP07,361,-63.11628819010727,-158.59368330880685
EP07,362,-81.84634254145487,-177.32373766015445
EP07,363,-70.5099843829903,-165.98737950168987
EP07,364,-76.50273373274484,-171.98012885144442
EP07,365,-55.87539773823292,-151.3527928569325
EP07,366,-59.56699978923433,-155.0443949079339
EP07,367,-61.861533869655176,-157.33892898835475
EP07,368,-62.67546247611631,-158.15285759481588
EP07,369,-65.23125251654156,-160.70864763524114
EP07,370,-72.91858353779762,-168.3959786564972
EP07,371,-62.61278641872619,-158.09018153742576
EP07,372,-50.110040342618646,-145.58743546131822
EP07,373,-61.51427615271078,-156.99167127141035
EP07,374,-62.09869584933941,-157.57609096803898
EP07,375,-51.91724025384664,-147.39463537254622
EP07,376,-56.868893318863144,-152.34628843756272
EP07,377,-61.356532384367426,-156.833927503067
EP07,378,-62.37484801579228,-157.85224313449186
EP07,379,-67.7846504273162,-163.26204554601577
EP07,380,-62.049625663331796,-157.52702078203137
EP07,381,-58.82593053861325,-154.30332565731283
EP07,382,-59.296690728456724,-154.7740858471563
EP07,383,-71.26648030040687,-166.74387541910644
EP07,384,-65.72749011163609,-161.20488523033566
EP07,385,-69.87248830536495,-165.34988342406453
EP07,386,-58.08149859547379,-153.55889371417337
EP07,387,-61.31252574070837,-156.78992085940794
EP07,388,-59.12112929159758,-154.59852441029716
EP07,389,-70.5097288786474,-165.98712399734697
EP07,390,-58.13757201663276,-153.61496713533234
EP07,391,-69.90389280769821,-165.3812879263978
EP07,392,-62.78909647170204,-158.2664915904016
EP07,393,-68.51315604858797,-163.99055116728755
EP07,394,-50.11278454895688,-145.59017966765646
EP07,395,-56.25678219355345,-151.73417731225302
EP07,396,-45.823890605505824,-141.3012857242054
EP07,397,-46.88099153331228,-142.35838665201186
EP07,398,-56.60188087958235,-152.07927599828193
EP07,399,-77.34260022324682,-172.8199953419464
EP07,400,-64.34857824443378,-159.82597336313336
EP07,401,-51.5782139123441,-147.05560903104367
EP07,402,-76.96472242669617,-172.44211754539575
EP07,403,-60.35758397473313,-155.8349790934327
EP07,404,-71.05638952005302,-166.5337846387526
EP07,405,-73.27695198543867,-168.75434710413825
EP07,406,-63.31570080859632,-158.7930959272959
EP07,407,-67.23634749622369,-162.71374261492326
EP07,408,-70.86102357632691,-166.3384186950265
EP07,409,-60.7353881221332,-156.21278324083278
EP07,410,-55.052792854869864,-150.53018797356944
EP07,411,-57.046912548284325,-152.5243076669839
EP07,412,-45.213172748442304,-140.69056786714188
EP07,413,-60.12349795726308,-155.60089307596266
EP07,414,-52.72162798166232,-148.1990231003619
EP07,415,-46.192394387147544,-141.66978950584712
EP07,416,-53.00090757308993,-148.4783026917895
EP07,417,-65.39520870591736,-160.87260382461693
EP07,418,-46.84625910008913,-142.3236542187887
EP07,419,-81.22882099399772,-176.7062161126973
EP07,420,-69.10797869827502,-164.5853738169746
EP07,421,-59.210542467032894,-154.68793758573247
EP07,422,-65.21562897611733,-160.6930240948169
EP07,423,-64.47280446193619,-159.95019958063577
EP07,424,-56.3191347220955,-151.79652984079507
EP07,425,-53.52857349202179,-149.00596861072137
EP07,426,-59.68996710821406,-155.16736222691364
EP07,427,-53.45091071040815,-148.92830582910773
EP07,428,-73.39300354261121,-168.8703986613108
EP07,429,-57.27504645329887,-152.75244157199845
EP07,430,-72.38296807282586,-167.86036319152544
EP07,431,-65.67526355655707,-161.15265867525665
EP07,432,-65.39577160664714,-160.87316672534672
EP07,433,-56.19570928424534,-151.67310440294492
EP07,434,-58.58701838130381,-154.06441350000338
EP07,435,-53.54219982324773,-149.0195949419473
EP07,436,-63.52782635332872,-159.0052214720283
EP07,437,-54.931651666383914,-150.4090467850835
EP07,438,-55.276642585361344,-150.75403770406092
EP07,439,-45.173047170528946,-140.65044228922852
EP07,440,-59.386969426727575,-154.86436454542715
EP07,441,-61.40722244219478,-156.88461756089436
EP07,442,-70.7855560609226,-166.26295117962218
EP07,443,-69.44155970649749,-164.91895482519706
EP07,444,-59.29642364751288,-154.77381876621246
EP07,445,-74.42738536150765,-169.90478048020722
EP07,446,-48.88491637244647,-144.36231149114604
EP07,447,-62.76988308497573,-158.2472782036753
EP07,448,-58.121887846780794,-153.59928296548037
EP07,449,-52.9007794894994,-148.37817460819898
EP07,450,-47.13043743624738,-142.60783255494695
EP07,451,-45.17959875198122,-140.6569938706808
EP07,452,-54.03516054482361,-149.5125556635232
EP07,453,-70.74059159355517,-166.21798671225474
EP07,454,-66.2691855773297,-161.74658069602927
EP07,455,-62.28498622920057,-157.76238134790015
EP07,456,-71.51552824266344,-166.992923361363
EP07,457,-68.92857239822752,-164.4059675169271
EP07,458,-61.05773746462842,-156.535132583328
EP07,459,-50.70727202372427,-146.18466714242385
EP07,460,-50.50749265980724,-145.98488777850682
EP07,461,-70.82057931717935,-166.29797443587893
EP07,462,-60.70310962591421,-156.18050474461378
EP07,463,-54.136220477750896,-149.61361559645047
EP07,464,-67.51883335994881,-162.9962284786484
EP07,465,-56.04559338784972,-151.5229885065493
EP07,466,-69.1595236844831,-164.63691880318268
EP07,467,-58.62443356813603,-154.1018286868356
EP07,468,-69.09880883762875,-164.57620395632833
EP07,469,-87.77516618665462,-183.2525613053542
EP07,470,-64.58445918360377,-160.06185430230335
EP07,471,-46.27180689475716,-141.74920201345674
EP07,472,-69.93184318088959,-165.40923829958916
EP07,473,-77.04075889819629,-172.51815401689586
EP07,474,-71.23239235699467,-166.70978747569424
EP07,475,-54.51410818963049,-149.99150330833007
EP07,476,-56.57948559803913,-152.0568807167387
EP07,477,-52.848394189410016,-148.3257893081096
EP07,478,-58.29279348115986,-153.77018859985944
EP07,479,-45.32890744821387,-140.80630256691344
EP07,480,-58.50339452875542,-153.980789647455
EP07,481,-48.12454681739621,-143.60194193609578
EP07,482,-70.88425258083055,-166.36164769953012
EP07,483,-62.8512045191203,-158.32859963781988
EP07,484,-62.22923973554731,-157.7066348542469
EP07,485,-53.968390980853314,-149.4457860995529
EP07,486,-69.20666002048912,-164.6840551391887
EP07,487,-73.05742403157763,-168.5348191502772
EP07,488,-69.04071956469153,-164.5181146833911
EP07,489,-50.871274494428775,-146.34866961312835
EP07,490,-44.699681577967084,-140.17707669666666
EP07,491,-58.54040997863126,-154.01780509733084
EP07,492,-53.98835500621945,-149.46575012491903
EP07,493,-65.44084399962858,-160.91823911832816
EP07,494,-63.78331060122068,-159.26070571992025
EP07,495,-65.97853817893434,-161.45593329763392
EP07,496,-57.210158731652854,-152.68755385035243
EP07,497,-47.887165386275086,-143.36456050497466
EP07,498,-66.34592658197792,-161.8233217006775
EP07,499,-58.17760567581496,-153.65500079451454
EP07,500,-49.423301329261506,-144.90069644796108
EP08,1,-56.237508772084965,-151.71490389078454
EP08,2,-55.77773577409255,-151.25513089279212
EP08,3,-62.49187461284686,-157.96926973154643
EP08,4,-58.18790005369695,-153.66529517239653
EP08,5,-64.88874953369512,-160.3661446523947
EP08,6,-55.81953015892162,-151.2969252776212
EP08,7,-64.91223710079197,-160.38963221949155
EP08,8,-65.45287390311049,-160.93026902181006
EP08,9,-63.36404888772552,-158.8414440064251
EP08,10,-73.65172660478436,-169.12912172348393
EP08,11,-48.34447172693547,-143.82186684563504
EP08,12,-50.47021999771738,-145.94761511641696
EP08,13,-74.81443147716996,-170.29182659586954
EP08,14,-69.47113087965536,-164.94852599835494
EP08,15,-50.60993470026634,-146.0873298189659
EP08,16,-51.74287217171869,-147.22026729041826
EP08,17,-72.2788452609413,-167.75624037964087
EP08,18,-67.83390931879944,-163.31130443749902
EP08,19,-47.01909125448972,-142.4964863731893
EP08,20,-56.04897509646926,-151.52637021516884
EP08,21,-66.41748282776462,-161.8948779464642
EP08,22,-62.776093937724255,-158.25348905642383
EP08,23,-59.975177618664105,-155.45257273736368
EP08,24,-59.990044083697654,-155.46743920239723
EP08,25,-70.38366084979236,-165.86105596849194
EP08,26,-52.67387540584224,-148.15127052454181
EP08,27,-66.95795711732418,-162.43535223602376
EP08,28,-52.38934764199527,-147.86674276069485
EP08,29,-66.27617796507303,-161.7535730837726
EP08,30,-65.19681964715124,-160.67421476585082
EP08,31,-68.14525158331824,-163.62264670201782
EP08,32,-67.18760934768864,-162.6650044663882
EP08,33,-39.68488272297466,-135.16227784167424
EP08,34,-50.34579774870792,-145.8231928674075
EP08,35,-49.150440258356355,-144.62783537705593
EP08,36,-62.98490066627281,-158.46229578497238
EP08,37,-54.504400768947306,-149.98179588764688
EP08,38,-76.14781261980073,-171.6252077385003
EP08,39,-65.13367102528105,-160.61106614398062
EP08,40,-61.086641157856945,-156.56403627655652
EP08,41,-74.49423887579417,-169.97163399449374
EP08,42,-56.42138575763849,-151.89878087633807
EP08,43,-51.42608870346493,-146.9034838221645
EP08,44,-69.78347382624071,-165.26086894494028
EP08,45,-61.867310934308165,-157.34470605300774
EP08,46,-56.099673722445004,-151.57706884114458
EP08,47,-54.27014004763544,-149.747535166335
EP08,48,-77.24119925029885,-172.71859436899842
EP08,49,-58.481131471919696,-153.95852659061927
EP08,50,-68.71986052159417,-164.19725564029375
EP08,51,-72.09216657273674,-167.56956169143632
EP08,52,-46.37854695833917,-141.85594207703875
EP08,53,-71.94494827111197,-167.42234338981154
EP08,54,-51.31394185159843,-146.791336970298
EP08,55,-58.02802217870621,-153.50541729740578
EP08,56,-53.514824577912464,-148.99221969661204
EP08,57,-83.50133349845444,-178.97872861715402
EP08,58,-49.46999953759632,-144.9473946562959
EP08,59,-58.536595077258966,-154.01399019595854
EP08,60,-55.85559758145496,-151.33299270015453
EP08,61,-63.983542524357034,-159.4609376430566
EP08,62,-61.86405714334538,-157.34145226204495
EP08,63,-54.90529312654044,-150.38268824524002
EP08,64,-57.56360580305528,-153.04100092175486
EP08,65,-53.38642403400925,-148.86381915270883
EP08,66,-52.66250238860226,-148.13989750730184
EP08,67,-62.06580622407597,-157.54320134277555
EP08,68,-68.21776779301817,-163.69516291171774
EP08,69,-62.80860710065954,-158.28600221935912
EP08,70,-49.34329852512977,-144.82069364382934
EP08,71,-60.303611808081826,-155.7810069267814
EP08,72,-66.60262128846833,-162.0800164071679
EP08,73,-63.01654239325646,-158.49393751195603
EP08,74,-54.91005634588586,-150.38745146458544
EP08,75,-55.09342192415198,-150.57081704285156
EP08,76,-59.87005709092904,-155.3474522096286
EP08,77,-67.97434986250892,-163.4517449812085
EP08,78,-74.11208652564713,-169.5894816443467
EP08,79,-65.62354649714175,-161.10094161584132
EP08,80,-58.23032553412909,-153.70772065282867
EP08,81,-45.16439052487888,-140.64178564357846
EP08,82,-77.11865779791225,-172.59605291661182
EP08,83,-42.66368873308005,-138.14108385177963
EP08,84,-67.01943349597488,-162.49682861467446
EP08,85,-55.21289444168923,-150.6902895603888
EP08,86,-63.84265103615678,-159.32004615485636
EP08,87,-64.5362732887429,-160.01366840744248
EP08,88,-54.628779096866054,-150.10617421556563
EP08,89,-54.6326856262622,-150.11008074496178
EP08,90,-62.346103294121264,-157.82349841282084
EP08,91,-57.19892052526899,-152.67631564396856
EP08,92,-71.08465782852167,-166.56205294722125
EP08,93,-48.71000630701161,-144.1874014257112
EP08,94,-64.63106647872576,-160.10846159742533
EP08,95,-41.733619117131894,-137.21101423583147
EP08,96,-52.46286625879446,-147.94026137749404
EP08,97,-56.05284825295507,-151.53024337165465
EP08,98,-70.94872594650184,-166.42612106520141
EP08,99,-67.45294141857738,-162.93033653727696
EP08,100,-60.17679945028229,-155.65419456898186
EP08,101,-62.282994329997734,-157.7603894486973
EP08,102,-65.23683498286306,-160.71423010156263
EP08,103,-67.88401457329181,-163.36140969199138
EP08,104,-63.31222558312618,-158.78962070182575
EP08,105,-67.28116319799472,-162.7585583166943
EP08,106,-55.84000078101104,-151.31739589971062
EP08,107,-67.51484829340046,-162.99224341210004
EP08,108,-54.16274078669008,-149.64013590538966
EP08,109,-54.031573358262904,-149.50896847696248
EP08,110,-64.13301127204815,-159.61040639074773
EP08,111,-58.852049608200616,-154.3294447269002
EP08,112,-59.646910678726215,-155.1243057974258
EP08,113,-58.189804756733395,-153.66719987543297
EP08,114,-63.930275280746514,-159.4076703994461
EP08,115,-73.06270696762473,-168.5401020863243
EP08,116,-66.82228949273824,-162.2996846114378
EP08,117,-55.682823884290286,-151.16021900298986
EP08,118,-67.76859312081865,-163.24598823951823
EP08,119,-57.08539261855009,-152.56278773724966
EP08,120,-48.936793052447825,-144.4141881711474
EP08,121,-61.14563483512683,-156.6230299538264
EP08,122,-51.28815952795151,-146.76555464665108
EP08,123,-46.67276558323391,-142.1501607019335
EP08,124,-46.60432831677693,-142.0817234354765
EP08,125,-69.21735717642397,-164.69475229512355
EP08,126,-64.45007122204461,-159.9274663407442
EP08,127,-60.46995560034682,-155.9473507190464
EP08,128,-57.0924182148249,-152.56981333352448
EP08,129,-62.86936117415863,-158.3467562928582
EP08,130,-48.967105824225484,-144.44450094292506
EP08,131,-70.20485105922555,-165.68224617792512
EP08,132,-57.247403707415515,-152.7247988261151
EP08,133,-62.70439428311937,-158.18178940181895
EP08,134,-61.793694269021586,-157.27108938772116
EP08,135,-66.9470666640405,-162.42446178274008
EP08,136,-56.840119393917405,-152.31751451261698
EP08,137,-61.585665261138246,-157.06306037983782
EP08,138,-49.033021291975274,-144.51041641067485
EP08,139,-52.443779855232066,-147.92117497393164
EP08,140,-65.61395996894959,-161.09135508764916
EP08,141,-63.039866933469625,-158.5172620521692
EP08,142,-59.99988846713353,-155.4772835858331
EP08,143,-48.35158662842221,-143.8289817471218
EP08,144,-64.70465968193119,-160.18205480063077
EP08,145,-58.29624991049184,-153.7736450291914
EP08,146,-62.7005738195877,-158.17796893828728
EP08,147,-59.48199367594373,-154.9593887946433
EP08,148,-55.29819063670496,-150.77558575540453
EP08,149,-47.04593051739823,-142.5233256360978
EP08,150,-50.87428486695626,-146.35167998565584
EP08,151,-64.83515433621955,-160.31254945491912
EP08,152,-69.52083741029077,-164.99823252899034
EP08,153,-69.37704798290272,-164.8544431016023
EP08,154,-71.56999396405439,-167.04738908275397
EP08,155,-48.32515863854269,-143.80255375724226
EP08,156,-69.84367859913382,-165.3210737178334
EP08,157,-39.96439870928404,-135.44179382798362
EP08,158,-56.10660891212302,-151.5840040308226
EP08,159,-71.99527018685399,-167.47266530555356
EP08,160,-54.28407026749514,-149.76146538619471
EP08,161,-53.36542922764781,-148.84282434634738
EP08,162,-63.6048836363704,-159.08227875506998
EP08,163,-54.82201321986952,-150.2994083385691
EP08,164,-67.05512573054796,-162.53252084924753
EP08,165,-74.33065372455164,-169.8080488432512
EP08,166,-64.10653069014819,-159.58392580884777
EP08,167,-61.10213743955279,-156.57953255825237
EP08,168,-72.08194064534945,-167.55933576404902
EP08,169,-59.947571805997285,-155.42496692469686
EP08,170,-54.96249175000321,-150.43988686870279
EP08,171,-57.83027921599245,-153.30767433469202
EP08,172,-63.89285433369761,-159.3702494523972
EP08,173,-58.765748480352926,-154.2431435990525
EP08,174,-58.66645366708158,-154.14384878578116
EP08,175,-46.28681556724541,-141.764210685945
EP08,176,-56.28206620019654,-151.75946131889611
EP08,177,-60.85878728370017,-156.33618240239974
EP08,178,-67.52444848129875,-163.00184359999832
EP08,179,-59.598956997603466,-155.07635211630304
EP08,180,-69.0565017615746,-164.53389688027417
EP08,181,-74.29562239753128,-169.77301751623085
EP08,182,-48.945808432636454,-144.42320355133603
EP08,183,-69.87269188078963,-165.3500869994892
EP08,184,-51.224865590209816,-146.7022607089094
EP08,185,-81.87638674205698,-177.35378186075656
EP08,186,-53.43515527689249,-148.91255039559206
EP08,187,-51.36140169541031,-146.83879681410988
EP08,188,-63.08346891086873,-158.5608640295683
EP08,189,-55.50767274910194,-150.98506786780152
EP08,190,-76.97795739468955,-172.45535251338913
EP08,191,-63.55107403659781,-159.0284691552974
EP08,192,-74.58499329275747,-170.06238841145705
EP08,193,-59.37911314953314,-154.85650826823272
EP08,194,-72.19806141939091,-167.6754565380905
EP08,195,-49.88217870725427,-145.35957382595385
EP08,196,-56.32440642114179,-151.80180153984136
EP08,197,-54.498275451303755,-149.97567057000333
EP08,198,-67.63448081964506,-163.11187593834464
EP08,199,-58.25157591654789,-153.72897103524747
EP08,200,-55.4181070113078,-150.89550213000737
EP08,201,-64.49536079282345,-159.97275591152302
EP08,202,-65.45131656352697,-160.92871168222655
EP08,203,-64.81296348743373,-160.2903586061333
EP08,204,-64.95733258749883,-160.4347277061984
EP08,205,-48.88065455536767,-144.35804967406725
EP08,206,-48.34212554200795,-143.81952066070752
EP08,207,-55.52092636797656,-150.99832148667613
EP08,208,-66.0732563852664,-161.55065150396598
EP08,209,-53.451021644989254,-148.92841676368883
EP08,210,-49.05871063967112,-144.5361057583707
EP08,211,-83.04976566109596,-178.52716077979554
EP08,212,-61.602259132431016,-157.0796542511306
EP08,213,-60.382713326370606,-155.86010844507018
EP08,214,-58.58284194822369,-154.06023706692326
EP08,215,-49.008273357835236,-144.4856684765348
EP08,216,-65.05986571688578,-160.53726083558536
EP08,217,-57.4422099241568,-152.91960504285638
EP08,218,-68.4771181618724,-163.95451328057197
EP08,219,-70.01227813013128,-165.48967324883085
EP08,220,-65.58063771411071,-161.05803283281028
EP08,221,-57.666271067696016,-153.1436661863956
EP08,222,-56.63899692868941,-152.11639204738898
EP08,223,-55.035426824657264,-150.51282194335684
EP08,224,-73.56609068501626,-169.04348580371584
EP08,225,-65.01702535274083,-160.4944204714404
EP08,226,-63.06668127367084,-158.5440763923704
EP08,227,-65.28297571112464,-160.7603708298242
EP08,228,-62.34591449003216,-157.82330960873173
EP08,229,-63.99402735696023,-159.4714224756598
EP08,230,-61.41101769258739,-156.88841281128697
EP08,231,-62.99272068639985,-158.47011580509943
EP08,232,-62.8206670992208,-158.29806221792037
EP08,233,-52.03351709441188,-147.51091221311145
EP08,234,-69.93933510992963,-165.4167302286292
EP08,235,-59.59530987223698,-155.07270499093656
EP08,236,-80.33147739665472,-175.8088725153543
EP08,237,-57.804081147203135,-153.2814762659027
EP08,238,-63.94673988209655,-159.42413500079613
EP08,239,-63.04193665982561,-158.51933177852518
EP08,240,-40.41598682522138,-135.89338194392096
EP08,241,-76.30688323470073,-171.7842783534003
EP08,242,-57.02822740602437,-152.50562252472395
EP08,243,-60.55410997175352,-156.0315050904531
EP08,244,-73.30024722497345,-168.77764234367302
EP08,245,-50.42475515361099,-145.90215027231056
EP08,246,-41.211169568483996,-136.68856468718357
EP08,247,-49.86037709831487,-145.33777221701445
EP08,248,-53.42832577552494,-148.90572089422452
EP08,249,-69.4533091102426,-164.93070422894218
EP08,250,-50.82587647441869,-146.30327159311827
EP08,251,-59.06765416075618,-154.54504927945575
EP08,252,-57.66346893085864,-153.14086404955822
EP08,253,-75.30293283198449,-170.78032795068407
EP08,254,-60.81794526270531,-156.29534038140488
EP08,255,-53.98206104752049,-149.45945616622006
EP08,256,-49.66584650385272,-145.1432416225523
EP08,257,-71.50099621958225,-166.97839133828182
EP08,258,-70.85156833483069,-166.32896345353026
EP08,259,-68.68665315244715,-164.16404827114673
EP08,260,-40.92890254684917,-136.40629766554875
EP08,261,-52.91343177978629,-148.39082689848587
EP08,262,-42.408895544719456,-137.88629066341903
EP08,263,-48.11329068492046,-143.59068580362003
EP08,264,-55.039401731157454,-150.51679684985703
EP08,265,-53.77585717557014,-149.2532522942697
EP08,266,-77.850128319096,-173.32752343779558
EP08,267,-78.06942883317282,-173.5468239518724
EP08,268,-71.259826796336,-166.73722191503558
EP08,269,-52.00361768402419,-147.48101280272377
EP08,270,-72.99831041718602,-168.4757055358856
EP08,271,-64.7044876935995,-160.18188281229908
EP08,272,-47.50193114024705,-142.97932625894663
EP08,273,-51.94658149684963,-147.4239766155492
EP08,274,-51.092081879381226,-146.5694769980808
EP08,275,-58.522765992922416,-154.000161111622
EP08,276,-64.6123150019773,-160.08971012067687
EP08,277,-50.26218378692079,-145.73957890562036
EP08,278,-67.33358197528435,-162.81097709398392
EP08,279,-68.91058213871486,-164.38797725741443
EP08,280,-58.20382897811018,-153.68122409680976
EP08,281,-59.89105692639791,-155.36845204509748
EP08,282,-55.574952899407606,-151.05234801810718
EP08,283,-47.52971133750458,-143.00710645620416
EP08,284,-63.481879485615906,-158.95927460431548
EP08,285,-63.41179318801525,-158.88918830671483
EP08,286,-59.766877198321424,-155.244272317021
EP08,287,-65.46241593574007,-160.93981105443964
EP08,288,-58.42638208519239,-153.90377720389196
EP08,289,-52.41372176195591,-147.8911168806555
EP08,290,-76.66141845253111,-172.13881357123068
EP08,291,-49.17806352079177,-144.65545863949134
EP08,292,-60.607756910819546,-156.08515202951912
EP08,293,-75.36294350355274,-170.84033862225232
EP08,294,-65.0361017137119,-160.51349683241148
EP08,295,-64.0666324394679,-159.54402755816747
EP08,296,-58.757969725983685,-154.23536484468326
EP08,297,-44.68367623565854,-140.1610713543581
EP08,298,-62.483816619314496,-157.96121173801407
EP08,299,-66.89463165007334,-162.3720267687729
EP08,300,-66.32123867554685,-161.79863379424643
EP08,301,-42.60598363002032,-138.0833787487199
EP08,302,-65.07677601943593,-160.5541711381355
EP08,303,-63.69348652404062,-159.1708816427402
EP08,304,-68.14316246277448,-163.62055758147406
EP08,305,-60.56623590114245,-156.04363101984202
EP08,306,-53.33601883650866,-148.81341395520823
EP08,307,-62.807268092150935,-158.2846632108505
EP08,308,-51.452510637376236,-146.9299057560758
EP08,309,-54.661665458233244,-150.13906057693282
EP08,310,-52.913864475891046,-148.39125959459062
EP08,311,-64.28779421176418,-159.76518933046376
EP08,312,-59.40590998294425,-154.88330510164383
EP08,313,-66.90079875666356,-162.37819387536314
EP08,314,-53.23741358198998,-148.71480870068956
EP08,315,-73.23737991213059,-168.71477503083017
EP08,316,-78.45424507577815,-173.93164019447772
EP08,317,-59.62286234768575,-155.10025746638533
EP08,318,-59.451542013148696,-154.92893713184827
EP08,319,-60.148292302404116,-155.6256874211037
EP08,320,-66.79752505433402,-162.2749201730336
EP08,321,-77.15216602522617,-172.62956114392574
EP08,322,-68.7368848007055,-164.21427991940507
EP08,323,-72.74091199882227,-168.21830711752185
EP08,324,-64.26096627266173,-159.7383613913613
EP08,325,-54.277328936826166,-149.75472405552574
EP08,326,-70.36592511587466,-165.84332023457424
EP08,327,-58.559741400568896,-154.03713651926847
EP08,328,-65.10954070448085,-160.58693582318043
EP08,329,-58.09236506006209,-153.56976017876167
EP08,330,-66.87781015290693,-162.3552052716065
EP08,331,-57.81988140636594,-153.2972765250655
EP08,332,-75.06342545148959,-170.54082057018917
EP08,333,-54.986812117353224,-150.4642072360528
EP08,334,-47.274334866964296,-142.75172998566387
EP08,335,-59.96977280122664,-155.44716791992622
EP08,336,-61.240992115211725,-156.7183872339113
EP08,337,-60.87426706598498,-156.35166218468456
EP08,338,-62.10371792195278,-157.58111304065235
EP08,339,-52.26201686885287,-147.73941198755244
EP08,340,-54.76828365052751,-150.24567876922708
EP08,341,-45.60919553176953,-141.0865906504691
EP08,342,-79.85434960627327,-175.33174472497285
EP08,343,-77.47570691395782,-172.9531020326574
EP08,344,-73.13523744322049,-168.61263256192007
EP08,345,-52.775986919700614,-148.2533820384002
EP08,346,-57.603475411987716,-153.0808705306873
EP08,347,-65.761767813483,-161.23916293218258
EP08,348,-62.80268144057246,-158.28007655927203
EP08,349,-48.96171761523718,-144.43911273393675
EP08,350,-50.666305575568146,-146.14370069426772
EP08,351,-64.85724465938335,-160.33463977808293
EP08,352,-72.21606079129961,-167.6934559099992
EP08,353,-61.71248793848949,-157.18988305718906
EP08,354,-61.7515520953545,-157.22894721405407
EP08,355,-67.30080991732783,-162.7782050360274
EP08,356,-61.583340792937065,-157.06073591163664
EP08,357,-64.50024440992036,-159.97763952861993
EP08,358,-53.26462422132465,-148.74201934002423
EP08,359,-54.10598280646718,-149.58337792516676
EP08,360,-85.5289203855589,-181.00631550425848
EP08,361,-63.1999834770794,-158.67737859577898
EP08,362,-62.31830763978283,-157.7957027584824
EP08,363,-72.32223402948401,-167.79962914818358
EP08,364,-69.6496842549385,-165.12707937363808
EP08,365,-51.95989860457564,-147.43729372327522
EP08,366,-67.47052723852781,-162.94792235722738
EP08,367,-60.3518701474149,-155.82926526611448
EP08,368,-62.87289940717105,-158.35029452587062
EP08,369,-47.53452906627905,-143.01192418497862
EP08,370,-38.97866869823105,-134.45606381693062
EP08,371,-54.020019699544235,-149.4974148182438
EP08,372,-54.60337633207021,-150.0807714507698
EP08,373,-59.40670160411125,-154.88409672281082
EP08,374,-65.92336078082508,-161.40075589952465
EP08,375,-63.794144050968754,-159.27153916966833
EP08,376,-60.942325465606416,-156.419720584306
EP08,377,-58.724130476627835,-154.2015255953274
EP08,378,-56.78060038656619,-152.25799550526577
EP08,379,-55.05141430529471,-150.5288094239943
EP08,380,-51.14778994287437,-146.62518506157394
EP08,381,-65.42004156847707,-160.89743668717665
EP08,382,-68.34256108916352,-163.8199562078631
EP08,383,-72.94988693012047,-168.42728204882005
EP08,384,-65.25403257190084,-160.7314276906004
EP08,385,-79.55864830287157,-175.03604342157115
EP08,386,-63.96370209217693,-159.4410972108765
EP08,387,-56.63337292397907,-152.11076804267864
EP08,388,-56.14717495176268,-151.62457007046225
EP08,389,-63.86508978542963,-159.3424849041292
EP08,390,-66.98283329164246,-162.46022841034204
EP08,391,-59.55528754077574,-155.0326826594753
EP08,392,-64.82538377043556,-160.30277888913514
EP08,393,-60.443802360773134,-155.9211974794727
EP08,394,-57.41607311653354,-152.89346823523312
EP08,395,-61.45736255531034,-156.93475767400992
EP08,396,-53.7441887973186,-149.22158391601818
EP08,397,-52.058922000054764,-147.53631711875434
EP08,398,-61.46650551219952,-156.9439006308991
EP08,399,-63.23628499781094,-158.71368011651052
EP08,400,-63.69742734529305,-159.17482246399263
EP08,401,-66.42534399128635,-161.90273910998593
EP08,402,-73.08416740213573,-168.5615625208353
EP08,403,-49.971407127887005,-145.44880224658658
EP08,404,-41.36358446969868,-136.84097958839826
EP08,405,-71.9130972486632,-167.39049236736278
EP08,406,-62.0639631618634,-157.54135828056297
EP08,407,-71.38713069613527,-166.86452581483485
EP08,408,-70.19272177484311,-165.67011689354268
EP08,409,-57.923472996210535,-153.4008681149101
EP08,410,-74.1622091412487,-169.63960425994827
EP08,411,-70.6304112332005,-166.10780635190008
EP08,412,-41.286101020845905,-136.76349613954548
EP08,413,-49.21025941279197,-144.68765453149155
EP08,414,-59.32758627997703,-154.8049813986766
EP08,415,-83.44918191805004,-178.92657703674962
EP08,416,-67.52384739561003,-163.0012425143096
EP08,417,-63.66124630035051,-159.1386414190501
EP08,418,-60.056926002263765,-155.53432112096334
EP08,419,-58.95059665727288,-154.42799177597246
EP08,420,-66.39518719621313,-161.8725823149127
EP08,421,-65.78288653322866,-161.26028165192824
EP08,422,-62.973261277973904,-158.45065639667348
EP08,423,-60.167598650718986,-155.64499376941856
EP08,424,-65.86698667980431,-161.3443817985039
EP08,425,-66.76427952713408,-162.24167464583365
EP08,426,-58.16695530892321,-153.64435042762278
EP08,427,-59.55940845137556,-155.03680357007514
EP08,428,-65.2597782650642,-160.73717338376377
EP08,429,-59.68236520081825,-155.15976031951783
EP08,430,-65.72575736080154,-161.2031524795011
EP08,431,-53.644498201656404,-149.12189332035598
EP08,432,-52.879301389254465,-148.35669650795404
EP08,433,-63.46167448081732,-158.9390695995169
EP08,434,-54.91150712302169,-150.38890224172127
EP08,435,-48.61732653265818,-144.09472165135776
EP08,436,-55.272148201161826,-150.7495433198614
EP08,437,-71.8192102802769,-167.29660539897648
EP08,438,-66.7071818139782,-162.18457693267777
EP08,439,-44.177401658940965,-139.65479677764054
EP08,440,-59.336709871599226,-154.8141049902988
EP08,441,-65.27977884600907,-160.75717396470864
EP08,442,-50.496738981693454,-145.97413410039303
EP08,443,-61.56473776040329,-157.04213287910287
EP08,444,-59.00925495983671,-154.4866500785363
EP08,445,-60.84847502815154,-156.32587014685112
EP08,446,-50.20932029818778,-145.68671541688735
EP08,447,-49.712126835301575,-145.18952195400115
EP08,448,-84.70101082430338,-180.17840594300296
EP08,449,-58.96394112756491,-154.44133624626448
EP08,450,-58.85347209457794,-154.33086721327751
EP08,451,-44.24466454598479,-139.72205966468437
EP08,452,-46.64003251391344,-142.11742763261302
EP08,453,-40.8045923499906,-136.28198746869018
EP08,454,-72.14732849763243,-167.624723616332
EP08,455,-49.322480708972904,-144.79987582767248
EP08,456,-67.99757959176429,-163.47497471046387
EP08,457,-54.94126007146531,-150.41865519016488
EP08,458,-61.65797992922151,-157.1353750479211
EP08,459,-77.20796253261199,-172.68535765131156
EP08,460,-63.524709385404975,-159.00210450410455
EP08,461,-77.60074078310177,-173.07813590180135
EP08,462,-62.158462198486376,-157.63585731718595
EP08,463,-51.24270640223227,-146.72010152093185
EP08,464,-57.94905714818529,-153.42645226688487
EP08,465,-67.62791238099672,-163.1053074996963
EP08,466,-54.70833412620465,-150.18572924490422
EP08,467,-48.65028139644747,-144.12767651514704
EP08,468,-72.90184988161676,-168.37924500031633
EP08,469,-73.7224090210562,-169.19980413975577
EP08,470,-57.80525820678366,-153.28265332548324
EP08,471,-74.74987948905883,-170.2272746077584
EP08,472,-70.05147530136611,-165.5288704200657
EP08,473,-51.773550786202605,-147.25094590490218
EP08,474,-67.24863329728731,-162.7260284159869
EP08,475,-56.212835520710996,-151.69023063941057
EP08,476,-78.5170000068135,-173.99439512551308
EP08,477,-58.09859592919011,-153.5759910478897
EP08,478,-56.67601338523258,-152.15340850393216
EP08,479,-51.39183616877807,-146.86923128747765
EP08,480,-59.66436306126519,-155.14175817996477
EP08,481,-63.37093449159261,-158.84832961029218
EP08,482,-59.34850750253125,-154.82590262123082
EP08,483,-69.6863602316333,-165.16375535033288
EP08,484,-49.410250388824124,-144.8876455075237
EP08,485,-58.85585424180579,-154.33324936050536
EP08,486,-69.30560021337021,-164.7829953320698
EP08,487,-49.68540466601925,-145.16279978471883
EP08,488,-54.4758962246749,-149.95329134337447
EP08,489,-48.72163328801366,-144.19902840671324
EP08,490,-64.93825573583658,-160.41565085453615
EP08,491,-48.36211776308255,-143.83951288178213
EP08,492,-74.89718463794725,-170.37457975664682
EP08,493,-73.30697242006639,-168.78436753876596
EP08,494,-40.932209559338304,-136.40960467803788
EP08,495,-70.28368938275369,-165.76108450145327
EP08,496,-65.36719195993217,-160.84458707863175
EP08,497,-54.40398513759712,-149.8813802562967
EP08,498,-70.0671590031966,-165.54455412189617
EP08,499,-69.71705189415314,-165.19444701285272
EP08,500,-72.70457742332704,-168.1819725420266
EP09,1,-68.96995655335311,-164.4473516720527
EP09,2,-47.72711107330832,-143.2045061920079
EP09,3,-55.89974549273032,-151.3771406114299
EP09,4,-41.666062714322095,-137.14345783302167
EP09,5,-40.56633354344666,-136.04372866214624
EP09,6,-38.19693773440301,-133.67433285310258
EP09,7,-56.23069783324706,-151.70809295194664
EP09,8,-45.390633099337606,-140.86802821803718
EP09,9,-49.52667048724936,-145.00406560594894
EP09,10,-58.22730847936111,-153.7047035980607
EP09,11,-60.484677659066875,-155.96207277776645
EP09,12,-54.70822593797183,-150.1856210566714
EP09,13,-40.98980394040154,-136.46719905910112
EP09,14,-43.766404577171755,-139.24379969587133
EP09,15,-62.83729558927402,-158.3146907079736
EP09,16,-50.08766647154073,-145.5650615902403
EP09,17,-62.05361238022235,-157.53100749892192
EP09,18,-41.76831065985604,-137.24570577855562
EP09,19,-48.50050417076827,-143.97789928946784
EP09,20,-52.164409372973296,-147.64180449167287
EP09,21,-43.13780865595004,-138.61520377464961
EP09,22,-51.11975403797675,-146.59714915667632
EP09,23,-31.63564084417348,-127.11303596287306
EP09,24,-44.0389496281189,-139.51634474681848
EP09,25,-52.29163715709325,-147.76903227579282
EP09,26,-45.25006362942156,-140.72745874812114
EP09,27,-61.3715440714073,-156.84893919010688
EP09,28,-56.971747688370016,-152.4491428070696
EP09,29,-55.08891078810174,-150.56630590680132
EP09,30,-46.00631207599628,-141.48370719469585
EP09,31,-48.46430130019141,-143.94169641889098
EP09,32,-56.55804639767885,-152.03544151637843
EP09,33,-59.71123611887299,-155.18863123757257
EP09,34,-75.485331288769,-170.96272640746858
EP09,35,-76.13798616020111,-171.61538127890068
EP09,36,-44.06505870197361,-139.5424538206732
EP09,37,-64.14883949142614,-159.62623461012572
EP09,38,-54.18084367861957,-149.65823879731914
EP09,39,-49.4497665810421,-144.92716169974167
EP09,40,-66.08029995132037,-161.55769507001995
EP09,41,-43.980299381717714,-139.4576945004173
EP09,42,-70.48229728521511,-165.9596924039147
EP09,43,-41.26852727504905,-136.74592239374863
EP09,44,-41.54993705892633,-137.0273321776259
EP09,45,-55.468787012278625,-150.9461821309782
EP09,46,-74.16744900551154,-169.64484412421112
EP09,47,-42.70897474030022,-138.1863698589998
EP09,48,-54.92902129953927,-150.40641641823885
EP09,49,-45.52019777166771,-140.9975928903673
EP09,50,-35.308188629203016,-130.7855837479026
EP09,51,-57.00949460660041,-152.4868897253
EP09,52,-44.44528181649463,-139.9226769351942
EP09,53,-49.41049446391298,-144.88788958261256
EP09,54,-56.09876632069711,-151.57616143939669
EP09,55,-54.624310005534284,-150.10170512423386
EP09,56,-49.60650815816723,-145.0839032768668
EP09,57,-57.16619166653328,-152.64358678523286
EP09,58,-53.79611511886637,-149.27351023756594
EP09,59,-37.513077414791184,-132.99047253349076
EP09,60,-39.337349559893596,-134.81474467859317
EP09,61,-55.85897895596534,-151.33637407466492
EP09,62,-49.01604132407516,-144.49343644277474
EP09,63,-66.81647092937712,-162.2938660480767
EP09,64,-41.68480213767583,-137.1621972563754
EP09,65,-50.76401803767811,-146.2414131563777
EP09,66,-53.69104307143439,-149.16843819013397
EP09,67,-54.639174011059254,-150.11656912975883
EP09,68,-63.5877439492989,-159.06513906799847
EP09,69,-56.465504947053574,-151.94290006575315
EP09,70,-59.379098907282696,-154.85649402598227
EP09,71,-33.5346627833884,-129.01205790208797
EP09,72,-44.71246206760583,-140.1898571863054
EP09,73,-28.705446160980657,-124.18284127968023
EP09,74,-72.24107260154236,-167.71846772024193
EP09,75,-61.508136561723006,-156.98553168042258
EP09,76,-44.661326354796984,-140.13872147349656
EP09,77,-59.16611055923201,-154.64350567793159
EP09,78,-56.020662707350056,-151.49805782604963
EP09,79,-45.20319575433737,-140.68059087303695
EP09,80,-59.560546847173896,-155.03794196587347
EP09,81,-41.282329981542205,-136.75972510024178
EP09,82,-59.90772213957683,-155.3851172582764
EP09,83,-64.54261825139156,-160.02001337009114
EP09,84,-53.62201020718837,-149.09940532588794
EP09,85,-46.19640321972906,-141.67379833842864
EP09,86,-66.1433311253532,-161.62072624405278
EP09,87,-50.88369957340731,-146.3610946921069
EP09,88,-51.10921762836793,-146.5866127470675
EP09,89,-76.69717466015999,-172.17456977885956
EP09,90,-73.26275847261735,-168.74015359131693
EP09,91,-37.69891578629657,-133.17631090499614
EP09,92,-59.38661204919754,-154.8640071678971
EP09,93,-40.01078000592992,-135.4881751246295
EP09,94,-38.29035855545226,-133.76775367415183
EP09,95,-62.25373862312313,-157.7311337418227
EP09,96,-57.846406824708964,-153.32380194340854
EP09,97,-56.29964211850887,-151.77703723720845
EP09,98,-68.78981724472419,-164.26721236342377
EP09,99,-55.632053463027034,-151.1094485817266
EP09,100,-65.10838622867567,-160.58578134737525
EP09,101,-40.33805796697311,-135.8154530856727
EP09,102,-70.19533274407374,-165.6727278627733
EP09,103,-37.036087050858924,-132.5134821695585
EP09,104,-38.96498085262502,-134.4423759713246
EP09,105,-38.100189490472815,-133.5775846091724
EP09,106,-77.52672514469162,-173.0041202633912
EP09,107,-55.44337677854048,-150.92077189724006
EP09,108,-54.59013885403826,-150.06753397273783
EP09,109,-62.04936291407111,-157.5267580327707
EP09,110,-51.51136724912459,-146.98876236782417
EP09,111,-50.49071571124068,-145.96811082994026
EP09,112,-48.52867717780654,-144.00607229650612
EP09,113,-59.173036810664996,-154.65043192936457
EP09,114,-66.96879373993818,-162.44618885863775
EP09,115,-70.01103985841306,-165.48843497711263
EP09,116,-52.324136369622096,-147.80153148832167
EP09,117,-50.00833025908338,-145.48572537778296
EP09,118,-60.16887274406335,-155.64626786276293
EP09,119,-59.31497251162841,-154.792367630328
EP09,120,-58.379382542189376,-153.85677766088895
EP09,121,-49.1745392150041,-144.65193433370368
EP09,122,-63.71437075398171,-159.1917658726813
EP09,123,-52.29525525221487,-147.77265037091445
EP09,124,-57.579731352265554,-153.05712647096513
EP09,125,-61.450387579086396,-156.92778269778597
EP09,126,-67.02366312324776,-162.50105824194733
EP09,127,-38.90911555793275,-134.38651067663233
EP09,128,-69.94458899284575,-165.42198411154533
EP09,129,-66.37473325750716,-161.85212837620674
EP09,130,-64.46423559391826,-159.94163071261784
EP09,131,-75.60446906235438,-171.08186418105396
EP09,132,-61.51143631901962,-156.9888314377192
EP09,133,-63.17546242219072,-158.6528575408903
EP09,134,-60.48858596868379,-155.96598108738337
EP09,135,-47.91722907838445,-143.39462419708403
EP09,136,-37.47711620994326,-132.95451132864284
EP09,137,-43.16696776757777,-138.64436288627735
EP09,138,-38.41303702557795,-133.89043214427753
EP09,139,-39.08550051897177,-134.56289563767135
EP09,140,-50.71963413614546,-146.19702925484503
EP09,141,-53.73743389239263,-149.2148290110922
EP09,142,-39.80776484380553,-135.2851599625051
EP09,143,-59.836449251129096,-155.31384436982867
EP09,144,-29.57180936352819,-125.04920448222776
EP09,145,-50.28868480997386,-145.76607992867343
EP09,146,-55.78778989213393,-151.2651850108335
EP09,147,-57.60238602570709,-153.07978114440667
EP09,148,-53.48862267698348,-148.96601779568306
EP09,149,-51.19353408114722,-146.6709291998468
EP09,150,-50.27964681112192,-145.7570419298215
EP09,151,-39.81230679516224,-135.28970191386182
EP09,152,-43.16741829747059,-138.64481341617017
EP09,153,-57.41412618344944,-152.89152130214902
EP09,154,-61.19350471769033,-156.6708998363899
EP09,155,-50.24352360417603,-145.7209187228756
EP09,156,-48.687698637265555,-144.16509375596513
EP09,157,-71.84330982151502,-167.3207049402146
EP09,158,-59.51375628373643,-154.991151402436
EP09,159,-44.69977934347949,-140.17717446217907
EP09,160,-48.42980692517921,-143.90720204387878
EP09,161,-51.587750393698116,-147.0651455123977
EP09,162,-52.335410911900084,-147.81280603059966
EP09,163,-56.396116444427975,-151.87351156312755
EP09,164,-49.18660040989485,-144.66399552859443
EP09,165,-64.19789092474502,-159.6752860434446
EP09,166,-57.95441990156414,-153.4318150202637
EP09,167,-42.19518223517963,-137.6725773538792
EP09,168,-55.97957497987156,-151.45697009857113
EP09,169,-31.941486020636674,-127.41888113933625
EP09,170,-48.42583738061168,-143.90323249931126
EP09,171,-42.63001696241224,-138.10741208111182
EP09,172,-68.38415517934666,-163.86155029804624
EP09,173,-59.60597055403787,-155.08336567273744
EP09,174,-46.237080225860666,-141.71447534456024
EP09,175,-50.214970893316774,-145.69236601201635
EP09,176,-63.19620352735839,-158.67359864605797
EP09,177,-63.36084875670397,-158.83824387540355
EP09,178,-40.282822893294224,-135.7602180119938
EP09,179,-50.68510399668884,-146.1624991153884
EP09,180,-71.52255884599015,-166.99995396468972
EP09,181,-42.09153878700124,-137.56893390570082
EP09,182,-70.34651670513148,-165.82391182383105
EP09,183,-55.437782606370234,-150.9151777250698
EP09,184,-34.614484737163394,-130.09187985586297
EP09,185,-47.42301581965279,-142.90041093835237
EP09,186,-56.92519587604124,-152.40259099474082
EP09,187,-51.88224209222824,-147.35963721092781
EP09,188,-39.094697825617686,-134.57209294431726
EP09,189,-61.06307369090794,-156.54046880960752
EP09,190,-42.14075727929722,-137.6181523979968
EP09,191,-66.95152709198811,-162.4289222106877
EP09,192,-76.4076458034825,-171.88504092218207
EP09,193,-70.59721738376697,-166.07461250246655
EP09,194,-55.57973760593947,-151.05713272463905
EP09,195,-48.564037245322396,-144.04143236402197
EP09,196,-68.74490088291367,-164.22229600161324
EP09,197,-56.79051869557216,-152.26791381427174
EP09,198,-54.06179492991737,-149.53919004861694
EP09,199,-38.254970099960815,-133.7323652186604
EP09,200,-70.85707084867289,-166.33446596737247
EP09,201,-52.88749762651682,-148.3648927452164
EP09,202,-56.338992329900066,-151.81638744859964
EP09,203,-61.49560436912634,-156.97299948782592
EP09,204,-60.05356692945864,-155.53096204815822
EP09,205,-41.830609664919706,-137.30800478361928
EP09,206,-56.174904804742056,-151.65229992344163
EP09,207,-62.268285706111726,-157.7456808248113
EP09,208,-51.390419730666,-146.86781484936557
EP09,209,-60.99414438862959,-156.47153950732917
EP09,210,-41.20053861550076,-136.67793373420034
EP09,211,-46.34667632354456,-141.82407144224413
EP09,212,-54.79582959414816,-150.27322471284774
EP09,213,-64.00076265971927,-159.47815777841885
EP09,214,-50.056278174446106,-145.53367329314568
EP09,215,-51.65328761150914,-147.13068273020872
EP09,216,-51.99339509576237,-147.47079021446194
EP09,217,-68.5503170141906,-164.02771213289017
EP09,218,-47.84059093870158,-143.31798605740116
EP09,219,-45.048284243344995,-140.52567936204457
EP09,220,-66.8732131058822,-162.35060822458178
EP09,221,-54.36410839821582,-149.8415035169154
EP09,222,-62.141738157327865,-157.61913327602744
EP09,223,-46.22755790908846,-141.70495302778804
EP09,224,-49.71000475496646,-145.18739987366604
EP09,225,-52.30920046916171,-147.78659558786129
EP09,226,-40.913012399137926,-136.3904075178375
EP09,227,-56.3504583180424,-151.82785343674198
EP09,228,-70.98240821900117,-166.45980333770075
EP09,229,-51.96089726537838,-147.43829238407795
EP09,230,-69.31190757389624,-164.7893026925958
EP09,231,-52.75712228112906,-148.23451739982863
EP09,232,-38.49525322751103,-133.9726483462106
EP09,233,-55.25685656638419,-150.73425168508376
EP09,234,-48.44935501572303,-143.9267501344226
EP09,235,-57.15276063825303,-152.6301557569526
EP09,236,-41.316113009888625,-136.7935081285882
EP09,237,-57.83495215381828,-153.31234727251785
EP09,238,-54.1435845126677,-149.62097963136728
EP09,239,-42.03219531781076,-137.50959043651034
EP09,240,-44.123878604645995,-139.60127372334557
EP09,241,-51.67154239446853,-147.1489375131681
EP09,242,-51.79269300793632,-147.2700881266359
EP09,243,-53.98527375343312,-149.4626688721327
EP09,244,-54.494068090709646,-149.97146320940922
EP09,245,-56.839870257311674,-152.31726537601125
EP09,246,-47.788929570261956,-143.26632468896153
EP09,247,-61.150708685724084,-156.62810380442366
EP09,248,-39.07560976002506,-134.55300487872464
EP09,249,-42.642931210805784,-138.12032632950536
EP09,250,-36.72964618924982,-132.2070413079494
EP09,251,-50.63469839052982,-146.1120935092294
EP09,252,-46.369070439468175,-141.84646555816775
EP09,253,-68.15068408995919,-163.62807920865876
EP09,254,-40.24949938579692,-135.7268945044965
EP09,255,-53.90722948761422,-149.3846246063138
EP09,256,-67.84874403084189,-163.32613914954146
EP09,257,-58.18133805212966,-153.65873317082924
EP09,258,-55.46185683231846,-150.93925195101804
EP09,259,-40.25056229501888,-135.72795741371846
EP09,260,-38.1207059616892,-133.59810108038877
EP09,261,-45.183020785890164,-140.66041590458974
EP09,262,-65.25939138524595,-160.73678650394552
EP09,263,-49.257815477924424,-144.735210596624
EP09,264,-59.454318686129,-154.93171380482858
EP09,265,-50.724386636300494,-146.20178175500007
EP09,266,-54.31900287812891,-149.7963979968285
EP09,267,-65.59067030196582,-161.0680654206654
EP09,268,-50.505891419650936,-145.9832865383505
EP09,269,-38.02667970541873,-133.5040748241183
EP09,270,-43.095534782186746,-138.57292990088632
EP09,271,-65.14657935874627,-160.62397447744584
EP09,272,-36.075699595658364,-131.55309471435794
EP09,273,-59.76195620100705,-155.23935131970663
EP09,274,-60.711337684736804,-156.18873280343638
EP09,275,-40.56409727882058,-136.04149239752016
EP09,276,-71.24379435294082,-166.7211894716404
EP09,277,-44.273436651245476,-139.75083176994505
EP09,278,-48.46375503556962,-143.9411501542692
EP09,279,-49.617024807873065,-145.09441992657264
EP09,280,-75.45400695381716,-170.93140207251673
EP09,281,-49.079047895645346,-144.55644301434492
EP09,282,-78.12383017778711,-173.6012252964867
EP09,283,-50.86737872142038,-146.34477384011996
EP09,284,-66.55062809003229,-162.02802320873187
EP09,285,-42.055871010862575,-137.53326612956215
EP09,286,-41.096123016913,-136.57351813561257
EP09,287,-46.430214368259726,-141.9076094869593
EP09,288,-54.871743939657165,-150.34913905835674
EP09,289,-57.29835718673252,-152.7757523054321
EP09,290,-51.02570150072333,-146.5030966194229
EP09,291,-40.393877185923685,-135.87127230462326
EP09,292,-57.22890132962223,-152.7062964483218
EP09,293,-67.0166256777415,-162.49402079644108
EP09,294,-60.15183725373885,-155.62923237243842
EP09,295,-48.02994583159372,-143.5073409502933
EP09,296,-44.16334657571747,-139.64074169441704
EP09,297,-70.69015972748338,-166.16755484618295
EP09,298,-54.80465195411989,-150.28204707281947
EP09,299,-55.27490444372066,-150.75229956242023
EP09,300,-61.88677987215158,-157.36417499085115
EP09,301,-55.90513950454536,-151.38253462324494
EP09,302,-81.03822166255776,-176.51561678125734
EP09,303,-62.31530984701786,-157.79270496571743
EP09,304,-50.97762462061638,-146.45501973931596
EP09,305,-51.33451151008026,-146.81190662877984
EP09,306,-48.275932685419605,-143.75332780411918
EP09,307,-44.58257246431617,-140.05996758301575
EP09,308,-62.91536412021716,-158.39275923891674
EP09,309,-45.382792022682736,-140.8601871413823
EP09,310,-48.503256673168124,-143.9806517918677
EP09,311,-50.44886048716097,-145.92625560586055
EP09,312,-38.90425360400772,-134.3816487227073
EP09,313,-68.01825547396413,-163.4956505926637
EP09,314,-74.78789175764481,-170.2652868763444
EP09,315,-53.431003472955126,-148.9083985916547
EP09,316,-48.91005624421703,-144.3874513629166
EP09,317,-44.682852426198934,-140.1602475448985
EP09,318,-50.672982544445176,-146.15037766314475
EP09,319,-30.29165574032227,-125.76905085902185
EP09,320,-53.389699149908296,-148.86709426860787
EP09,321,-38.59843278538335,-134.07582790408293
EP09,322,-50.734106975388556,-146.21150209408813
EP09,323,-52.36953380161535,-147.84692892031492
EP09,324,-57.702839535666925,-153.1802346543665
EP09,325,-44.3155172454467,-139.79291236414628
EP09,326,-71.87920931616208,-167.35660443486165
EP09,327,-50.357056752159224,-145.8344518708588
EP09,328,-64.63876172602889,-160.11615684472847
EP09,329,-70.48359865772937,-165.96099377642895
EP09,330,-40.20600446016593,-135.6833995788655
EP09,331,-60.0497310631732,-155.52712618187277
EP09,332,-49.33920539342421,-144.81660051212378
EP09,333,-60.555733446694774,-156.03312856539435
EP09,334,-70.13674842375741,-165.614143542457
EP09,335,-47.91415204393846,-143.39154716263803
EP09,336,-47.32170646540848,-142.79910158410806
EP09,337,-47.74202364522725,-143.21941876392683
EP09,338,-64.43848071772928,-159.91587583642885
EP09,339,-46.55491625375504,-142.03231137245461
EP09,340,-44.07734774269369,-139.55474286139327
EP09,341,-63.70562872134124,-159.18302384004082
EP09,342,-76.00889113441042,-171.48628625311
EP09,343,-73.30676721031591,-168.7841623290155
EP09,344,-44.998921703722004,-140.47631682242158
EP09,345,-60.916344118747105,-156.39373923744668
EP09,346,-73.90233919788906,-169.37973431658864
EP09,347,-69.29458331890734,-164.77197843760692
EP09,348,-51.9554546358122,-147.43284975451178
EP09,349,-63.37473204494785,-158.85212716364742
EP09,350,-71.03195075227603,-166.5093458709756
EP09,351,-63.38864078277686,-158.86603590147644
EP09,352,-40.0965009307626,-135.57389604946218
EP09,353,-42.48952745295861,-137.9669225716582
EP09,354,-52.18812317462198,-147.66551829332155
EP09,355,-49.44023139520104,-144.91762651390061
EP09,356,-58.77855619703777,-154.25595131573735
EP09,357,-56.14617160191668,-151.62356672061625
EP09,358,-62.77109156545447,-158.24848668415405
EP09,359,-56.05042942924152,-151.5278245479411
EP09,360,-50.751684224139666,-146.22907934283924
EP09,361,-61.24268927815294,-156.7200843968525
EP09,362,-41.368741140895025,-136.8461362595946
EP09,363,-57.90693801925414,-153.38433313795372
EP09,364,-70.70804054977742,-166.185435668477
EP09,365,-59.881395000828206,-155.35879011952778
EP09,366,-55.20061179059442,-150.678006909294
EP09,367,-50.961346542707446,-146.43874166140702
EP09,368,-52.81304503746415,-148.29044015616373
EP09,369,-56.2478300179921,-151.72522513669168
EP09,370,-32.38488135413897,-127.86227647283854
EP09,371,-60.29796223892143,-155.775357357621
EP09,372,-47.29561890182319,-142.77301402052277
EP09,373,-57.67641716359253,-153.1538122822921
EP09,374,-59.862844083748655,-155.34023920244823
EP09,375,-51.65900745985945,-147.13640257855903
EP09,376,-48.679677472855246,-144.15707259155482
EP09,377,-57.04921084024278,-152.52660595894235
EP09,378,-45.9854067898909,-141.46280190859048
EP09,379,-64.76993463201194,-160.24732975071151
EP09,380,-34.99559703834808,-130.47299215704766
EP09,381,-57.067863651953786,-152.54525877065336
EP09,382,-40.013654089530235,-135.4910492082298
EP09,383,-46.83782361610321,-142.31521873480278
EP09,384,-53.4675180528354,-148.94491317153498
EP09,385,-70.96213304137314,-166.4395281600727
EP09,386,-60.52750542972555,-156.00490054842513
EP09,387,-44.03895906997613,-139.5163541886757
EP09,388,-56.718789469827044,-152.19618458852662
EP09,389,-74.19690012483261,-169.67429524353219
EP09,390,-47.51738004667712,-142.9947751653767
EP09,391,-61.17469061269398,-156.65208573139356
EP09,392,-51.31671199638876,-146.79410711508834
EP09,393,-68.95651725535762,-164.4339123740572
EP09,394,-56.94118265471971,-152.4185777734193
EP09,395,-60.684703778895795,-156.16209889759537
EP09,396,-62.720617081824145,-158.19801220052372
EP09,397,-57.516496346872,-152.99389146557158
EP09,398,-68.75115399004443,-164.228549108744
EP09,399,-48.80102305058796,-144.27841816928753
EP09,400,-60.77337227773134,-156.25076739643092
EP09,401,-51.541764307033304,-147.01915942573288
EP09,402,-64.7508846902588,-160.22827980895838
EP09,403,-59.228584464997,-154.70597958369657
EP09,404,-40.19511023363114,-135.67250535233072
EP09,405,-51.916435795263936,-147.3938309139635
EP09,406,-59.08369326883064,-154.56108838753022
EP09,407,-53.323600157338404,-148.80099527603798
EP09,408,-68.68003684403453,-164.1574319627341
EP09,409,-63.62003003961664,-159.0974251583162
EP09,410,-64.49762599236178,-159.97502111106135
EP09,411,-54.86085997903368,-150.33825509773325
EP09,412,-41.43548621481759,-136.91288133351716
EP09,413,-68.09335591717274,-163.57075103587232
EP09,414,-48.108572243206254,-143.58596736190583
EP09,415,-61.56995381944566,-157.04734893814523
EP09,416,-37.513431135774,-132.99082625447357
EP09,417,-61.03224993579565,-156.50964505449522
EP09,418,-67.19935712473196,-162.67675224343154
EP09,419,-72.50949882529238,-167.98689394399196
EP09,420,-42.57804247674801,-138.0554375954476
EP09,421,-44.27324561202573,-139.7506407307253
EP09,422,-53.119543411255194,-148.59693852995477
EP09,423,-55.8486751905711,-151.32607030927068
EP09,424,-54.79894587447018,-150.27634099316975
EP09,425,-42.61412888119463,-138.0915239998942
EP09,426,-47.42262023091172,-142.9000153496113
EP09,427,-61.27609563820687,-156.75349075690644
EP09,428,-56.37396704692691,-151.85136216562648
EP09,429,-49.61975606491106,-145.09715118361063
EP09,430,-50.420899253628676,-145.89829437232825
EP09,431,-62.931707596020004,-158.40910271471958
EP09,432,-74.73753354060906,-170.21492865930864
EP09,433,-56.42315321873721,-151.9005483374368
EP09,434,-61.99507685843275,-157.47247197713233
EP09,435,-45.9314265243612,-141.40882164306078
EP09,436,-28.83973108607745,-124.31712620477703
EP09,437,-55.32046332265651,-150.79785844135608
EP09,438,-40.846551544199514,-136.3239466628991
EP09,439,-48.812367680015456,-144.28976279871503
EP09,440,-52.82367817333488,-148.30107329203446
EP09,441,-51.325379974273915,-146.8027750929735
EP09,442,-41.43510321656785,-136.91249833526743
EP09,443,-57.53254805420136,-153.00994317290093
EP09,444,-43.75056831009661,-139.2279634287962
EP09,445,-73.49863977854076,-168.97603489724034
EP09,446,-61.510232818922645,-156.98762793762222
EP09,447,-57.675531958771586,-153.15292707747116
EP09,448,-31.54358312301865,-127.02097824171823
EP09,449,-58.8339566420789,-154.31135176077848
EP09,450,-31.5197968105375,-126.99719192923708
EP09,451,-59.56851007637951,-155.0459051950791
EP09,452,-50.15904448104254,-145.63643959974212
EP09,453,-51.63710560967607,-147.11450072837565
EP09,454,-47.29294486093164,-142.77033997963122
EP09,455,-50.61713076283084,-146.09452588153042
EP09,456,-60.51284152147838,-155.99023664017795
EP09,457,-52.822546357847784,-148.29994147654736
EP09,458,-42.47569386999834,-137.9530889886979
EP09,459,-65.99188409366224,-161.4692792123618
EP09,460,-60.74540069065927,-156.22279580935884
EP09,461,-62.103362435439436,-157.580757554139
EP09,462,-53.36733340458176,-148.84472852328133
EP09,463,-55.04980322508001,-150.5271983437796
EP09,464,-74.5509115345495,-170.02830665324907
EP09,465,-63.96043400914971,-159.43782912784928
EP09,466,-42.046273110579705,-137.52366822927928
EP09,467,-47.28415927956658,-142.76155439826616
EP09,468,-52.579503487650896,-148.05689860635047
EP09,469,-47.31290601819606,-142.79030113689564
EP09,470,-56.27223101051476,-151.74962612921433
EP09,471,-54.016606483250285,-149.49400160194986
EP09,472,-56.02770165370501,-151.50509677240458
EP09,473,-62.866568124286545,-158.34396324298612
EP09,474,-29.035670330993185,-124.51306544969276
EP09,475,-71.21877951083977,-166.69617462953934
EP09,476,-43.25565246115994,-138.73304757985952
EP09,477,-61.051496286805104,-156.52889140550468
EP09,478,-55.85720756967402,-151.3346026883736
EP09,479,-58.76945941105717,-154.24685452975675
EP09,480,-46.67419687575847,-142.15159199445804
EP09,481,-59.69979149185485,-155.17718661055443
EP09,482,-53.45084727549656,-148.92824239419613
EP09,483,-74.77541165074703,-170.2528067694466
EP09,484,-58.02945717936268,-153.50685229806226
EP09,485,-41.10295468178364,-136.58034980048322
EP09,486,-63.734621498492004,-159.21201661719158
EP09,487,-52.01359061587539,-147.49098573457496
EP09,488,-33.85198521340783,-129.3293803321074
EP09,489,-48.151204918741854,-143.62860003744143
EP09,490,-59.33411190982278,-154.81150702852236
EP09,491,-59.63073558840159,-155.10813070710117
EP09,492,-40.99666890348317,-136.47406402218274
EP09,493,-55.0980113120269,-150.57540643072647
EP09,494,-33.59321833288496,-129.07061345158453
EP09,495,-68.39698482458067,-163.87437994328025
EP09,496,-63.842030650524634,-159.3194257692242
EP09,497,-45.96773360672657,-141.44512872542614
EP09,498,-50.47296531950127,-145.95036043820085
EP09,499,-52.327871463140895,-147.80526658184047
EP09,500,-67.33067304917805,-162.80806816787762
EP10,1,-54.05151563193223,-149.5289107506318
EP10,2,-66.00061299327865,-161.47800811197823
EP10,3,-71.03710738005267,-166.51450249875225
EP10,4,-50.0726591056565,-145.55005422435607
EP10,5,-63.3282719587898,-158.80566707748937
EP10,6,-68.62991209967032,-164.1073072183699
EP10,7,-63.101119460151665,-158.57851457885124
EP10,8,-67.97368457579628,-163.45107969449586
EP10,9,-67.14569817517238,-162.62309329387196
EP10,10,-57.45606819796214,-152.93346331666172
EP10,11,-59.97587764982626,-155.45327276852584
EP10,12,-44.038529621774444,-139.51592474047402
EP10,13,-69.18962087095485,-164.66701598965443
EP10,14,-58.308710163615956,-153.78610528231553
EP10,15,-57.192049041624244,-152.66944416032382
EP10,16,-69.37082701252118,-164.84822213122075
EP10,17,-71.7512687391758,-167.22866385787538
EP10,18,-72.63927140773072,-168.1166665264303
EP10,19,-69.07061898149075,-164.54801410019033
EP10,20,-46.24326318122371,-141.7206582999233
EP10,21,-87.25601383598817,-182.73340895468775
EP10,22,-68.10526875703613,-163.5826638757357
EP10,23,-73.30987111298055,-168.78726623168012
EP10,24,-60.84394621208236,-156.32134133078193
EP10,25,-93.61781305251449,-189.09520817121407
EP10,26,-71.29335144785318,-166.77074656655276
EP10,27,-77.57909743121536,-173.05649254991494
EP10,28,-53.60449865073812,-149.0818937694377
EP10,29,-61.63473678322521,-157.11213190192478
EP10,30,-75.74992677424797,-171.22732189294754
EP10,31,-59.28447581513453,-154.7618709338341
EP10,32,-64.29095095838125,-159.76834607708082
EP10,33,-46.892153660703315,-142.3695487794029
EP10,34,-79.96650084068744,-175.44389595938702
EP10,35,-57.25498587967746,-152.73238099837704
EP10,36,-72.5826881973872,-168.06008331608678
EP10,37,-68.46239640609559,-163.93979152479517
EP10,38,-53.630870018838635,-149.1082651375382
EP10,39,-60.315193912840044,-155.79258903153962
EP10,40,-73.86004202116544,-169.33743713986502
EP10,41,-68.8424732596362,-164.31986837833577
EP10,42,-77.50871713997677,-172.98611225867634
EP10,43,-63.79257927551427,-159.26997439421385
EP10,44,-71.64047189602326,-167.11786701472283
EP10,45,-46.73602381165759,-142.21341893035716
EP10,46,-66.05652425341108,-161.53391937211066
EP10,47,-55.83974487681277,-151.31713999551235
EP10,48,-70.20791037430581,-165.6853054930054
EP10,49,-75.0761196987799,-170.55351481747948
EP10,50,-67.7638014787704,-163.24119659746998
EP10,51,-46.17827409870682,-141.6556692174064
EP10,52,-53.678367146966934,-149.1557622656665
EP10,53,-77.72591330865856,-173.20330842735814
EP10,54,-72.84167544189029,-168.31907056058986
EP10,55,-66.90438814477909,-162.38178326347867
EP10,56,-61.056142149202515,-156.5335372679021
EP10,57,-63.9172734035173,-159.39466852221688
EP10,58,-66.61388658909885,-162.09128170779843
EP10,59,-82.47343002162563,-177.9508251403252
EP10,60,-63.38772720439587,-158.86512232309545
EP10,61,-62.877269033163145,-158.35466415186272
EP10,62,-77.20292401757663,-172.6803191362762
EP10,63,-57.85027686741705,-153.32767198611663
EP10,64,-68.15880042498094,-163.63619554368051
EP10,65,-84.25353650026844,-179.73093161896801
EP10,66,-61.67798985625572,-157.1553849749553
EP10,67,-65.61850571807364,-161.0959008367732
EP10,68,-70.9824964050029,-166.45989152370248
EP10,69,-67.41023330152598,-162.88762842022555
EP10,70,-73.14017111548901,-168.6175662341886
EP10,71,-49.11821544793841,-144.595610566638
EP10,72,-77.50649887903734,-172.9838939977369
EP10,73,-54.04244384800836,-149.51983896670794
EP10,74,-72.7255925333032,-168.20298765200278
EP10,75,-45.59474535845692,-141.0721404771565
EP10,76,-64.69385423037417,-160.17124934907375
EP10,77,-80.39148554987764,-175.86888066857722
EP10,78,-64.66524047122596,-160.14263558992553
EP10,79,-73.24736008214538,-168.72475520084495
EP10,80,-73.55733762880561,-169.0347327475052
EP10,81,-56.36648959855964,-151.84388471725921
EP10,82,-61.43962804888105,-156.91702316758062
EP10,83,-64.45127781878057,-159.92867293748014
EP10,84,-62.646256879002635,-158.1236519977022
EP10,85,-59.06571093682763,-154.5431060555272
EP10,86,-60.73938353525631,-156.21677865395588
EP10,87,-66.4916247863433,-161.96901990504287
EP10,88,-56.29138879515847,-151.76878391385804
EP10,89,-53.5089193057276,-148.98631442442718
EP10,90,-66.51333670801131,-161.99073182671088
EP10,91,-62.104917891816115,-157.5823130105157
EP10,92,-83.41848711164931,-178.8958822303489
EP10,93,-77.31249538888486,-172.78989050758443
EP10,94,-72.96276568492743,-168.440160803627
EP10,95,-67.94793673154354,-163.4253318502431
EP10,96,-74.79485295038037,-170.27224806907995
EP10,97,-57.9382763121439,-153.41567143084347
EP10,98,-76.13401900217022,-171.6114141208698
EP10,99,-84.29984522580531,-179.7772403445049
EP10,100,-78.7746523280669,-174.25204744676648
EP10,101,-72.34515232493922,-167.8225474436388
EP10,102,-66.71272163248918,-162.19011675118875
EP10,103,-74.34821825663369,-169.82561337533326
EP10,104,-59.91185695380469,-155.38925207250426
EP10,105,-78.8297539494763,-174.30714906817587
EP10,106,-54.747680289777776,-150.22507540847735
EP10,107,-74.55823891413519,-170.03563403283476
EP10,108,-74.35263270329736,-169.83002782199694
EP10,109,-49.90913301125494,-145.3865281299545
EP10,110,-65.70235282182796,-161.17974794052753
EP10,111,-63.80308892693793,-159.2804840456375
EP10,112,-60.19798196397332,-155.6753770826729
EP10,113,-65.2398788324711,-160.71727395117068
EP10,114,-64.55848062037438,-160.03587573907396
EP10,115,-57.78752182581124,-153.26491694451082
EP10,116,-52.53827274135739,-148.01566786005696
EP10,117,-69.30009947520804,-164.77749459390762
EP10,118,-55.296876867290734,-150.7742719859903
EP10,119,-66.1718385985188,-161.64923371721838
EP10,120,-62.08082490524703,-157.5582200239466
EP10,121,-63.93127219065116,-159.40866730935073
EP10,122,-75.60135131530899,-171.07874643400856
EP10,123,-64.26824032437119,-159.74563544307077
EP10,124,-67.20224097370078,-162.67963609240036
EP10,125,-71.00972008096593,-166.4871151996655
EP10,126,-73.79620134180993,-169.2735964605095
EP10,127,-59.971206963324846,-155.44860208202442
EP10,128,-65.07252472446254,-160.54991984316212
EP10,129,-62.426719738880195,-157.90411485757977
EP10,130,-80.00728813081255,-175.48468324951213
EP10,131,-63.541866481533305,-159.01926160023288
EP10,132,-60.819855367513355,-156.29725048621293
EP10,133,-54.27897513170498,-149.75637025040456
EP10,134,-74.3111352794453,-169.78853039814487
EP10,135,-58.105638435659756,-153.58303355435933
EP10,136,-82.1137532441245,-177.59114836282407
EP10,137,-74.03188596836242,-169.509281087062
EP10,138,-64.03311474079754,-159.51050985949712
EP10,139,-71.17582840165733,-166.6532235203569
EP10,140,-66.33220875885718,-161.80960387755675
EP10,141,-52.31358840086094,-147.7909835195605
EP10,142,-60.90693356808697,-156.38432868678655
EP10,143,-62.66251119713016,-158.13990631582973
EP10,144,-61.183268717134524,-156.6606638358341
EP10,145,-57.07890094709512,-152.5562960657947
EP10,146,-55.04407627701073,-150.5214713957103
EP10,147,-56.65982937363884,-152.13722449233842
EP10,148,-72.50268074968841,-167.98007586838798
EP10,149,-52.90528899226797,-148.38268411096755
EP10,150,-76.64570912173889,-172.12310424043847
EP10,151,-52.309996791337426,-147.787391910037
EP10,152,-75.47167505437238,-170.94907017307196
EP10,153,-65.17809695813006,-160.65549207682963
EP10,154,-80.18884299681679,-175.66623811551636
EP10,155,-66.20548727031982,-161.6828823890194
EP10,156,-54.08331785222106,-149.56071297092063
EP10,157,-84.10583690134223,-179.5832320200418
EP10,158,-56.21902242375856,-151.69641754245814
EP10,159,-65.87704941645598,-161.35444453515555
EP10,160,-60.156755868524584,-155.63415098722416
EP10,161,-74.06097525797625,-169.53837037667583
EP10,162,-53.92061437332751,-149.3980094920271
EP10,163,-59.22062768630485,-154.69802280500443
EP10,164,-56.38969359345822,-151.8670887121578
EP10,165,-65.41663320918789,-160.89402832788747
EP10,166,-64.23270240472868,-159.71009752342826
EP10,167,-43.636540551034216,-139.1139356697338
EP10,168,-74.85729032715977,-170.33468544585935
EP10,169,-65.41666947237962,-160.8940645910792
EP10,170,-43.59873647738556,-139.07613159608513
EP10,171,-63.501266086000044,-158.97866120469962
EP10,172,-68.18580047307353,-163.6631955917731
EP10,173,-57.81078462675876,-153.28817974545834
EP10,174,-70.31335878603107,-165.79075390473065
EP10,175,-72.32366131766469,-167.80105643636426
EP10,176,-81.24076325186141,-176.71815837056099
EP10,177,-69.91293355288417,-165.39032867158375
EP10,178,-64.86113565578859,-160.33853077448816
EP10,179,-67.63620617065027,-163.11360128934984
EP10,180,-57.67902835358072,-153.1564234722803
EP10,181,-46.11882036671727,-141.59621548541685
EP10,182,-74.43142631549449,-169.90882143419407
EP10,183,-64.42597291068907,-159.90336802938864
EP10,184,-67.79545272338405,-163.27284784208362
EP10,185,-72.88034560397344,-168.35774072267301
EP10,186,-63.995388034747634,-159.4727831534472
EP10,187,-74.34503804128838,-169.82243315998795
EP10,188,-49.04279957842073,-144.5201946971203
EP10,189,-66.04655627377224,-161.52395139247182
EP10,190,-81.30902670483539,-176.78642182353497
EP10,191,-78.27602547799793,-173.7534205966975
EP10,192,-70.4873487592597,-165.96474387795928
EP10,193,-68.46099882068279,-163.93839393938237
EP10,194,-77.06107491889699,-172.53847003759657
EP10,195,-73.0883241564145,-168.56571927511408
EP10,196,-55.34250044249768,-150.81989556119726
EP10,197,-59.90208485110094,-155.3794799698005
EP10,198,-71.00716288155758,-166.48455800025715
EP10,199,-66.33749571545775,-161.81489083415732
EP10,200,-57.405950552467544,-152.88334567116712
EP10,201,-61.72515486838972,-157.2025499870893
EP10,202,-68.2787970752837,-163.75619219398328
EP10,203,-81.87387255496702,-177.3512676736666
EP10,204,-62.324602645594666,-157.80199776429424
EP10,205,-63.273567712326894,-158.75096283102647
EP10,206,-75.50484663978389,-170.98224175848347
EP10,207,-64.30435635482587,-159.78175147352545
EP10,208,-71.13574082015174,-166.61313593885131
EP10,209,-47.298289891234504,-142.77568500993408
EP10,210,-51.506009645066825,-146.9834047637664
EP10,211,-64.33420780109793,-159.8116029197975
EP10,212,-67.69549041988986,-163.17288553858944
EP10,213,-74.1220874289767,-169.59948254767627
EP10,214,-53.27357044249371,-148.75096556119328
EP10,215,-50.20035953460581,-145.67775465330539
EP10,216,-61.23284100248421,-156.71023612118378
EP10,217,-65.24028983463782,-160.7176849533374
EP10,218,-51.67408259739233,-147.1514777160919
EP10,219,-63.436484043479936,-158.9138791621795
EP10,220,-69.53939410532263,-165.0167892240222
EP10,221,-86.48250622938838,-181.95990134808795
EP10,222,-54.80561488896228,-150.28301000766186
EP10,223,-74.30543794205508,-169.78283306075465
EP10,224,-68.52464894578162,-164.0020440644812
EP10,225,-65.72489540643167,-161.20229052513125
EP10,226,-55.502785058466145,-150.98018017716572
EP10,227,-60.438397815467056,-155.91579293416663
EP10,228,-55.36020261349057,-150.83759773219015
EP10,229,-44.911250148151,-140.38864526685057
EP10,230,-48.85570348270221,-144.3330986014018
EP10,231,-68.44125882193399,-163.91865394063356
EP10,232,-79.80402345407697,-175.28141857277654
EP10,233,-69.65359470946802,-165.1309898281676
EP10,234,-76.61931101457213,-172.0967061332717
EP10,235,-82.08095988026304,-177.5583549989626
EP10,236,-70.55790492659014,-166.03530004528972
EP10,237,-67.90876556374192,-163.3861606824415
EP10,238,-47.34067391337058,-142.81806903207016
EP10,239,-66.36530626002403,-161.8427013787236
EP10,240,-55.25407980610004,-150.7314749247996
EP10,241,-74.95462035684176,-170.43201547554133
EP10,242,-61.43710401948957,-156.91449913818914
EP10,243,-66.02217461818401,-161.4995697368836
EP10,244,-72.68688256424292,-168.1642776829425
EP10,245,-78.05273674292943,-173.530131861629
EP10,246,-80.70477622222663,-176.1821713409262
EP10,247,-71.57740940051866,-167.05480451921824
EP10,248,-59.60804453294111,-155.08543965164068
EP10,249,-72.16566219892778,-167.64305731762735
EP10,250,-60.67427150414085,-156.15166662284042
EP10,251,-74.67818955411326,-170.15558467281284
EP10,252,-55.43648469363782,-150.9138798123374
EP10,253,-64.95858059148071,-160.4359757101803
EP10,254,-58.26656271474545,-153.74395783344502
EP10,255,-62.298441268647565,-157.77583638734714
EP10,256,-55.5561429184269,-151.03353803712648
EP10,257,-77.32744135033636,-172.80483646903593
EP10,258,-77.94009177383347,-173.41748689253305
EP10,259,-68.53901615259494,-164.01641127129452
EP10,260,-44.685720041119964,-140.16311515981954
EP10,261,-77.67907105591615,-173.15646617461573
EP10,262,-81.27194648099044,-176.74934159969
EP10,263,-68.4427017869414,-163.92009690564097
EP10,264,-53.8638046493717,-149.34119976807128
EP10,265,-45.35560408435089,-140.83299920305046
EP10,266,-83.45889077543302,-178.9362858941326
EP10,267,-60.829380178103946,-156.30677529680352
EP10,268,-76.45750401361786,-171.93489913231744
EP10,269,-44.77560594928673,-140.2530010679863
EP10,270,-74.40581379724284,-169.88320891594242
EP10,271,-65.57901248134601,-161.0564076000456
EP10,272,-74.05239452251212,-169.5297896412117
EP10,273,-69.43789302754314,-164.91528814624272
EP10,274,-58.81420431075384,-154.2915994294534
EP10,275,-51.47829013058322,-146.9556852492828
EP10,276,-61.868412880561294,-157.34580799926087
EP10,277,-49.26086492884619,-144.73826004754577
EP10,278,-56.245465036069675,-151.72286015476925
EP10,279,-56.370566017657296,-151.84796113635687
EP10,280,-62.565815150349465,-158.04321026904904
EP10,281,-70.55310352626219,-166.03049864496177
EP10,282,-64.4502566316587,-159.92765175035828
EP10,283,-77.00503783979238,-172.48243295849196
EP10,284,-66.94224179085086,-162.41963690955043
EP10,285,-62.58611672582589,-158.06351184452546
EP10,286,-59.33808150032084,-154.81547661902042
EP10,287,-64.02557312669674,-159.50296824539632
EP10,288,-54.58108497380201,-150.05848009250158
EP10,289,-44.52529289876341,-140.002688017463
EP10,290,-72.95443454452851,-168.4318296632281
EP10,291,-66.18206226540906,-161.65945738410863
EP10,292,-62.97160831433035,-158.44900343302993
EP10,293,-66.1382999252611,-161.61569504396067
EP10,294,-65.31231281935382,-160.7897079380534
EP10,295,-77.19538900421207,-172.67278412291165
EP10,296,-66.2603844232222,-161.73777954192178
EP10,297,-76.08584448268749,-171.56323960138707
EP10,298,-63.07520478746221,-158.5525999061618
EP10,299,-60.09564441965466,-155.57303953835424
EP10,300,-60.78853697011607,-156.26593208881565
EP10,301,-70.54102013320988,-166.01841525190946
EP10,302,-56.64627492515038,-152.12367004384996
EP10,303,-75.61181517883429,-171.08921029753387
EP10,304,-47.21079006214097,-142.68818518084055
EP10,305,-72.15534781338744,-167.632742932087
EP10,306,-57.501802735355426,-152.979197854055
EP10,307,-55.568373114134346,-151.04576823283392
EP10,308,-42.86863425532104,-138.34602937402062
EP10,309,-48.280206594186865,-143.75760171288644
EP10,310,-66.11566368556129,-161.59305880426086
EP10,311,-66.48435351674271,-161.9617486354423
EP10,312,-64.7300686873667,-160.20746380606627
EP10,313,-72.82244578500712,-168.2998409037067
EP10,314,-61.38464202684057,-156.86203714554014
EP10,315,-66.40492110327759,-161.88231622197716
EP10,316,-76.02107031834032,-171.4984654370399
EP10,317,-55.458494858410916,-150.9358899771105
EP10,318,-54.71735216355259,-150.19474728225217
EP10,319,-66.31430670323374,-161.79170182193332
EP10,320,-56.491922189361816,-151.9693173080614
EP10,321,-79.10821280604847,-174.58560792474805
EP10,322,-50.244617315773695,-145.72201243447327
EP10,323,-46.60666454840336,-142.08405966710293
EP10,324,-67.28261550251153,-162.7600106212111
EP10,325,-76.03584639518894,-171.51324151388852
EP10,326,-60.20659130000436,-155.68398641870394
EP10,327,-77.2245074732775,-172.70190259197707
EP10,328,-55.39534495509736,-150.87274007379693
EP10,329,-59.66251803459798,-155.13991315329756
EP10,330,-71.69380035831239,-167.17119547701196
EP10,331,-78.00027067912455,-173.47766579782413
EP10,332,-65.51467295096049,-160.99206806966006
EP10,333,-59.2870135849966,-154.76440870369618
EP10,334,-60.45383264461077,-155.93122776331035
EP10,335,-65.6110309616,-161.08842608029957
EP10,336,-63.36243064774783,-158.8398257664474
EP10,337,-85.7648525093673,-181.24224762806688
EP10,338,-71.21429056386492,-166.6916856825645
EP10,339,-87.50686266508029,-182.98425778377987
EP10,340,-61.43367862596335,-156.91107374466293
EP10,341,-73.52595665516296,-169.00335177386253
EP10,342,-65.68423202571,-161.16162714440958
EP10,343,-55.51553209873393,-150.9929272174335
EP10,344,-68.73314658310423,-164.2105417018038
EP10,345,-69.38815045082964,-164.86554556952922
EP10,346,-60.79536139368025,-156.27275651237983
EP10,347,-77.20305038859968,-172.68044550729925
EP10,348,-64.35114846311228,-159.82854358181186
EP10,349,-73.91837667436903,-169.3957717930686
EP10,350,-55.05196794200387,-150.52936306070345
EP10,351,-64.67699666358948,-160.15439178228905
EP10,352,-63.14846080064598,-158.62585591934555
EP10,353,-85.60116087622725,-181.07855599492683
EP10,354,-63.520611806297325,-158.9980069249969
EP10,355,-55.88785345310606,-151.36524857180564
EP10,356,-93.27902617333487,-188.75642129203445
EP10,357,-66.55124797489665,-162.02864309359623
EP10,358,-66.12671573945158,-161.60411085815116
EP10,359,-73.63234427266073,-169.1097393913603
EP10,360,-68.05868878645816,-163.53608390515774
EP10,361,-63.54234827032266,-159.01974338902224
EP10,362,-66.08667683482085,-161.56407195352043
EP10,363,-50.7490571622163,-146.22645228091588
EP10,364,-65.23450785171428,-160.71190297041386
EP10,365,-61.32766478053756,-156.80505989923714
EP10,366,-80.40674102615947,-175.88413614485904
EP10,367,-67.21441678262784,-162.6918119013274
EP10,368,-68.49170624641724,-163.9691013651168
EP10,369,-81.57987756779423,-177.0572726864938
EP10,370,-66.84429272028277,-162.32168783898234
EP10,371,-62.69474646437064,-158.1721415830702
EP10,372,-50.85642226326627,-146.33381738196584
EP10,373,-70.81736678958225,-166.29476190828183
EP10,374,-79.01775598212049,-174.49515110082007
EP10,375,-55.28781493062536,-150.76521004932493
EP10,376,-74.20648604328935,-169.68388116198892
EP10,377,-70.83668806586624,-166.31408318456582
EP10,378,-74.85271079859976,-170.33010591729933
EP10,379,-62.83213676885504,-158.3095318875546
EP10,380,-62.50626504385312,-157.9836601625527
EP10,381,-55.11400570806484,-150.5914008267644
EP10,382,-45.08778158658072,-140.5651767052803
EP10,383,-63.01894896625194,-158.49634408495152
EP10,384,-80.49188060450558,-175.96927572320516
EP10,385,-82.32897373677537,-177.80636885547494
EP10,386,-62.97416206912172,-158.4515571878213
EP10,387,-67.56118245708785,-163.03857757578743
EP10,388,-47.36538454348664,-142.84277966218622
EP10,389,-71.65535380815555,-167.13274892685513
EP10,390,-76.09719762776697,-171.57459274646655
EP10,391,-50.06396738626921,-145.5413625049688
EP10,392,-66.70568097773403,-162.1830760964336
EP10,393,-70.28019876167701,-165.7575938803766
EP10,394,-75.07269585528024,-170.55009097397982
EP10,395,-82.87038640418419,-178.34778152288376
EP10,396,-62.292074425331634,-157.7694695440312
EP10,397,-71.36812133985961,-166.8455164585592
EP10,398,-59.069944045050846,-154.54733916375042
EP10,399,-63.12767588114207,-158.60507099984164
EP10,400,-78.74714730679693,-174.2245424254965
EP10,401,-76.32929464030497,-171.80668975900454
EP10,402,-61.20050157911783,-156.6778966978174
EP10,403,-71.25049550352801,-166.7278906222276
EP10,404,-62.79368100596366,-158.27107612466324
EP10,405,-75.26572224853217,-170.74311736723175
EP10,406,-60.59015188806066,-156.06754700676024
EP10,407,-64.74297715229065,-160.22037227099023
EP10,408,-54.95282506566835,-150.43022018436793
EP10,409,-76.32226517069773,-171.7996602893973
EP10,410,-71.77516000075835,-167.25255511945792
EP10,411,-74.29172523732862,-169.7691203560282
EP10,412,-60.37110145603438,-155.84849657473396
EP10,413,-69.46246733173516,-164.93986245043473
EP10,414,-69.32669125775465,-164.80408637645422
EP10,415,-69.15736212068367,-164.63475723938325
EP10,416,-54.64495333112319,-150.12234844982277
EP10,417,-55.227211306736564,-150.70460642543614
EP10,418,-67.0250371923259,-162.50243231102547
EP10,419,-62.22808221240635,-157.70547733110593
EP10,420,-68.99723944678973,-164.4746345654893
EP10,421,-71.93023594370837,-167.40763106240794
EP10,422,-63.42296198169217,-158.90035710039174
EP10,423,-58.691271734918786,-154.16866685361836
EP10,424,-72.87196480954833,-168.3493599282479
EP10,425,-67.30146227843835,-162.77885739713793
EP10,426,-67.50071226394789,-162.97810738264747
EP10,427,-45.15310951146611,-140.6305046301657
EP10,428,-64.78368966666847,-160.26108478536804
EP10,429,-62.46145119262019,-157.93884631131976
EP10,430,-50.883839345259275,-146.36123446395885
EP10,431,-55.08490660130576,-150.56230172000534
EP10,432,-80.96686178396274,-176.44425690266232
EP10,433,-68.60165001455698,-164.07904513325656
EP10,434,-61.35003962939754,-156.82743474809712
EP10,435,-64.9084606799334,-160.38585579863297
EP10,436,-64.21934147338322,-159.6967365920828
EP10,437,-56.22903871640895,-151.70643383510853
EP10,438,-73.88162373333034,-169.35901885202992
EP10,439,-64.3924903794414,-159.86988549814097
EP10,440,-63.36978443534804,-158.8471795540476
EP10,441,-68.6448058219367,-164.12220094063628
EP10,442,-66.00279720017005,-161.48019231886963
EP10,443,-62.664783871250364,-158.14217898994994
EP10,444,-93.60975523356589,-189.08715035226547
EP10,445,-59.93807356970737,-155.41546868840695
EP10,446,-75.87993408968424,-171.35732920838382
EP10,447,-56.98872277368588,-152.46611789238545
EP10,448,-55.1394581810261,-150.61685329972568
EP10,449,-66.65113101168333,-162.1285261303829
EP10,450,-62.71459397989494,-158.19198909859452
EP10,451,-53.660351067959596,-149.13774618665917
EP10,452,-60.378372079886844,-155.85576719858642
EP10,453,-69.44018442105451,-164.9175795397541
EP10,454,-55.985175246811906,-151.46257036551148
EP10,455,-44.85752773155002,-140.3349228502496
EP10,456,-56.600393301832185,-152.07778842053176
EP10,457,-67.12207624811444,-162.59947136681402
EP10,458,-66.82068364376451,-162.2980787624641
EP10,459,-70.31479315413324,-165.79218827283282
EP10,460,-76.50036075085455,-171.97775586955413
EP10,461,-59.97700614653206,-155.45440126523164
EP10,462,-62.242280586644256,-157.71967570534383
EP10,463,-63.063449332755056,-158.54084445145463
EP10,464,-61.3705225947038,-156.84791771340338
EP10,465,-64.0747772586289,-159.55217237732847
EP10,466,-58.68887924648675,-154.16627436518633
EP10,467,-72.37375427060633,-167.8511493893059
EP10,468,-61.36189176026696,-156.83928687896653
EP10,469,-57.303695685988686,-152.78109080468826
EP10,470,-55.62324330360789,-151.10063842230747
EP10,471,-65.18455844209237,-160.66195356079194
EP10,472,-63.13379629971945,-158.61119141841903
EP10,473,-64.71630910269519,-160.19370422139477
EP10,474,-68.96479428851762,-164.4421894072172
EP10,475,-71.2100378421838,-166.68743296088337
EP10,476,-65.44718905088473,-160.9245841695843
EP10,477,-70.77955552035414,-166.2569506390537
EP10,478,-58.41401021449275,-153.89140533319232
EP10,479,-73.49821632726903,-168.9756114459686
EP10,480,-63.38439048695173,-158.8617856056513
EP10,481,-53.492860623158776,-148.97025574185835
EP10,482,-67.45018982666687,-162.92758494536645
EP10,483,-75.12462316258018,-170.60201828127975
EP10,484,-66.35784101674582,-161.8352361354454
EP10,485,-81.05883631226638,-176.53623143096596
EP10,486,-63.97047846325313,-159.4478735819527
EP10,487,-60.991729603882845,-156.46912472258242
EP10,488,-85.33291104171605,-180.81030616041562
EP10,489,-57.87122610761389,-153.34862122631347
EP10,490,-81.35752156658344,-176.83491668528302
EP10,491,-65.93395176356188,-161.41134688226145
EP10,492,-70.8530825903108,-166.33047770901038
EP10,493,-71.48961125724443,-166.967006375944
EP10,494,-67.04406806913391,-162.5214631878335
EP10,495,-61.804718195306066,-157.28211331400564
EP10,496,-71.80323376494133,-167.2806288836409
EP10,497,-78.45359163744266,-173.93098675614223
EP10,498,-69.0689765032671,-164.54637162196667
EP10,499,-65.76020946040296,-161.23760457910254
EP10,500,-61.696881860346934,-157.1742769790465
EP11,1,-70.43460067051777,-165.91199578921734
EP11,2,-44.85236332997667,-140.32975844867624
EP11,3,-58.742508407385714,-154.2199035260853
EP11,4,-45.132076356300246,-140.60947147499982
EP11,5,-62.33525150059782,-157.8126466192974
EP11,6,-61.70023269558939,-157.17762781428897
EP11,7,-55.948646523467744,-151.42604164216732
EP11,8,-69.5952554751965,-165.07265059389607
EP11,9,-49.35983720480883,-144.8372323235084
EP11,10,-63.26555013216557,-158.74294525086515
EP11,11,-67.29010993018667,-162.76750504888625
EP11,12,-79.40800844210904,-174.8854035608086
EP11,13,-71.40483722811535,-166.88223234681493
EP11,14,-65.67901649195821,-161.15641161065778
EP11,15,-65.69507875622682,-161.1724738749264
EP11,16,-66.57384092195389,-162.05123604065346
EP11,17,-44.24533539223799,-139.72273051093757
EP11,18,-70.04443825544459,-165.52183337414417
EP11,19,-58.866733075686085,-154.34412819438566
EP11,20,-57.386672875949984,-152.86406799464956
EP11,21,-61.93259255835568,-157.40998767705526
EP11,22,-57.706242530476885,-153.18363764917646
EP11,23,-62.02058534896992,-157.4979804676695
EP11,24,-44.24123982953205,-139.71863494823162
EP11,25,-57.85563462827693,-153.3330297469765
EP11,26,-61.897232829883336,-157.3746279485829
EP11,27,-67.30700256885876,-162.78439768755834
EP11,28,-59.918692891593366,-155.39608801029294
EP11,29,-68.17606459115973,-163.6534597098593
EP11,30,-60.676620226137175,-156.15401534483675
EP11,31,-61.56038866251683,-157.0377837812164
EP11,32,-47.20053122638265,-142.67792634508223
EP11,33,-68.883094024793,-164.36048914349257
EP11,34,-61.02588925185469,-156.50328437055427
EP11,35,-57.32107864328239,-152.79847376198197
EP11,36,-54.133310354993,-149.61070547369258
EP11,37,-68.5444293038511,-164.02182442255068
EP11,38,-62.82225226529087,-158.29964738399045
EP11,39,-65.66685354442194,-161.14424866312152
EP11,40,-60.231344936989245,-155.70874005568882
EP11,41,-61.49397885484922,-156.9713739735488
EP11,42,-65.19435985554571,-160.6717549742453
EP11,43,-53.86427301348954,-149.3416681321891
EP11,44,-59.287505230128545,-154.76490034882812
EP11,45,-53.87081434222611,-149.3482094609257
EP11,46,-66.59769515193506,-162.07509027063463
EP11,47,-66.03459375346802,-161.5119888721676
EP11,48,-61.96341815604936,-157.44081327474893
EP11,49,-67.9880888296725,-163.46548394837208
EP11,50,-52.22838032317782,-147.7057754418774
EP11,51,-48.731681319289805,-144.20907643798938
EP11,52,-51.93668417748543,-147.414079296185
EP11,53,-53.144291966888005,-148.62168708558758
EP11,54,-60.3318790490637,-155.80927416776328
EP11,55,-52.883906371650085,-148.36130149034966
EP11,56,-59.538408526416305,-155.01580364511588
EP11,57,-67.40589174651876,-162.88328686521834
EP11,58,-55.61889403091854,-151.09628914961812
EP11,59,-66.31872040688148,-161.79611552558106
EP11,60,-64.68671476385202,-160.1641098825516
EP11,61,-62.260265881859425,-157.737661000559
EP11,62,-66.95466654577984,-162.43206166447942
EP11,63,-53.9310872131735,-149.40848233187307
EP11,64,-61.10344842111803,-156.5808435398176
EP11,65,-57.42087660391539,-152.89827172261496
EP11,66,-69.576311450737,-165.05370656943657
EP11,67,-61.47448704319018,-156.95188216188976
EP11,68,-55.65577274762106,-151.13316786632063
EP11,69,-62.92579463831987,-158.40318975701945
EP11,70,-59.6488422501931,-155.12623736889267
EP11,71,-70.40439430103606,-165.88178941973564
EP11,72,-52.36550249589152,-147.8428976145911
EP11,73,-63.12819035510498,-158.60558547380455
EP11,74,-60.1355532227434,-155.61294834144297
EP11,75,-70.44653858902342,-165.923933707723
EP11,76,-60.44976575228279,-155.92716087098236
EP11,77,-62.176403156065504,-157.65379827476508
EP11,78,-62.40349390360717,-157.88088902230675
EP11,79,-65.95278552883707,-161.43018064753664
EP11,80,-52.780186309214514,-148.2575814279141
EP11,81,-61.91390857433157,-157.39130369303115
EP11,82,-59.82145117160712,-155.2988462903067
EP11,83,-60.14377787066621,-155.6211729893658
EP11,84,-62.04450045276525,-157.52189557146482
EP11,85,-45.79591910741607,-141.27331422611564
EP11,86,-65.21673733270728,-160.69413245140686
EP11,87,-59.92479018680598,-155.40218530550555
EP11,88,-59.476187396543,-154.95358251524257
EP11,89,-53.803587864920274,-149.28098298361985
EP11,90,-65.877563884462,-161.35495900316158
EP11,91,-63.663994321868756,-159.14138944056833
EP11,92,-78.38674744887985,-173.86414256757942
EP11,93,-61.01754969349528,-156.49494481219486
EP11,94,-65.64332833560164,-161.1207234543012
EP11,95,-57.22831565463329,-152.70571077333287
EP11,96,-61.08425615735723,-156.5616512760568
EP11,97,-80.06243464854046,-175.53982976724004
EP11,98,-58.93685957240524,-154.41425469110482
EP11,99,-62.8399289585347,-158.31732407723428
EP11,100,-62.002220762213454,-157.47961588091303
EP11,101,-58.85839146829122,-154.3357865869908
EP11,102,-61.80493297735623,-157.2823280960558
EP11,103,-62.63024684238326,-158.10764196108283
EP11,104,-59.83181135329147,-155.30920647199105
EP11,105,-68.14289989964502,-163.6202950183446
EP11,106,-53.36748908253688,-148.84488420123645
EP11,107,-53.017598595096445,-148.49499371379602
EP11,108,-63.17760783235943,-158.655002951059
EP11,109,-58.99727431494716,-154.47466943364674
EP11,110,-60.46122826226468,-155.93862338096426
EP11,111,-60.5805165874381,-156.05791170613767
EP11,112,-71.9587354142356,-167.43613053293518
EP11,113,-61.35171343340653,-156.8291085521061
EP11,114,-69.35289032943564,-164.8302854481352
EP11,115,-63.19420903398159,-158.67160415268117
EP11,116,-68.6439776518227,-164.12137277052227
EP11,117,-67.85676119269147,-163.33415631139104
EP11,118,-61.095661722067206,-156.57305684076678
EP11,119,-60.59709284467925,-156.07448796337883
EP11,120,-64.4079453746084,-159.88534049330798
EP11,121,-58.25933479434207,-153.73672991304164
EP11,122,-70.36613093510104,-165.84352605380062
EP11,123,-66.28247548689532,-161.7598706055949
EP11,124,-56.84782867831444,-152.32522379701402
EP11,125,-71.98189233907195,-167.45928745777152
EP11,126,-59.63145252439887,-155.10884764309844
EP11,127,-63.33372526363803,-158.8111203823376
EP11,128,-70.65897182301163,-166.1363669417112
EP11,129,-57.16134651912634,-152.63874163782592
EP11,130,-66.90822158270248,-162.38561670140206
EP11,131,-67.4100460810117,-162.88744119971128
EP11,132,-68.13148084907692,-163.6088759677765
EP11,133,-66.12103806914644,-161.598433187846
EP11,134,-54.63517651920776,-150.11257163790734
EP11,135,-64.97033206814766,-160.44772718684723
EP11,136,-67.29333274788121,-162.77072786658078
EP11,137,-70.14641638982798,-165.62381150852755
EP11,138,-64.06848331234528,-159.54587843104486
EP11,139,-61.11177284405039,-156.58916796274997
EP11,140,-61.581216557018536,-157.0586116757181
EP11,141,-57.111621608125944,-152.58901672682552
EP11,142,-60.44727682792174,-155.92467194662132
EP11,143,-67.04187230857806,-162.51926742727764
EP11,144,-55.163910761789936,-150.6413058804895
EP11,145,-60.04465550118272,-155.5220506198823
EP11,146,-70.13294485850028,-165.61033997719986
EP11,147,-62.296903216096126,-157.7742983347957
EP11,148,-57.915581965617775,-153.39297708431735
EP11,149,-58.195145927063436,-153.672541045763
EP11,150,-63.64392920743708,-159.12132432613666
EP11,151,-59.469934169103766,-154.94732928780334
EP11,152,-66.31297878533627,-161.79037390403585
EP11,153,-64.25463221338438,-159.73202733208396
EP11,154,-64.51944947608501,-159.9968445947846
EP11,155,-63.04566412163223,-158.5230592403318
EP11,156,-67.7032877868196,-163.18068290551918
EP11,157,-57.70702754123167,-153.18442265993124
EP11,158,-57.98095590953551,-153.45835102823509
EP11,159,-65.47981707494532,-160.9572121936449
EP11,160,-56.41845401709119,-151.89584913579077
EP11,161,-62.09713600945861,-157.57453112815818
EP11,162,-68.84233302899395,-164.31972814769352
EP11,163,-57.6408376662618,-153.11823278496138
EP11,164,-61.91556824742264,-157.39296336612222
EP11,165,-62.396830159814016,-157.8742252785136
EP11,166,-65.81836332415128,-161.29575844285085
EP11,167,-68.59981959950454,-164.07721471820412
EP11,168,-61.021783408041955,-156.49917852674153
EP11,169,-74.60940243489071,-170.0867975535903
EP11,170,-64.61559165733777,-160.09298677603735
EP11,171,-62.33826349451343,-157.815658613213
EP11,172,-55.905326443314124,-151.3827215620137
EP11,173,-59.88546104788813,-155.3628561665877
EP11,174,-67.05817049984435,-162.53556561854393
EP11,175,-57.68886790000249,-153.16626301870207
EP11,176,-57.05028741082273,-152.5276825295223
EP11,177,-67.31127774102578,-162.78867285972535
EP11,178,-65.50728066894783,-160.9846757876474
EP11,179,-55.441001780594746,-150.91839689929432
EP11,180,-72.66694626149055,-168.14434138019013
EP11,181,-71.093713199262,-166.57110831796157
EP11,182,-53.21020772687487,-148.68760284557445
EP11,183,-59.99741071940704,-155.47480583810662
EP11,184,-61.58275760912829,-157.06015272782787
EP11,185,-61.83084932836837,-157.30824444706795
EP11,186,-60.74802766473664,-156.22542278343622
EP11,187,-63.04035004838849,-158.51774516708807
EP11,188,-44.851077072859056,-140.32847219155863
EP11,189,-62.05813638247818,-157.53553150117776
EP11,190,-55.18169501410014,-150.65909013279972
EP11,191,-52.01246350285402,-147.4898586215536
EP11,192,-57.019329698403084,-152.49672481710266
EP11,193,-58.05503121388446,-153.53242633258404
EP11,194,-53.8343426569505,-149.31173777565007
EP11,195,-70.10266570958419,-165.58006082828376
EP11,196,-61.79134487220489,-157.26873999090446
EP11,197,-67.65880882462818,-163.13620394332776
EP11,198,-67.04065703299648,-162.51805215169605
EP11,199,-65.11603171522816,-160.59342683392774
EP11,200,-71.67107639846336,-167.14847151716293
EP11,201,-74.26520226475336,-169.74259738345293
EP11,202,-59.305924683413735,-154.7833198021133
EP11,203,-63.49111019775688,-158.96850531645646
EP11,204,-53.04964684486444,-148.52704196356402
EP11,205,-66.26551689073597,-161.74291200943554
EP11,206,-64.84817322840826,-160.32556834710783
EP11,207,-53.43598918326717,-148.91338430196674
EP11,208,-58.88384002081867,-154.36123513951824
EP11,209,-61.75840379399813,-157.2357989126977
EP11,210,-69.9966625848349,-165.47405770353447
EP11,211,-64.56718733794617,-160.04458245664574
EP11,212,-59.70741882904434,-155.18481394774392
EP11,213,-60.42270945810898,-155.90010457680856
EP11,214,-60.89160413436363,-156.3689992530632
EP11,215,-76.93641932522837,-172.41381444392795
EP11,216,-65.54967806121556,-161.02707317991513
EP11,217,-64.85474465209239,-160.33213977079197
EP11,218,-58.735844923774806,-154.21324004247438
EP11,219,-61.989007128321504,-157.46640224702108
EP11,220,-70.93193890556424,-166.4093340242638
EP11,221,-59.090330600115976,-154.56772571881555
EP11,222,-72.78745790784404,-168.26485302654362
EP11,223,-70.49901502340691,-165.9764101421065
EP11,224,-59.99938473263069,-155.47677985133026
EP11,225,-60.40393942840541,-155.88133454710498
EP11,226,-52.58700807860808,-148.06440319730766
EP11,227,-47.49476239321143,-142.972157511911
EP11,228,-68.88545214957355,-164.36284726827313
EP11,229,-60.93229675946543,-156.409691878165
EP11,230,-69.82687008875837,-165.30426520745795
EP11,231,-71.07500565773472,-166.5524007764343
EP11,232,-57.00558433424524,-152.48297945294482
EP11,233,-59.35786253635905,-154.83525765505863
EP11,234,-62.66960838933849,-158.14700350803807
EP11,235,-54.66661820622892,-150.1440133249285
EP11,236,-57.15169036771465,-152.62908548641423
EP11,237,-69.54426219858308,-165.02165731728266
EP11,238,-61.22555382932745,-156.70294894802703
EP11,239,-65.43889205149924,-160.9162871701988
EP11,240,-62.7467802671045,-158.22417538580407
EP11,241,-57.702097998390826,-153.1794931170904
EP11,242,-70.2039437644359,-165.68133888313548
EP11,243,-61.16468333797522,-156.6420784566748
EP11,244,-68.4117910215119,-163.88918614021148
EP11,245,-73.42616949340376,-168.90356461210334
EP11,246,-62.98931175693167,-158.46670687563125
EP11,247,-64.32385695918933,-159.8012520778889
EP11,248,-63.89007088012315,-159.36746599882272
EP11,249,-70.5397782533604,-166.01717337205997
EP11,250,-57.42490691477809,-152.90230203347767
EP11,251,-67.98390245898577,-163.46129757768534
EP11,252,-52.92896438004885,-148.40635949874843
EP11,253,-60.25750011942745,-155.73489523812702
EP11,254,-64.44984051432198,-159.92723563302155
EP11,255,-63.30582692077658,-158.78322203947616
EP11,256,-67.43531169730875,-162.91270681600832
EP11,257,-55.98503682934657,-151.46243194804615
EP11,258,-60.114471748328185,-155.59186686702776
EP11,259,-71.3026271297768,-166.78002224847637
EP11,260,-49.973279658788385,-145.45067477748796
EP11,261,-60.68882141885297,-156.16621653755254
EP11,262,-61.59151599472597,-157.06891111342554
EP11,263,-48.42932176378369,-143.90671688248327
EP11,264,-58.60192652441452,-154.0793216431141
EP11,265,-64.13087061705863,-159.6082657357582
EP11,266,-51.21178122854434,-146.68917634724392
EP11,267,-60.29733621113763,-155.7747313298372
EP11,268,-70.06376550184768,-165.54116062054726
EP11,269,-58.487795813710534,-153.9651909324101
EP11,270,-61.19299348851072,-156.6703886072103
EP11,271,-75.67799788898179,-171.15539300768137
EP11,272,-72.93728704054706,-168.41468215924664
EP11,273,-63.42022839427304,-158.89762351297261
EP11,274,-59.93469475324537,-155.41208987194494
EP11,275,-67.60639780389283,-163.0837929225924
EP11,276,-57.71612621492403,-153.1935213336236
EP11,277,-43.17517108709717,-138.65256620579675
EP11,278,-59.48018088681047,-154.95757600551005
EP11,279,-63.91806673493912,-159.3954618536387
EP11,280,-52.73557547190512,-148.2129705906047
EP11,281,-60.729285516425506,-156.20668063512508
EP11,282,-71.66965921284375,-167.14705433154333
EP11,283,-65.98974809431078,-161.46714321301036
EP11,284,-55.585410044426254,-151.06280516312583
EP11,285,-60.476173114542405,-155.95356823324198
EP11,286,-61.16347465261927,-156.64086977131885
EP11,287,-56.40284731615745,-151.88024243485702
EP11,288,-55.84849861446867,-151.32589373316824
EP11,289,-59.07035656329123,-154.5477516819908
EP11,290,-54.19719094165305,-149.67458606035262
EP11,291,-68.78507422142042,-164.26246934012
EP11,292,-58.682330495472456,-154.15972561417203
EP11,293,-68.41586863726195,-163.89326375596153
EP11,294,-68.83873147418106,-164.31612659288064
EP11,295,-64.97092995647881,-160.4483250751784
EP11,296,-65.16656452176346,-160.64395964046304
EP11,297,-61.602374954549106,-157.07977007324868
EP11,298,-65.18894265858941,-160.666337777289
EP11,299,-71.64177823498471,-167.1191733536843
EP11,300,-64.7591936954907,-160.23658881419027
EP11,301,-69.93751750626618,-165.41491262496575
EP11,302,-58.17916136163649,-153.65655648033606
EP11,303,-62.79823060331893,-158.2756257220185
EP11,304,-59.5204621737839,-154.99785729248347
EP11,305,-62.06061449190574,-157.53800961060531
EP11,306,-50.366121864759464,-145.84351698345904
EP11,307,-48.08451647220872,-143.5619115909083
EP11,308,-64.48504470038529,-159.96243981908486
EP11,309,-66.72153956234064,-162.1989346810402
EP11,310,-60.2246881025026,-155.70208322120217
EP11,311,-54.92423203524163,-150.4016271539412
EP11,312,-59.09797431257596,-154.57536943127553
EP11,313,-67.6337980270171,-163.11119314571667
EP11,314,-65.45832632568707,-160.93572144438664
EP11,315,-65.64243267262401,-161.1198277913236
EP11,316,-44.61033309485833,-140.0877282135579
EP11,317,-68.71146115292999,-164.18885627162956
EP11,318,-62.31690053387621,-157.79429565257578
EP11,319,-58.699678644065614,-154.1770737627652
EP11,320,-58.3438234603388,-153.82121857903837
EP11,321,-62.33694748369109,-157.81434260239067
EP11,322,-57.174631461094236,-152.6520265797938
EP11,323,-61.26459078562655,-156.74198590432613
EP11,324,-62.37357958667042,-157.85097470537
EP11,325,-54.673892900095694,-150.15128801879527
EP11,326,-53.540489593021675,-149.01788471172125
EP11,327,-61.37067998548511,-156.8480751041847
EP11,328,-62.303810422810955,-157.78120554151053
EP11,329,-60.04523604826542,-155.522631166965
EP11,330,-55.35360443533705,-150.83099955403662
EP11,331,-63.37284016220258,-158.85023528090215
EP11,332,-61.952644897069035,-157.4300400157686
EP11,333,-62.42255966321875,-157.89995478191832
EP11,334,-55.599842689642884,-151.07723780834246
EP11,335,-68.20500883716062,-163.6824039558602
EP11,336,-59.85605347168752,-155.3334485903871
EP11,337,-59.61950279128166,-155.09689790998124
EP11,338,-57.52016411241121,-152.99755923111078
EP11,339,-63.53363224548116,-159.01102736418073
EP11,340,-60.91513652079152,-156.3925316394911
EP11,341,-62.54092552306622,-158.0183206417658
EP11,342,-60.33699118852073,-155.8143863072203
EP11,343,-63.41987615771248,-158.89727127641206
EP11,344,-58.220160002722395,-153.69755512142197
EP11,345,-58.49889336612023,-153.9762884848198
EP11,346,-63.27769260797879,-158.75508772667837
EP11,347,-60.4079694482225,-155.88536456692208
EP11,348,-60.825279570286824,-156.3026746889864
EP11,349,-69.84294207047958,-165.32033718917916
EP11,350,-59.84870541019521,-155.32610052889478
EP11,351,-57.8553476114441,-153.33274273014368
EP11,352,-53.688294550942715,-149.1656896696423
EP11,353,-52.453377108401185,-147.93077222710076
EP11,354,-62.39254870066287,-157.86994381936245
EP11,355,-53.884879576002135,-149.3622746947017
EP11,356,-60.96813156146558,-156.44552668016516
EP11,357,-59.34490165094135,-154.82229676964093
EP11,358,-60.19387448725357,-155.67126960595314
EP11,359,-59.50070307502412,-154.9780981937237
EP11,360,-64.51132497962996,-159.98872009832954
EP11,361,-63.443502838926634,-158.9208979576262
EP11,362,-58.88314472196765,-154.36053984066723
EP11,363,-56.24995392358818,-151.72734904228776
EP11,364,-58.550294443100114,-154.0276895617997
EP11,365,-60.42388229989129,-155.90127741859087
EP11,366,-59.60541006486025,-155.08280518355983
EP11,367,-57.23823537374997,-152.71563049244955
EP11,368,-54.06209685778103,-149.5394919764806
EP11,369,-64.47258263729489,-159.94997775599447
EP11,370,-70.41408719798832,-165.8914823166879
EP11,371,-62.27785368174602,-157.7552488004456
EP11,372,-64.4968522299173,-159.97424734861687
EP11,373,-59.65968226527926,-155.13707738397883
EP11,374,-52.61814134221436,-148.09553646091393
EP11,375,-63.83942463718097,-159.31681975588054
EP11,376,-43.27827788461002,-138.7556730033096
EP11,377,-58.923869066688724,-154.4012641853883
EP11,378,-57.82751732147969,-153.30491244017927
EP11,379,-62.478331124775025,-157.9557262434746
EP11,380,-65.32683058093892,-160.8042256996385
EP11,381,-52.807181206303625,-148.2845763250032
EP11,382,-63.87458721044689,-159.35198232914647
EP11,383,-52.59965315890088,-148.07704827760045
EP11,384,-61.556163967688434,-157.033559086388
EP11,385,-59.078343280371655,-154.55573839907123
EP11,386,-62.963808938359676,-158.44120405705925
EP11,387,-71.76876681593123,-167.2461619346308
EP11,388,-62.87002402610412,-158.3474191448037
EP11,389,-58.868705889591524,-154.3461010082911
EP11,390,-65.3345357584318,-160.81193087713137
EP11,391,-42.939982980530914,-138.4173780992305
EP11,392,-57.22092653180431,-152.69832165050389
EP11,393,-58.39541249152404,-153.87280761022362
EP11,394,-63.91280111648189,-159.39019623518146
EP11,395,-45.7320081651427,-141.20940328384228
EP11,396,-58.47809980937629,-153.95549492807586
EP11,397,-71.96098441991478,-167.43837953861436
EP11,398,-61.421179301720684,-156.89857442042026
EP11,399,-72.88618501460769,-168.36358013330727
EP11,400,-60.90619816181183,-156.3835932805114
EP11,401,-55.11870319170055,-150.59609831040012
EP11,402,-53.57146389839397,-149.04885901709355
EP11,403,-73.7378266928826,-169.21522181158218
EP11,404,-71.03237788989321,-166.5097730085928
EP11,405,-59.147570528862815,-154.6249656475624
EP11,406,-66.97924264540109,-162.45663776410066
EP11,407,-60.23636602744901,-155.71376114614858
EP11,408,-58.20754500286867,-153.68494012156825
EP11,409,-56.680999331739514,-152.1583944504391
EP11,410,-54.622997762413746,-150.10039288111332
EP11,411,-71.86745295205168,-167.34484807075125
EP11,412,-62.77423467143706,-158.25162979013663
EP11,413,-54.217086029571135,-149.6944811482707
EP11,414,-60.52443552237415,-156.00183064107372
EP11,415,-51.046215325571495,-146.52361044427107
EP11,416,-62.226731354746306,-157.70412647344588
EP11,417,-63.34496199022749,-158.82235710892706
EP11,418,-62.66659932161048,-158.14399444031005
EP11,419,-63.7083335095426,-159.18572862824217
EP11,420,-64.9408863198274,-160.41828143852698
EP11,421,-61.00612034674603,-156.4835154654456
EP11,422,-60.101299881691915,-155.5786950003915
EP11,423,-61.34214907652995,-156.81954419522953
EP11,424,-60.09113529024128,-155.56853040894086
EP11,425,-62.13322542147512,-157.6106205401747
EP11,426,-66.9237114488491,-162.40110656754868
EP11,427,-66.47726009710993,-161.9546552158095
EP11,428,-63.92043453283628,-159.39782965153586
EP11,429,-61.38844740381879,-156.86584252251836
EP11,430,-61.55398440722726,-157.03137952592684
EP11,431,-57.86614236726956,-153.34353748596914
EP11,432,-55.34356129332994,-150.82095641202952
EP11,433,-58.62395017415625,-154.10134529285583
EP11,434,-64.392633468199,-159.87002858689857
EP11,435,-70.64090399770654,-166.11829911640612
EP11,436,-52.52661209511035,-148.00400721380993
EP11,437,-65.5202086218876,-160.99760374058718
EP11,438,-65.66760370004775,-161.14499881874733
EP11,439,-69.8036176712944,-165.28101278999398
EP11,440,-66.95269276070997,-162.43008787940954
EP11,441,-57.63276137838176,-153.11015649708133
EP11,442,-72.56612693931291,-168.04352205801248
EP11,443,-58.83906471098024,-154.31645982967981
EP11,444,-62.75775985605472,-158.2351549747543
EP11,445,-51.72226211971176,-147.19965723841133
EP11,446,-66.51035672114187,-161.98775183984145
EP11,447,-64.45224576208392,-159.9296408807835
EP11,448,-64.33420089573369,-159.81159601443326
EP11,449,-55.60406886022025,-151.08146397891983
EP11,450,-67.63878391706393,-163.1161790357635
EP11,451,-61.88152341776831,-157.35891853646788
EP11,452,-61.01179646543733,-156.4891915841369
EP11,453,-57.35806743190028,-152.83546255059986
EP11,454,-68.40245810508807,-163.87985322378765
EP11,455,-57.75659819028331,-153.2339933089829
EP11,456,-64.67397454697164,-160.1513696656712
EP11,457,-65.51839394213022,-160.9957890608298
EP11,458,-62.89995721598967,-158.37735233468925
EP11,459,-63.35548247436253,-158.8328775930621
EP11,460,-82.19249805633044,-177.66989317503
EP11,461,-60.396028985663605,-155.87342410436318
EP11,462,-61.55135288126135,-157.02874799996093
EP11,463,-69.03643328849552,-164.5138284071951
EP11,464,-57.191299047892585,-152.66869416659216
EP11,465,-64.23586272885794,-159.71325784755751
EP11,466,-44.79522971434423,-140.2726248330438
EP11,467,-60.419801461441864,-155.89719658014144
EP11,468,-43.712136173805305,-139.18953129250488
EP11,469,-60.665466192259174,-156.14286131095875
EP11,470,-59.563984568754705,-155.04137968745428
EP11,471,-60.35739554895309,-155.83479066765267
EP11,472,-63.55755347636648,-159.03494859506606
EP11,473,-59.28327175201045,-154.76066687071003
EP11,474,-64.50396933342216,-159.98136445212174
EP11,475,-62.0308059458595,-157.50820106455907
EP11,476,-48.8805510078752,-144.35794612657477
EP11,477,-65.45832871784978,-160.93572383654936
EP11,478,-59.89717282697512,-155.3745679456747
EP11,479,-59.91885408125921,-155.3962491999588
EP11,480,-63.41594282677249,-158.89333794547207
EP11,481,-72.70932958454267,-168.18672470324225
EP11,482,-60.223403972379,-155.70079909107858
EP11,483,-58.4294880592048,-153.90688317790438
EP11,484,-61.678676918875,-157.15607203757457
EP11,485,-52.70666837774573,-148.1840634964453
EP11,486,-60.014703466034746,-155.49209858473432
EP11,487,-66.17526979373702,-161.6526649124366
EP11,488,-65.56484013696326,-161.04223525566283
EP11,489,-62.3959962763727,-157.87339139507228
EP11,490,-61.98722420761047,-157.46461932631004
EP11,491,-63.25466699460446,-158.73206211330404
EP11,492,-45.78701923033813,-141.2644143490377
EP11,493,-65.60247399720453,-161.0798691159041
EP11,494,-53.80122655884804,-149.27862167754762
EP11,495,-63.00602989957741,-158.483425018277
EP11,496,-61.30815448104295,-156.78554959974252
EP11,497,-62.18777600095035,-157.66517111964993
EP11,498,-62.516609404514696,-157.99400452321427
EP11,499,-66.70450870816597,-162.18190382686555
EP11,500,-64.42723217097418,-159.90462728967375
EP12,1,-57.805665194501984,-153.28306031320156
EP12,2,-62.923857088670815,-158.4012522073704
EP12,3,-58.407678436302604,-153.88507355500218
EP12,4,-58.80629259991056,-154.28368771861014
EP12,5,-59.86714262953893,-155.3445377482385
EP12,6,-45.837276985424495,-141.31467210412407
EP12,7,-59.168034955676205,-154.64543007437578
EP12,8,-54.61178926681271,-150.08918438551228
EP12,9,-63.237067805738576,-158.71446292443815
EP12,10,-55.005026603649156,-150.48242172234873
EP12,11,-59.888311716026635,-155.3657068347262
EP12,12,-55.02084529601882,-150.4982404147184
EP12,13,-62.874918972962064,-158.35231409166164
EP12,14,-54.42494265353008,-149.90233777222966
EP12,15,-61.366300038297766,-156.84369515699734
EP12,16,-65.26711530185213,-160.7445104205517
EP12,17,-59.33830454134201,-154.8156996600416
EP12,18,-54.33572993116016,-149.81312504985974
EP12,19,-58.505857423461435,-153.983252542161
EP12,20,-53.76948014688426,-149.24687526558384
EP12,21,-53.876227067276915,-149.3536221859765
EP12,22,-60.89323819754665,-156.37063331624623
EP12,23,-62.66178166896384,-158.13917678766342
EP12,24,-64.19570036394933,-159.6730954826489
EP12,25,-63.70555265250391,-159.1829477712035
EP12,26,-70.73038980344441,-166.207784922144
EP12,27,-65.20358958479099,-160.68098470349057
EP12,28,-50.71238720117384,-146.18978231987342
EP12,29,-60.765585245348205,-156.24298036404778
EP12,30,-59.12416593575941,-154.60156105445898
EP12,31,-60.12116756467424,-155.5985626833738
EP12,32,-62.69424469841178,-158.17163981711136
EP12,33,-68.873386369721,-164.35078148842058
EP12,34,-73.14653763778531,-168.6239327564849
EP12,35,-68.2754448034475,-163.75283992214707
EP12,36,-58.824444311629776,-154.30183943032935
EP12,37,-56.92292973875146,-152.40032485745104
EP12,38,-61.85242799579666,-157.32982311449624
EP12,39,-65.16933441260647,-160.64672953130605
EP12,40,-77.7135801323738,-173.19097525107338
EP12,41,-61.36414877570468,-156.84154389440425
EP12,42,-53.86014784831599,-149.33754296701557
EP12,43,-62.718455898907564,-158.19585101760714
EP12,44,-57.28632822653083,-152.7637233452304
EP12,45,-59.47700781413727,-154.95440293283684
EP12,46,-56.41834413515733,-151.8957392538569
EP12,47,-64.73266091630444,-160.21005603500402
EP12,48,-60.98341194552691,-156.4608070642265
EP12,49,-64.38465991159251,-159.86205503029208
EP12,50,-62.03267227896285,-157.51006739766243
EP12,51,-56.244720049342504,-151.72211516804208
EP12,52,-59.780095450457026,-155.2574905691566
EP12,53,-64.94006523042839,-160.41746034912796
EP12,54,-68.72739849050569,-164.20479360920527
EP12,55,-62.764116434496316,-158.2415115531959
EP12,56,-53.19875243026766,-148.67614754896724
EP12,57,-60.140232772249306,-155.61762789094888
EP12,58,-63.04158867956755,-158.51898379826713
EP12,59,-58.93287866832634,-154.41027378702591
EP12,60,-52.97539967840217,-148.45279479710175
EP12,61,-59.40248743464008,-154.87988255333966
EP12,62,-60.09928678097364,-155.57668189967322
EP12,63,-65.30769653314644,-160.78509165184602
EP12,64,-62.59195292999033,-158.0693480486899
EP12,65,-65.30145354596306,-160.77884866466263
EP12,66,-55.863722930257154,-151.34111804895673
EP12,67,-60.66112223882803,-156.1385173575276
EP12,68,-58.22258191976562,-153.6999770384652
EP12,69,-57.83262688602619,-153.31002200472577
EP12,70,-72.87001110603143,-168.347406224731
EP12,71,-52.596956340511014,-148.0743514592106
EP12,72,-49.63736181564127,-145.11475693434085
EP12,73,-79.77527113486212,-175.2526662535617
EP12,74,-63.03268819700804,-158.51008331570762
EP12,75,-62.35027187775532,-157.8276669964549
EP12,76,-61.16540865024905,-156.64280376894862
EP12,77,-62.9153197867532,-158.39271490545278
EP12,78,-57.878509272223596,-153.35590439092317
EP12,79,-68.1918083879979,-163.66920350669747
EP12,80,-64.26941535546763,-159.7468104741672
EP12,81,-56.552614111937885,-152.03000923063746
EP12,82,-57.98947422126207,-153.46686933996165
EP12,83,-66.33930762264663,-161.8167027413462
EP12,84,-58.62353273702479,-154.10092785572436
EP12,85,-64.45943138324503,-159.9368265019446
EP12,86,-53.416718024353145,-148.89411314305272
EP12,87,-67.92775085984306,-163.40514597854263
EP12,88,-64.9233490816406,-160.40074420034017
EP12,89,-61.904371961771346,-157.38176708047092
EP12,90,-73.88155655112786,-169.35895166982743
EP12,91,-59.28552642018835,-154.76292153888792
EP12,92,-75.58606111274409,-171.06345623144367
EP12,93,-53.44294471503261,-148.92033983373219
EP12,94,-60.27765013363694,-155.75504525233652
EP12,95,-56.1113660487913,-151.58876116749087
EP12,96,-69.73253671487461,-165.2099318335742
EP12,97,-57.5586835469922,-153.03607866569178
EP12,98,-60.28004831154715,-155.75744343024672
EP12,99,-61.36351396351347,-156.84090908221305
EP12,100,-62.85371031560351,-158.33110543430308
EP12,101,-60.25615663636577,-155.73355175506535
EP12,102,-64.78261204459636,-160.26000716329594
EP12,103,-60.7183119406273,-156.19570705932688
EP12,104,-44.94618701865696,-140.42358213735653
EP12,105,-64.51157688373013,-159.9889720024297
EP12,106,-81.00839083558756,-176.48578595428714
EP12,107,-58.50613280674,-153.98352792543957
EP12,108,-62.10947831240085,-157.58687343110043
EP12,109,-59.5880104062083,-155.06540552490787
EP12,110,-65.82865849626816,-161.30605361496774
EP12,111,-68.07647789318162,-163.5538730118812
EP12,112,-66.93884578929368,-162.41624090799326
EP12,113,-64.81325178565294,-160.2906469043525
EP12,114,-63.03345814309779,-158.51085326179737
EP12,115,-64.36364127734959,-159.84103639604916
EP12,116,-59.215341264029746,-154.69273638272932
EP12,117,-61.28110755675351,-156.7585026754531
EP12,118,-60.91779440623807,-156.39518952493765
EP12,119,-56.11373221668805,-151.59112733538763
EP12,120,-71.35036200902738,-166.82775712772695
EP12,121,-47.38793005858696,-142.86532517728654
EP12,122,-60.48127496849551,-155.9586700871951
EP12,123,-55.220775259983924,-150.6981703786835
EP12,124,-57.43417476288107,-152.91156988158065
EP12,125,-64.52330153923339,-160.00069665793296
EP12,126,-61.340643071323655,-156.81803819002323
EP12,127,-59.94938410822522,-155.4267792269248
EP12,128,-51.6634750848234,-147.14087020352298
EP12,129,-59.439292884447326,-154.9166880031469
EP12,130,-61.37171397670062,-156.8491090954002
EP12,131,-65.21397501369012,-160.6913701323897
EP12,132,-58.95343537058881,-154.43083048928838
EP12,133,-58.756381224069855,-154.23377634276943
EP12,134,-64.3869907216442,-159.86438584034377
EP12,135,-67.35165645991754,-162.8290515786171
EP12,136,-64.76466749344246,-160.24206261214204
EP12,137,-65.98730902056747,-161.46470413926704
EP12,138,-60.94621527871104,-156.4236103974106
EP12,139,-64.20489495322971,-159.6822900719293
EP12,140,-53.08516650407796,-148.56256162277754
EP12,141,-58.812067695708436,-154.289462814408
EP12,142,-60.033611383712184,-155.51100650241176
EP12,143,-58.896173587441325,-154.3735687061409
EP12,144,-61.44677793051861,-156.92417304921818
EP12,145,-58.81938469353216,-154.29677981223173
EP12,146,-64.27246420428747,-159.74985932298705
EP12,147,-54.74785381458915,-150.22524893328873
EP12,148,-61.46653700911952,-156.9439321278191
EP12,149,-61.62980064162235,-157.10719576032193
EP12,150,-61.760467649623706,-157.23786276832328
EP12,151,-59.278640150460234,-154.7560352691598
EP12,152,-56.34732965249884,-151.82472477119842
EP12,153,-61.42496474654368,-156.90235986524326
EP12,154,-64.36377397492848,-159.84116909362805
EP12,155,-55.69037551533688,-151.16777063403646
EP12,156,-63.87004702434919,-159.34744214304877
EP12,157,-66.7877690338056,-162.26516415250518
EP12,158,-45.921512139895185,-141.39890725859476
EP12,159,-59.874474119516776,-155.35186923821635
EP12,160,-61.92509541461396,-157.40249053331354
EP12,161,-61.92108286897718,-157.39847798767676
EP12,162,-58.425831682291175,-153.90322680099075
EP12,163,-64.77075543473055,-160.24815055343012
EP12,164,-64.07914772775993,-159.5565428464595
EP12,165,-55.58497891389618,-151.06237403259576
EP12,166,-62.57260925599675,-158.05000437469633
EP12,167,-56.89913859408034,-152.37653371277992
EP12,168,-51.883978314953964,-147.36137343365354
EP12,169,-58.87953113889799,-154.35692625759756
EP12,170,-55.0619964804842,-150.53939159918377
EP12,171,-55.71597987868853,-151.1933749973881
EP12,172,-65.26829052401393,-160.7456856427135
EP12,173,-61.26197049100983,-156.7393656097094
EP12,174,-61.062857428646225,-156.5402525473458
EP12,175,-61.5570605089369,-157.03445562763648
EP12,176,-62.14077846322627,-157.61817358192584
EP12,177,-58.17107823404535,-153.64847335274493
EP12,178,-57.99682588157819,-153.47422100027777
EP12,179,-62.024422875704374,-157.50181799440395
EP12,180,-69.54301361851049,-165.02040873721006
EP12,181,-56.01781474724362,-151.4952098659432
EP12,182,-63.47918035458457,-158.95657547328415
EP12,183,-54.59083094922488,-150.06822606792446
EP12,184,-48.65445199541372,-144.1318471141133
EP12,185,-62.42727015205341,-157.904665270753
EP12,186,-69.58072245510428,-165.05811757380386
EP12,187,-58.219235034721095,-153.69663015342067
EP12,188,-57.4817700128678,-152.95916513156737
EP12,189,-62.30889074134279,-157.78628586004237
EP12,190,-59.81070545644391,-155.2881005751435
EP12,191,-69.78750368141954,-165.2648988001191
EP12,192,-65.49055022729374,-160.96794534599331
EP12,193,-57.45524884189234,-152.93264396059192
EP12,194,-64.07402674959124,-159.55142186829082
EP12,195,-45.08429383933603,-140.5616889580356
EP12,196,-64.94438438125297,-160.42177949995255
EP12,197,-56.918044239580695,-152.39543935828027
EP12,198,-64.85038751717161,-160.3277826358712
EP12,199,-54.53673263677149,-150.01412775547107
EP12,200,-44.258609942791765,-139.73600506149134
EP12,201,-64.52151532624293,-159.9989104449425
EP12,202,-59.90971207169184,-155.38710719039142
EP12,203,-65.76925911451727,-161.24665423321684
EP12,204,-61.840753027947926,-157.3181481466475
EP12,205,-61.898821419002786,-157.37621653770236
EP12,206,-55.73925229203098,-151.21664741073056
EP12,207,-47.39321038548155,-142.87060550418113
EP12,208,-62.93158260972157,-158.40897772842115
EP12,209,-51.52139766917742,-146.998792787877
EP12,210,-55.590146537152805,-151.06754165585238
EP12,211,-76.93620076092904,-172.41359587962862
EP12,212,-63.264543730995086,-158.74193884969466
EP12,213,-61.878509942289384,-157.35590506098896
EP12,214,-70.91713070787344,-166.39452582657302
EP12,215,-54.4608839037499,-149.93827902244948
EP12,216,-60.703630169971916,-156.1810252886715
EP12,217,-61.67364358534138,-157.15103870404096
EP12,218,-54.30232153919695,-149.77971665789653
EP12,219,-63.84291578376002,-159.3203109024596
EP12,220,-47.74231602309757,-143.21971114179715
EP12,221,-58.725882176444486,-154.20327729514406
EP12,222,-61.95398289782645,-157.43137801652603
EP12,223,-58.660436374046384,-154.13783149274596
EP12,224,-57.709966971390145,-153.18736209008972
EP12,225,-74.2358256667516,-169.71322078545117
EP12,226,-58.55945443576286,-154.03684955446244
EP12,227,-65.94669172694071,-161.4240868456403
EP12,228,-57.573315432649196,-153.05071055134877
EP12,229,-45.87419054407411,-141.3515856627737
EP12,230,-59.90113261657203,-155.3785277352716
EP12,231,-65.89696874736921,-161.3743638660688
EP12,232,-56.644325931812574,-152.12172105051215
EP12,233,-56.63374632087448,-152.11114143957406
EP12,234,-59.508319060197806,-154.98571417889738
EP12,235,-59.56045966937762,-155.0378547880772
EP12,236,-62.73883322400903,-158.2162283427086
EP12,237,-71.0633895381211,-166.54078465682068
EP12,238,-71.10952424276877,-166.58691936146835
EP12,239,-63.56544454181733,-159.0428396605169
EP12,240,-83.3035472259237,-178.78094234462327
EP12,241,-59.74212764981351,-155.2195227685131
EP12,242,-72.38884809471193,-167.8662432134115
EP12,243,-63.24910281759793,-158.7264979362975
EP12,244,-61.61217351399128,-157.08956863269086
EP12,245,-71.08609114335397,-166.56348626205354
EP12,246,-60.35129823399603,-155.8286933526956
EP12,247,-67.83331383013257,-163.31070894883214
EP12,248,-61.07943430165187,-156.55682942035145
EP12,249,-62.67365475194197,-158.15104987064154
EP12,250,-55.86401956023619,-151.34141467893576
EP12,251,-73.79711830858233,-169.2745134272819
EP12,252,-55.006255204840784,-150.48365032354036
EP12,253,-58.32851204362487,-153.80590716232444
EP12,254,-61.373549864452826,-156.8509449831524
EP12,255,-50.39001659031098,-145.86741170901055
EP12,256,-50.47382458274839,-145.95121970144797
EP12,257,-65.32455726290789,-160.80195238160746
EP12,258,-62.25371693987441,-157.73111205857398
EP12,259,-59.81953485454409,-155.29692997324366
EP12,260,-52.76975086081046,-148.24714597951004
EP12,261,-63.722724367251516,-159.2001194859511
EP12,262,-59.08075970649418,-154.55815482519375
EP12,263,-59.65532434178252,-155.1327194604821
EP12,264,-62.87317404657452,-158.3505691652741
EP12,265,-66.30747546116399,-161.78487057986356
EP12,266,-66.18661617380792,-161.6640112925075
EP12,267,-64.39375822711867,-159.87115334581824
EP12,268,-62.665358690950484,-158.14275380965006
EP12,269,-63.19932097522465,-158.67671609392423
EP12,270,-63.90443569896189,-159.38183081766147
EP12,271,-55.66153241375753,-151.1389275324571
EP12,272,-65.31766964447488,-160.79506476317445
EP12,273,-61.87663139618462,-157.3540265148842
EP12,274,-56.55886873637883,-152.0362638550784
EP12,275,-61.765186292390126,-157.2425814110897
EP12,276,-55.54892225102577,-151.02631736972535
EP12,277,-56.66550816899945,-152.14290328769903
EP12,278,-50.18482672677203,-145.6622218454716
EP12,279,-57.80899022279834,-153.28638534149792
EP12,280,-62.99564667502207,-158.47304179372165
EP12,281,-53.303829306109094,-148.78122442480867
EP12,282,-56.05462586611742,-151.532020984817
EP12,283,-45.01575461925657,-140.49314973795614
EP12,284,-54.29187130856755,-149.76926642726713
EP12,285,-61.72411784394956,-157.20151296264913
EP12,286,-60.798249628313215,-156.2756447470128
EP12,287,-63.02540085121268,-158.50279596991226
EP12,288,-59.61819493749309,-155.09559005619266
EP12,289,-60.12087110244772,-155.5982662211473
EP12,290,-69.11138688663792,-164.5887820053375
EP12,291,-59.96777444909475,-155.44516956779432
EP12,292,-61.09805706037761,-156.5754521790772
EP12,293,-53.28733794947297,-148.76473306817255
EP12,294,-59.14581411998955,-154.62320923868913
EP12,295,-65.09566296966815,-160.57305808836773
EP12,296,-57.437106397265296,-152.91450151596487
EP12,297,-57.61464099763492,-153.0920361163345
EP12,298,-54.097912107252625,-149.5753072259522
EP12,299,-81.85137592301936,-177.32877104171894
EP12,300,-59.49265018031008,-154.97004529900966
EP12,301,-59.18862252500057,-154.66601764370014
EP12,302,-55.4389572022348,-150.91635232093438
EP12,303,-55.81925827440054,-151.29665339310012
EP12,304,-68.54740229482391,-164.0247974135235
EP12,305,-56.25993447286109,-151.73732959156067
EP12,306,-65.16948566607101,-160.6468807847706
EP12,307,-63.826475974082115,-159.3038710927817
EP12,308,-56.196434312338795,-151.67382943103837
EP12,309,-50.77721175923057,-146.25460687793014
EP12,310,-59.338550603166254,-154.81594572186583
EP12,311,-66.45129590622079,-161.92869102492037
EP12,312,-50.36195296507404,-145.83934808377361
EP12,313,-62.505896006961564,-157.98329112566114
EP12,314,-60.69312673254694,-156.17052185124652
EP12,315,-60.48796478162498,-155.96535990032456
EP12,316,-57.411120240285015,-152.8885153589846
EP12,317,-62.48294159886001,-157.96033671755958
EP12,318,-58.36590006358878,-153.84329518228836
EP12,319,-44.99074277086626,-140.46813788956584
EP12,320,-61.634646746491654,-157.11204186519123
EP12,321,-62.55963030198137,-158.03702542068095
EP12,322,-57.56007216146071,-153.03746728016029
EP12,323,-54.20872769033264,-149.6861228090322
EP12,324,-62.01286838260097,-157.49026350130055
EP12,325,-60.63348595035376,-156.11088106905333
EP12,326,-61.89229027992491,-157.36968539862448
EP12,327,-58.82962521461752,-154.3070203333171
EP12,328,-62.957541409091306,-158.43493652779088
EP12,329,-61.25165251520727,-156.72904763390684
EP12,330,-71.87008375812968,-167.34747887682926
EP12,331,-62.14974480449325,-157.62713992319283
EP12,332,-50.98134403723637,-146.45873915593594
EP12,333,-57.56713334604879,-153.04452846474837
EP12,334,-58.78493136131391,-154.26232648001348
EP12,335,-53.6589997812857,-149.13639489998528
EP12,336,-57.08625380194712,-152.5636489206467
EP12,337,-55.820089554113565,-151.29748467281314
EP12,338,-59.4738043085307,-154.95119942723028
EP12,339,-62.74380799947241,-158.22120311817199
EP12,340,-56.54450849959491,-152.0219036182945
EP12,341,-60.66681681317772,-156.1442119318773
EP12,342,-61.93328760168359,-157.41068272038316
EP12,343,-66.00078825798755,-161.47818337668713
EP12,344,-55.81352754775767,-151.29092266645725
EP12,345,-58.69592034230058,-154.17331546100016
EP12,346,-59.717631647527554,-155.19502676622713
EP12,347,-59.14067763884762,-154.6180727575472
EP12,348,-71.20315341457322,-166.6805485332728
EP12,349,-66.42442193447994,-161.9018170531795
EP12,350,-57.99662698481808,-153.47402210351765
EP12,351,-57.20096785640044,-152.67836297510001
EP12,352,-58.706390291063656,-154.18378540976323
EP12,353,-64.52066834511186,-159.99806346381143
EP12,354,-59.40740073705635,-154.88479585575593
EP12,355,-60.20529870554506,-155.68269382424464
EP12,356,-69.24887697757222,-164.7262720962718
EP12,357,-62.40236212040685,-157.87975723910643
EP12,358,-52.779217318409934,-148.2566124371095
EP12,359,-61.767792017766055,-157.24518713646563
EP12,360,-66.99065471446889,-162.46804983316846
EP12,361,-59.96279970593136,-155.44019482463094
EP12,362,-59.21436762552625,-154.69176274422583
EP12,363,-60.605635231123756,-156.08303034982333
EP12,364,-70.09927099224049,-165.57666611094007
EP12,365,-58.30028308640203,-153.7776782051016
EP12,366,-77.25863504889654,-172.7360301675961
EP12,367,-72.47434757634659,-167.95174269504616
EP12,368,-55.93092847079663,-151.4083235894962
EP12,369,-56.87602216900956,-152.35341728770914
EP12,370,-65.2901400771745,-160.76753519587407
EP12,371,-66.66136452917135,-162.13875964787093
EP12,372,-55.93416617079956,-151.41156128949913
EP12,373,-58.87515659663569,-154.35255171533527
EP12,374,-59.63688962571584,-155.11428474441541
EP12,375,-58.32735111956558,-153.80474623826515
EP12,376,-56.71198080449636,-152.18937592319594
EP12,377,-59.6713835460794,-155.14877866477897
EP12,378,-54.65298692369558,-150.13038204239515
EP12,379,-58.24793822344063,-153.7253333421402
EP12,380,-59.49659490019448,-154.97399001889406
EP12,381,-57.68091438958902,-153.1583095082886
EP12,382,-50.925200902082224,-146.4025960207818
EP12,383,-65.77961748052562,-161.2570125992252
EP12,384,-64.55942570370419,-160.03682082240377
EP12,385,-60.10064754694065,-155.57804266564023
EP12,386,-67.70395244111461,-163.18134755981418
EP12,387,-64.69054233234891,-160.1679374510485
EP12,388,-60.06916623595063,-155.5465613546502
EP12,389,-68.7782052493472,-164.25560036804677
EP12,390,-71.51386136274084,-166.99125648144042
EP12,391,-56.45725495350217,-151.93465007220175
EP12,392,-61.43556959656269,-156.91296471526226
EP12,393,-58.61688415639017,-154.09427927508975
EP12,394,-69.09149072061305,-164.56888583931263
EP12,395,-62.34257605127931,-157.81997116997888
EP12,396,-61.3137042618325,-156.79109938053207
EP12,397,-60.844199177259384,-156.32159429595896
EP12,398,-53.976008647327745,-149.45340376602732
EP12,399,-70.40240163058428,-165.87979674928386
EP12,400,-60.26095267989612,-155.7383477985957
EP12,401,-52.418873633558405,-147.89626875225798
EP12,402,-58.75471184130788,-154.23210696000746
EP12,403,-71.37126554849894,-166.84866066719852
EP12,404,-57.20927087427947,-152.68666599297904
EP12,405,-60.03924239493131,-155.51663751363088
EP12,406,-52.42796113699961,-147.9053562556992
EP12,407,-67.05967032545468,-162.53706544415425
EP12,408,-55.28396712963382,-150.7613622483334
EP12,409,-58.00904821576211,-153.48644333446168
EP12,410,-53.413849237691466,-148.89124435639104
EP12,411,-57.14148950047033,-152.6188846191699
EP12,412,-61.08109064913401,-156.5584857678336
EP12,413,-62.07199562688223,-157.5493907455818
EP12,414,-63.53162364345056,-159.00901876215013
EP12,415,-78.06322434578883,-173.5406194644884
EP12,416,-66.61053028755884,-162.08792540625842
EP12,417,-68.03035917968458,-163.50775429838416
EP12,418,-60.0869095805393,-155.56430469923887
EP12,419,-56.1577345392262,-151.63512965792577
EP12,420,-59.713788173166364,-155.19118329186594
EP12,421,-58.05000682209169,-153.52740194079126
EP12,422,-51.48962684800139,-146.96702196670097
EP12,423,-60.31673121074806,-155.79412632944764
EP12,424,-58.32821936943276,-153.80561448813233
EP12,425,-52.6445168578085,-148.12191197650807
EP12,426,-64.54242423867473,-160.0198193573743
EP12,427,-64.30917089176927,-159.78656601046885
EP12,428,-60.322521231178825,-155.7999163498784
EP12,429,-62.489467808307694,-157.96686292700727
EP12,430,-58.57014727639182,-154.0475423950914
EP12,431,-59.531619122802766,-155.00901424150234
EP12,432,-56.4960496852986,-151.97344480399818
EP12,433,-61.56796675244212,-157.0453618711417
EP12,434,-63.72935244226454,-159.20674756096412
EP12,435,-56.85312002343014,-152.3305151421297
EP12,436,-58.369918838035574,-153.84731395673515
EP12,437,-64.0354207789999,-159.51281589769948
EP12,438,-45.55083221438639,-141.02822733308597
EP12,439,-62.71742865047793,-158.1948237691775
EP12,440,-60.37254561424075,-155.84994073294033
EP12,441,-60.30615718694594,-155.78355230564551
EP12,442,-59.24046139141308,-154.71785651011265
EP12,443,-55.61590887882841,-151.09330399752798
EP12,444,-62.90386582658465,-158.38126094528423
EP12,445,-64.38220314715073,-159.8595982658503
EP12,446,-53.05720908680138,-148.53460420550095
EP12,447,-63.807238006661464,-159.28463312536104
EP12,448,-64.05422133381961,-159.5316164525192
EP12,449,-63.539797742260475,-159.01719286096005
EP12,450,-53.768289620696976,-149.24568473939655
EP12,451,-60.00300145404708,-155.48039657274666
EP12,452,-68.11570547124165,-163.59310058994123
EP12,453,-63.0063886052171,-158.48378372391667
EP12,454,-56.52685798255612,-152.0042531012557
EP12,455,-58.315020828631674,-153.79241594733125
EP12,456,-48.39527345892918,-143.87266857762876
EP12,457,-51.40488352332221,-146.8822786420218
EP12,458,-61.98401788510796,-157.46141300380754
EP12,459,-57.767583301160755,-153.24497841986033
EP12,460,-61.02935724146519,-156.50675236016477
EP12,461,-60.4524422657359,-155.92983738443547
EP12,462,-61.92626638945654,-157.40366150815612
EP12,463,-60.00182293944897,-155.47921805814855
EP12,464,-71.30840623025111,-166.78580134895068
EP12,465,-59.94817094101174,-155.42556605971131
EP12,466,-61.89230528429988,-157.36970040299946
EP12,467,-62.079486489918395,-157.55688160861797
EP12,468,-65.43031701656787,-160.90771213526745
EP12,469,-51.508300758325134,-146.9856958770247
EP12,470,-64.23443629428633,-159.7118314129859
EP12,471,-57.085217080771145,-152.56261219947072
EP12,472,-60.98028602524033,-156.4576811439399
EP12,473,-60.756481179697914,-156.2338762983975
EP12,474,-64.32285268421063,-159.8002478029102
EP12,475,-63.79112783771464,-159.26852295641422
EP12,476,-63.62513602897795,-159.10253114767752
EP12,477,-60.46457782531533,-155.9419729440149
EP12,478,-56.22639294640902,-151.7037880651086
EP12,479,-53.880751098540145,-149.35814621723972
EP12,480,-56.88229368061033,-152.3596887993099
EP12,481,-65.43904177489728,-160.91643689359685
EP12,482,-61.956124901453336,-157.4335200201529
EP12,483,-69.58879182625117,-165.06618694495074
EP12,484,-56.95085661092949,-152.42825172962907
EP12,485,-78.66386050229727,-174.14125562099684
EP12,486,-57.09961028260062,-152.5770054013002
EP12,487,-56.557862265289884,-152.03525738398946
EP12,488,-57.84564891057306,-153.32304402927264
EP12,489,-65.93555608438425,-161.41295120308382
EP12,490,-54.4619674604194,-149.93936257911898
EP12,491,-59.28141953221166,-154.75881465091123
EP12,492,-65.95221436335407,-161.42960948205365
EP12,493,-49.697344372583075,-145.17473949128265
EP12,494,-59.05553057625198,-154.53292569495156
EP12,495,-50.076203899050256,-145.55359901774983
EP12,496,-62.09129402550522,-157.5686891442048
EP12,497,-63.618922479033955,-159.09631759773353
EP12,498,-56.79318450774264,-152.2705796264422
EP12,499,-52.253855452883556,-147.73125057158313
EP12,500,-59.58051854066733,-155.0579136593669
EP13,1,-55.50270746874364,-150.9801025874432
EP13,2,-56.28466542236319,-151.76206054106277
EP13,3,-68.7799261033785,-164.25732122207808
EP13,4,-63.941912300359974,-159.41930741905955
EP13,5,-54.93140670187017,-150.40880182056975
EP13,6,-58.434056411068354,-153.91145152976793
EP13,7,-61.87913231780428,-157.35652743650385
EP13,8,-62.9434215580001,-158.42081667669967
EP13,9,-60.918416301797265,-156.39581142049684
EP13,10,-60.01777872612291,-155.4951738448225
EP13,11,-59.293322413060736,-154.7707175317603
EP13,12,-54.62540456665505,-150.10279968535463
EP13,13,-68.31189290939838,-163.78928802809796
EP13,14,-52.60562682020279,-148.08302193890236
EP13,15,-67.45798005931894,-162.93537517801852
EP13,16,-69.34568283418648,-164.82307795288605
EP13,17,-50.65545272050602,-146.1328478392056
EP13,18,-66.05197632931427,-161.52937144801385
EP13,19,-54.338417362179,-149.81581248087858
EP13,20,-58.734434651950835,-154.2118297706504
EP13,21,-57.91909904536561,-153.3964941640652
EP13,22,-56.03510298160165,-151.51249810030123
EP13,23,-68.71583831622416,-164.19323343492374
EP13,24,-50.0295577584364,-145.50695287713597
EP13,25,-61.261315870024646,-156.73871098872422
EP13,26,-52.38913092576274,-147.86652604446232
EP13,27,-57.84592798909418,-153.32332310779375
EP13,28,-50.44142555369737,-145.91882067239695
EP13,29,-57.460491605258994,-152.93788672395857
EP13,30,-60.36283239923307,-155.84022751793265
EP13,31,-59.67530386181332,-155.1526989805129
EP13,32,-53.40977210297149,-148.88716722167106
EP13,33,-62.02230337121168,-157.49969848991125
EP13,34,-56.11839781106514,-151.5957929297647
EP13,35,-63.38120389708101,-158.85859901578058
EP13,36,-55.48197992515469,-150.95937504385427
EP13,37,-62.12107003175157,-157.59846515045115
EP13,38,-51.226176657950845,-146.70357177665042
EP13,39,-48.33325987521371,-143.8106549939133
EP13,40,-56.82740939307658,-152.30480451177615
EP13,41,-53.71264038886895,-149.19003550756852
EP13,42,-55.46908822063389,-150.94648333933347
EP13,43,-56.684284641712225,-152.1616797604118
EP13,44,-53.96968899527411,-149.4470841139737
EP13,45,-52.76050464958803,-148.2378997682876
EP13,46,-46.892822492857874,-142.37021761155745
EP13,47,-63.91536355367046,-159.39275867237004
EP13,48,-50.36460221342392,-145.8419973321235
EP13,49,-54.87043708175085,-150.34783220045043
EP13,50,-58.63211821676242,-154.109513335462
EP13,51,-54.638080011936495,-150.11547513063607
EP13,52,-67.44198293710838,-162.91937805580795
EP13,53,-60.97465571038646,-156.45205082908603
EP13,54,-52.91021555130996,-148.38761067000954
EP13,55,-61.08999625500354,-156.56739137370312
EP13,56,-59.69093687699922,-155.1683319956988
EP13,57,-54.90077743261958,-150.37817255131915
EP13,58,-54.44079441199037,-149.91818953068994
EP13,59,-59.04762738714817,-154.52502250584774
EP13,60,-60.70846303164225,-156.18585815034183
EP13,61,-59.6578968093138,-155.13529192801337
EP13,62,-66.14052651537395,-161.61792163407353
EP13,63,-51.33712390844033,-146.8145190271399
EP13,64,-50.83056449589333,-146.3079596145929
EP13,65,-55.36821262665353,-150.8456077453531
EP13,66,-65.53878034912609,-161.01617546782566
EP13,67,-55.590881373677064,-151.06827649237664
EP13,68,-60.89866368306235,-156.37605880176193
EP13,69,-53.13307346710556,-148.61046858580514
EP13,70,-49.58380918423191,-145.0612043029315
EP13,71,-51.51613667845663,-146.9935317971562
EP13,72,-66.53573624523281,-162.0131313639324
EP13,73,-59.58691663509333,-155.0643117537929
EP13,74,-51.695864130589314,-147.1732592492889
EP13,75,-62.50094471518395,-157.97833983388352
EP13,76,-57.05373659087104,-152.53113170957062
EP13,77,-66.43835969750808,-161.91575481620765
EP13,78,-56.773491439958434,-152.250886558658
EP13,79,-60.734733330920704,-156.21212844962028
EP13,80,-56.99377492517266,-152.47117004387223
EP13,81,-57.47560360420269,-152.95299872290227
EP13,82,-65.99472045856402,-161.4721155772636
EP13,83,-55.676738233999316,-151.1541333526989
EP13,84,-55.52199619155141,-150.99939131025099
EP13,85,-56.747263936080856,-152.22465905478043
EP13,86,-63.24771313153772,-158.7251082502373
EP13,87,-61.54880359161342,-157.026198710313
EP13,88,-62.9380941749572,-158.41548929365678
EP13,89,-55.99131886680547,-151.46871398550505
EP13,90,-61.50991680702563,-156.9873119257252
EP13,91,-55.425744889665225,-150.9031400083648
EP13,92,-55.674145197871326,-151.1515403165709
EP13,93,-63.22207574756965,-158.69947086626922
EP13,94,-61.99658030408827,-157.47397542278784
EP13,95,-57.40391526519036,-152.88131038388994
EP13,96,-64.85841157359462,-160.3358066922942
EP13,97,-63.16878871860641,-158.64618383730598
EP13,98,-69.9910447567178,-165.46843987541737
EP13,99,-65.13260113648266,-160.60999625518224
EP13,100,-50.774056728270125,-146.2514518469697
EP13,101,-68.74370942206477,-164.22110454076434
EP13,102,-60.31911517629112,-155.7965102949907
EP13,103,-64.51953976158404,-159.99693488028362
EP13,104,-59.06027640222109,-154.53767152092067
EP13,105,-61.15937219808012,-156.6367673167797
EP13,106,-58.84553607489255,-154.32293119359213
EP13,107,-47.77120242270536,-143.24859754140493
EP13,108,-59.49426094706584,-154.97165606576542
EP13,109,-53.402449301204854,-148.87984441990443
EP13,110,-48.48224504014203,-143.9596401588416
EP13,111,-55.74062034595414,-151.21801546465372
EP13,112,-58.98869867544403,-154.4660937941436
EP13,113,-60.91331559343669,-156.39071071213627
EP13,114,-64.27056531339946,-159.74796043209903
EP13,115,-54.590225251532814,-150.0676203702324
EP13,116,-49.06491866917651,-144.54231378787608
EP13,117,-67.31964614674703,-162.7970412654466
EP13,118,-60.854038553907316,-156.3314336726069
EP13,119,-71.51465199510548,-166.99204711380506
EP13,120,-59.49916725445931,-154.97656237315888
EP13,121,-71.71756951925693,-167.1949646379565
EP13,122,-60.482801699171006,-155.96019681787058
EP13,123,-60.334389958567584,-155.81178507726716
EP13,124,-56.818294713841425,-152.295689832541
EP13,125,-57.24249529996601,-152.71989041866559
EP13,126,-56.021239475277866,-151.49863459397744
EP13,127,-57.09979246521763,-152.5771875839172
EP13,128,-56.771300699663755,-152.24869581836333
EP13,129,-53.9550500747315,-149.43244519343108
EP13,130,-61.208040835636154,-156.68543595433573
EP13,131,-54.14844149271602,-149.6258366114156
EP13,132,-55.736029190524164,-151.21342430922374
EP13,133,-46.712452010798216,-142.1898471294978
EP13,134,-56.72295858997046,-152.20035370867004
EP13,135,-61.54937952890643,-157.026774647606
EP13,136,-55.03855352972721,-150.5159486484268
EP13,137,-42.58564889299254,-138.0630440116921
EP13,138,-65.67581406139064,-161.15320918009022
EP13,139,-61.60945269629954,-157.08684781499912
EP13,140,-53.9325049132857,-149.40990003198527
EP13,141,-63.181692596741016,-158.6590877154406
EP13,142,-52.9488298148151,-148.42622493351467
EP13,143,-56.8079980443151,-152.28539316301467
EP13,144,-69.73532555951527,-165.21272067821485
EP13,145,-59.346821480127915,-154.8242165988275
EP13,146,-56.10101984419043,-151.57841496289
EP13,147,-57.524121536799555,-153.00151665549913
EP13,148,-63.64791736285545,-159.12531248155503
EP13,149,-61.95877724479459,-157.43617236349417
EP13,150,-55.75535867056766,-151.23275378926724
EP13,151,-58.960252509474685,-154.43764762817426
EP13,152,-48.09123671469072,-143.5686318333903
EP13,153,-62.083816244753564,-157.56121136345314
EP13,154,-58.7493032928661,-154.22669841156568
EP13,155,-43.35174066760206,-138.82913578630163
EP13,156,-61.70733106701499,-157.18472618571457
EP13,157,-55.44405726679395,-150.92145238549352
EP13,158,-49.161727622151034,-144.6391227408506
EP13,159,-52.53385133306901,-148.01124645176859
EP13,160,-50.35671142581646,-145.83410654451603
EP13,161,-70.00243246680301,-165.4798275855026
EP13,162,-56.85978560463809,-152.33718072333767
EP13,163,-65.04142698142533,-160.5188221001249
EP13,164,-58.57791798307889,-154.05531310177847
EP13,165,-65.18237325454152,-160.6597683732411
EP13,166,-59.75049926245845,-155.22789438115802
EP13,167,-64.85301292697847,-160.33040804567804
EP13,168,-56.20759639618103,-151.6849915148806
EP13,169,-57.0440027524067,-152.52139787110627
EP13,170,-65.27946996855485,-160.75686508725443
EP13,171,-40.66921904523679,-136.14661416393636
EP13,172,-61.2535078528351,-156.73090297153468
EP13,173,-65.79981481412034,-161.27720993281991
EP13,174,-65.21743632792709,-160.69483144662667
EP13,175,-60.564857246007705,-156.04225236470728
EP13,176,-51.446202360613796,-146.92359747931337
EP13,177,-46.66860525608331,-142.1460003747829
EP13,178,-63.79881719060762,-159.2762123093072
EP13,179,-62.70599370886407,-158.18338882756365
EP13,180,-54.43041527744492,-149.9078103961445
EP13,181,-55.89696702268455,-151.37436214138413
EP13,182,-54.791642622315464,-150.26903774101504
EP13,183,-53.726678574425364,-149.20407369312494
EP13,184,-56.88207811769618,-152.35947323639576
EP13,185,-65.5994515845072,-161.07684670320677
EP13,186,-55.562191591003284,-151.03958670970286
EP13,187,-72.69353451228258,-168.17092963098216
EP13,188,-74.72371992180439,-170.20111504050396
EP13,189,-55.43115236593377,-150.90854748463335
EP13,190,-58.569926363945115,-154.0473214826447
EP13,191,-50.34049293563413,-145.8178880543337
EP13,192,-54.661804687250395,-150.13919980594997
EP13,193,-56.57050873078174,-152.04790384948132
EP13,194,-76.35907556084854,-171.8364706795481
EP13,195,-51.48089777729328,-146.95829289599286
EP13,196,-60.4246493565505,-155.90204447525008
EP13,197,-49.874330404815794,-145.35172552351537
EP13,198,-54.857525651414875,-150.33492077011445
EP13,199,-52.8673917236097,-148.34478684230928
EP13,200,-67.2522961225909,-162.72969124129048
EP13,201,-57.15001248333283,-152.6274076020324
EP13,202,-56.43177494571103,-151.9091700644106
EP13,203,-63.276422607146486,-158.75381772584606
EP13,204,-55.959379499114846,-151.43677461781442
EP13,205,-54.57842343537504,-150.05581855407462
EP13,206,-59.390389843607466,-154.86778496230704
EP13,207,-73.0833174707299,-168.56071258942947
EP13,208,-58.62483228687347,-154.10222740557305
EP13,209,-53.124789801799466,-148.60218492049904
EP13,210,-54.89977648184737,-150.37717160054694
EP13,211,-52.829601101165025,-148.3069962198646
EP13,212,-62.18235876368769,-157.65975388238726
EP13,213,-58.75585532341697,-154.23325044211654
EP13,214,-56.78755863729799,-152.26495375599757
EP13,215,-62.190650841596494,-157.66804596029607
EP13,216,-62.26136780829381,-157.7387629269934
EP13,217,-51.8921933998613,-147.36958851856087
EP13,218,-46.046314976210596,-141.52371009491017
EP13,219,-55.31849196632808,-150.79588708502766
EP13,220,-60.34202105911626,-155.81941617781584
EP13,221,-51.64832967844504,-147.1257247971446
EP13,222,-66.3312749289486,-161.80867004764818
EP13,223,-63.69765200439733,-159.1750471230969
EP13,224,-59.61475606170569,-155.09215118040527
EP13,225,-58.22010521708617,-153.69750033578575
EP13,226,-54.45009294851155,-149.92748806721113
EP13,227,-59.857131557296924,-155.3345266759965
EP13,228,-55.55686798625368,-151.03426310495325
EP13,229,-72.62787863393766,-168.10527375263723
EP13,230,-54.65174791337398,-150.12914303207356
EP13,231,-52.618847576125546,-148.09624269482512
EP13,232,-57.957355933898754,-153.43475105259833
EP13,233,-55.885936161792785,-151.36333128049236
EP13,234,-59.964150395322804,-155.44154551402238
EP13,235,-60.12317002307586,-155.60056514177543
EP13,236,-56.01668199002191,-151.49407710872148
EP13,237,-59.702610894748375,-155.18000601344795
EP13,238,-65.65457340239809,-161.13196852109766
EP13,239,-57.004774595012265,-152.48216971371184
EP13,240,-63.05955264549337,-158.53694776419294
EP13,241,-66.71514568234875,-162.19254080104832
EP13,242,-53.77343979945374,-149.25083491815332
EP13,243,-65.23344361876138,-160.71083873746096
EP13,244,-62.62757412369618,-158.10496924239575
EP13,245,-75.43749175220017,-170.91488687089975
EP13,246,-58.90002619792105,-154.37742131662063
EP13,247,-57.62067004287431,-153.09806516157389
EP13,248,-60.4868671379071,-155.96426225660667
EP13,249,-65.10254482301156,-160.57993994171113
EP13,250,-52.888301612907554,-148.36569673160713
EP13,251,-58.02555763455911,-153.50295275325868
EP13,252,-58.37360144694867,-153.85099656564824
EP13,253,-58.47864636827012,-153.9560414869697
EP13,254,-62.13282453757148,-157.61021965627106
EP13,255,-49.68792994290047,-145.16532506160004
EP13,256,-55.91086308746307,-151.38825820616265
EP13,257,-60.808078952916844,-156.28547407161642
EP13,258,-51.72154894646491,-147.19894406516448
EP13,259,-55.813084039221394,-151.29047915792097
EP13,260,-48.64931857718986,-144.12671369588944
EP13,261,-57.96801268935016,-153.44540780804974
EP13,262,-58.104554978581916,-153.5819500972815
EP13,263,-48.18883548738819,-143.66623060608777
EP13,264,-65.50624737312899,-160.98364249182856
EP13,265,-60.55538257913122,-156.0327776978308
EP13,266,-48.531668567231605,-144.00906368593118
EP13,267,-50.821539117858606,-146.29893423655818
EP13,268,-68.53222510418209,-164.00962022288167
EP13,269,-66.11128830447791,-161.58868342317749
EP13,270,-67.31632606761531,-162.79372118631488
EP13,271,-67.2797357598688,-162.75713087856838
EP13,272,-49.99373266642297,-145.47112778512255
EP13,273,-61.39783903066254,-156.87523414936211
EP13,274,-68.42251955497679,-163.89991467367636
EP13,275,-55.1904558987938,-150.66785101749338
EP13,276,-59.38789714201357,-154.86529226071315
EP13,277,-57.640077734287416,-153.117472852987
EP13,278,-44.2269463755421,-139.70434149424167
EP13,279,-52.3983001039644,-147.87569522266398
EP13,280,-54.9101339503807,-150.38752906908027
EP13,281,-64.98251134052742,-160.459906459227
EP13,282,-62.53909316902261,-158.01648828772218
EP13,283,-63.43331524378357,-158.91071036248314
EP13,284,-68.56671764842997,-164.04411276712955
EP13,285,-63.99453513386166,-159.47193025256124
EP13,286,-64.85307374496858,-160.33046886366816
EP13,287,-55.19736491552777,-150.67476003422735
EP13,288,-43.064352823124665,-138.54174794182424
EP13,289,-56.69039957305782,-152.1677946917574
EP13,290,-48.862309478875346,-144.33970459757492
EP13,291,-61.140822435467214,-156.6182175541668
EP13,292,-60.981360440881474,-156.45875555958105
EP13,293,-65.03591716553706,-160.51331228423663
EP13,294,-66.34135414478553,-161.8187492634851
EP13,295,-65.38241692811232,-160.8598120468119
EP13,296,-58.43538529384858,-153.91278041254816
EP13,297,-60.6817026936896,-156.15909781238918
EP13,298,-65.86750490209062,-161.3449000207902
EP13,299,-62.08988967770412,-157.5672847964037
EP13,300,-71.09666768963336,-166.57406280833294
EP13,301,-60.39623034157151,-155.87362546027109
EP13,302,-55.217745247417724,-150.6951403661173
EP13,303,-54.9265244455531,-150.40391956425267
EP13,304,-54.874299740385,-150.35169485908457
EP13,305,-59.66913207948548,-155.14652719818505
EP13,306,-52.63576121435324,-148.1131563330528
EP13,307,-66.6262736099024,-162.10366872860197
EP13,308,-51.21996781731218,-146.69736293601176
EP13,309,-59.970736917905384,-155.44813203660496
EP13,310,-50.935095538949724,-146.4124906576493
EP13,311,-52.86010989007161,-148.3375050087712
EP13,312,-57.361210898800095,-152.83860601749967
EP13,313,-64.86676475478822,-160.3441598734878
EP13,314,-63.880011849585344,-159.35740696828492
EP13,315,-55.35080381564899,-150.82819893434856
EP13,316,-55.17253355746175,-150.64992867616132
EP13,317,-55.64378917542837,-151.12118429412794
EP13,318,-54.17239701502382,-149.6497921337234
EP13,319,-54.737275646103484,-150.21467076480306
EP13,320,-50.607430436444815,-146.0848255551444
EP13,321,-55.74729722739551,-151.22469234609508
EP13,322,-61.8282290402324,-157.30562415893198
EP13,323,-57.13036674145985,-152.60776186015943
EP13,324,-61.435752777423886,-156.91314789612346
EP13,325,-63.828032682784226,-159.3054278014838
EP13,326,-58.295048464840505,-153.77244358354008
EP13,327,-59.47689559101471,-154.9542907097143
EP13,328,-51.5596531886456,-147.03704830734517
EP13,329,-56.51355060592249,-151.99094572462207
EP13,330,-63.730085156195855,-159.20748027489543
EP13,331,-57.70696292218088,-153.18435804088045
EP13,332,-52.29985164314317,-147.77724676184275
EP13,333,-70.61847337135123,-166.0958684900508
EP13,334,-60.548501508222216,-156.0258966269218
EP13,335,-56.50138858059998,-151.97878369929956
EP13,336,-56.46126563474385,-151.93866075344343
EP13,337,-56.202724412967314,-151.6801195316669
EP13,338,-56.812737804948796,-152.29013292364837
EP13,339,-53.61774943527877,-149.09514455397834
EP13,340,-74.66285531370488,-170.14025043240446
EP13,341,-52.16837478387603,-147.6457699025756
EP13,342,-61.373251802362546,-156.85064692106212
EP13,343,-52.56833850347439,-148.04573362217397
EP13,344,-59.442450242918284,-154.91984536161786
EP13,345,-54.33715552757181,-149.81455064627139
EP13,346,-54.91380796071792,-150.3912030794175
EP13,347,-58.95623940077894,-154.43363451947852
EP13,348,-62.620165675788456,-158.09756079448803
EP13,349,-56.72549827870495,-152.20289339740452
EP13,350,-60.549639136001446,-156.02703425470102
EP13,351,-55.73969750600983,-151.2170926247094
EP13,352,-56.79694906940259,-152.27434418810216
EP13,353,-59.26117432409953,-154.7385694427991
EP13,354,-52.275341346668995,-147.75273646536857
EP13,355,-58.28382565947297,-153.76122077817254
EP13,356,-58.02832770159259,-153.50572282029216
EP13,357,-57.0552608831604,-152.53265600185998
EP13,358,-67.1358033028593,-162.61319842155888
EP13,359,-70.59766015686941,-166.07505527556899
EP13,360,-53.041722473600544,-148.51911759230012
EP13,361,-55.19820523818623,-150.6756003568858
EP13,362,-61.79067453278162,-157.2680696514812
EP13,363,-61.16840417576873,-156.6457992944683
EP13,364,-58.30856867642197,-153.78596379512155
EP13,365,-54.51200061854291,-149.9893957372425
EP13,366,-56.00085785418855,-151.47825297288813
EP13,367,-51.827921787443415,-147.305316906143
EP13,368,-61.41260863925615,-156.89000375795572
EP13,369,-52.376157328170535,-147.8535524468701
EP13,370,-55.04131414317078,-150.51870926187036
EP13,371,-59.057530427157985,-154.53492554585756
EP13,372,-60.26613299623452,-155.7435281149341
EP13,373,-60.031611334663154,-155.50900645336273
EP13,374,-57.41369702667072,-152.8910921453703
EP13,375,-61.012965926390876,-156.49036104509045
EP13,376,-51.178503642867724,-146.6558987615673
EP13,377,-53.040468561829755,-148.51786368052933
EP13,378,-72.7995635725367,-168.27695869123627
EP13,379,-63.46769808922929,-158.94509320792886
EP13,380,-69.36309845270935,-164.84049357140893
EP13,381,-52.97369203554746,-148.45108715424703
EP13,382,-62.78986438114595,-158.26725949984552
EP13,383,-53.2112656470006,-148.68866076570018
EP13,384,-55.738253811582524,-151.2156489302821
EP13,385,-59.27805874674846,-154.75545386544803
EP13,386,-55.1908825221949,-150.66827764089447
EP13,387,-53.31575021161319,-148.79314533031277
EP13,388,-64.32783762478786,-159.80523274348744
EP13,389,-58.63154129629834,-154.1089364149979
EP13,390,-55.76716376097502,-151.2445588796746
EP13,391,-61.656415102713254,-157.13381022141283
EP13,392,-66.56906406533284,-162.04645918403241
EP13,393,-46.64647662159206,-142.12387174029163
EP13,394,-58.96139506281148,-154.43879018151105
EP13,395,-50.06051319394669,-145.53790831264627
EP13,396,-55.377169536638206,-150.85456465533778
EP13,397,-55.95630532999746,-151.43370044869704
EP13,398,-51.62480757951596,-147.10220269821554
EP13,399,-60.66160936414832,-156.1390044828479
EP13,400,-55.65903010154602,-151.1364252202456
EP13,401,-52.54683344623305,-148.02422856493263
EP13,402,-60.699074880323224,-156.1764699990228
EP13,403,-60.60117250397272,-156.0785676226723
EP13,404,-60.6517052570141,-156.12910037571368
EP13,405,-55.18602841213203,-150.6634235308316
EP13,406,-57.27671113980779,-152.75410625850736
EP13,407,-62.71447252412332,-158.1918676428229
EP13,408,-62.795318397061834,-158.2727135157614
EP13,409,-63.44252060647776,-158.91991572517733
EP13,410,-59.4083857202325,-154.88578083893208
EP13,411,-52.640134019412386,-148.11752913811196
EP13,412,-61.68343623518726,-157.16083135388683
EP13,413,-60.89046651522929,-156.36786163392887
EP13,414,-65.10285554123288,-160.58025065993246
EP13,415,-55.87656016096875,-151.35395527966833
EP13,416,-63.371599636997445,-158.84899475569702
EP13,417,-66.85853780866182,-162.3359329273614
EP13,418,-55.7310725704597,-151.20846768915928
EP13,419,-51.998556767934105,-147.47595188663368
EP13,420,-56.98831389420096,-152.46570901290053
EP13,421,-61.81476289007105,-157.29215800877063
EP13,422,-42.12460214689318,-137.60199726559276
EP13,423,-62.372751137845796,-157.85014625654537
EP13,424,-70.56560363276483,-166.0429987514644
EP13,425,-55.40889520947675,-150.88629032817633
EP13,426,-56.319918699685275,-151.79731381838485
EP13,427,-55.68963549982246,-151.16703061852203
EP13,428,-54.2865372914012,-149.76393241010078
EP13,429,-63.20548982623572,-158.6828849449353
EP13,430,-47.6436166267643,-143.12101174546387
EP13,431,-57.615971993241544,-153.09336711194112
EP13,432,-57.89828325079904,-153.37567836949862
EP13,433,-59.45075860853703,-154.9281537272366
EP13,434,-56.40727385994626,-151.88466897864583
EP13,435,-60.879869954089145,-156.35726507278872
EP13,436,-53.65061142603065,-149.12800654473023
EP13,437,-56.60710036622331,-152.08449548492288
EP13,438,-54.897135199093924,-150.3745303177935
EP13,439,-58.144316575283426,-153.621711693983
EP13,440,-57.04841113041172,-152.5258062491113
EP13,441,-55.04031486547805,-150.51770998417763
EP13,442,-57.16193557236397,-152.63933069106355
EP13,443,-66.48392197964728,-161.96131709834685
EP13,444,-57.386457235165466,-152.86385235386504
EP13,445,-65.41736628112562,-160.8947613998252
EP13,446,-64.67244793683471,-160.1498430555343
EP13,447,-59.14640302199058,-154.62379814069016
EP13,448,-56.387256691580205,-151.86465181027978
EP13,449,-61.02742192152587,-156.50481704022545
EP13,450,-62.168474871831165,-157.64586999053074
EP13,451,-56.758154901213516,-152.2355500199131
EP13,452,-58.5460504313499,-154.02344555004947
EP13,453,-63.27334217122194,-158.75073728992152
EP13,454,-54.29408971020871,-149.77148482890829
EP13,455,-58.26772792387575,-153.74512304257533
EP13,456,-56.77880843218799,-152.25620355088756
EP13,457,-56.27229050711293,-151.7496856258125
EP13,458,-57.11042596590238,-152.58782108460196
EP13,459,-63.89239136422174,-159.3697864829213
EP13,460,-54.85374653294474,-150.33114165164432
EP13,461,-67.47850909140828,-162.95590421010786
EP13,462,-59.617285510510214,-155.0946806292098
EP13,463,-62.99785870686978,-158.47525382556935
EP13,464,-60.5030087711024,-155.98040388980198
EP13,465,-59.51242079427763,-154.9898159129772
EP13,466,-70.93024817448415,-166.40764329318372
EP13,467,-61.95068006745049,-157.42807518615007
EP13,468,-51.8924606768918,-147.36985579559138
EP13,469,-63.094434131785164,-158.57182925048474
EP13,470,-55.167919254061275,-150.64531437276085
EP13,471,-59.450946222336285,-154.92834134103586
EP13,472,-69.6119620395996,-165.08935715829918
EP13,473,-51.33729432489491,-146.8146894435945
EP13,474,-51.91884855948976,-147.39624367818934
EP13,475,-55.99935028763943,-151.476745406339
EP13,476,-56.33753473217101,-151.81492985087058
EP13,477,-55.23736455672548,-150.71475967542506
EP13,478,-65.29867626215528,-160.77607138085486
EP13,479,-64.4064343062725,-159.88382942497208
EP13,480,-59.50244736670243,-154.979842485402
EP13,481,-59.67350337031624,-155.15089848901582
EP13,482,-55.94059759674508,-151.41799271544465
EP13,483,-67.07183670968621,-162.54923182838579
EP13,484,-61.01221011552974,-156.48960523422932
EP13,485,-51.9454891334143,-147.42288425211387
EP13,486,-40.25761001486478,-135.73500513356436
EP13,487,-55.921533848584346,-151.39892896728392
EP13,488,-58.144709795950604,-153.62210491465018
EP13,489,-58.226451893476565,-153.70384701217614
EP13,490,-57.80295495839732,-153.2803500770969
EP13,491,-71.70165214545995,-167.17904726415952
EP13,492,-67.28638153974148,-162.76377665844106
EP13,493,-60.18728096463002,-155.6646760833296
EP13,494,-56.84046654711648,-152.31786166581605
EP13,495,-53.70668471509799,-149.18407983379757
EP13,496,-52.500986176015715,-147.9783812947153
EP13,497,-58.34501580167458,-153.82241092037415
EP13,498,-60.19697963501133,-155.6743747537109
EP13,499,-50.6062261197479,-146.08362123844748
EP13,500,-57.31194294885921,-152.7893380675588
EP14,1,-22.231898379577302,-117.70929349827688
EP14,2,-42.27607946090018,-137.75347457959975
EP14,3,-17.82966844228605,-113.30706356098563
EP14,4,-32.48416319255014,-127.96155831124972
EP14,5,-45.46641718055014,-140.94381229924971
EP14,6,-23.976556627180287,-119.45395174587986
EP14,7,-39.15151239180787,-134.62890751050745
EP14,8,-25.23394948663828,-120.71134460533786
EP14,9,-28.832254911028414,-124.30965002972799
EP14,10,-46.781737972895996,-142.25913309159557
EP14,11,-24.62938754730314,-120.10678266600272
EP14,12,-34.7261858949899,-130.20358101368947
EP14,13,-24.865750543467357,-120.34314566216693
EP14,14,-19.34198663359048,-114.81938175229006
EP14,15,-51.96289924581856,-147.44029436451814
EP14,16,-34.675560757239765,-130.15295587593934
EP14,17,-28.817286903919097,-124.29468202261867
EP14,18,-35.78490927625222,-131.2623043949518
EP14,19,-33.323538635025045,-128.80093375372462
EP14,20,-29.853498848671876,-125.33089396737145
EP14,21,-30.76501770623844,-126.24241282493801
EP14,22,-32.618971686737666,-128.09636680543724
EP14,23,-34.31149048854272,-129.7888856072423
EP14,24,-7.696991071649009,-103.17438619034859
EP14,25,-29.184860773439283,-124.66225589213886
EP14,26,-35.02515895187602,-130.5025540705756
EP14,27,-48.23805497138875,-143.71545009008832
EP14,28,-26.480378630048307,-121.95777374874788
EP14,29,-41.56766475122123,-137.0450598699208
EP14,30,-34.42246592729123,-129.8998610459908
EP14,31,-15.422866875552643,-110.90026199425222
EP14,32,-23.33469290176815,-118.81208802046773
EP14,33,-19.09862896007438,-114.57602407877395
EP14,34,-36.3400161079968,-131.81741122669638
EP14,35,-37.91907368533856,-133.39646880403814
EP14,36,-29.594293370548797,-125.07168848924837
EP14,37,-39.5479230819507,-135.02531820065028
EP14,38,-18.95375223575934,-114.43114735445891
EP14,39,-41.19437874431969,-136.67177386301927
EP14,40,-20.823337037266086,-116.30073215596566
EP14,41,-34.35101294226638,-129.82840806096596
EP14,42,-40.23011816201637,-135.70751328071594
EP14,43,-34.7285449094058,-130.20594002810537
EP14,44,-29.069271412406337,-124.54666653110591
EP14,45,-20.060202076521264,-115.53759719522084
EP14,46,-20.735085738293947,-116.21248085699352
EP14,47,-41.687862288343666,-137.16525740704324
EP14,48,-14.95859411445133,-110.4359892331509
EP14,49,-21.588659551388815,-117.06605467008839
EP14,50,-19.602672291028938,-115.08006740972851
EP14,51,-37.04012810538168,-132.51752322408126
EP14,52,-12.836206535369897,-108.31360165406947
EP14,53,-38.687860867003224,-134.1652559857028
EP14,54,-44.17340423015824,-139.65079934885782
EP14,55,-19.76463858794449,-115.24203370664407
EP14,56,-5.246888717720765,-100.72428383642034
EP14,57,-24.537984364054253,-120.01537948275383
EP14,58,-39.23504014187586,-134.71243526057543
EP14,59,-43.50853886989529,-138.98593398859487
EP14,60,-31.54009500434475,-127.01749012304433
EP14,61,-28.617555480454058,-124.09495059915363
EP14,62,-19.934424362623844,-115.41181948132342
EP14,63,-34.84459847488782,-130.3219935935874
EP14,64,-19.24620363538442,-114.723598754084
EP14,65,-29.3573409225406,-124.83473604124018
EP14,66,-24.27896574352478,-119.75636086222435
EP14,67,-55.496498000963214,-150.9738931196628
EP14,68,-18.581179349377706,-114.05857446807728
EP14,69,-46.59651149555353,-142.0739066142531
EP14,70,-43.3819939700241,-138.85938908872367
EP14,71,-14.567160921923431,-110.04455604062301
EP14,72,-14.412819280174944,-109.89021439887452
EP14,73,-34.36463268242892,-129.8420278011285
EP14,74,-30.00033958685499,-125.47773470555457
EP14,75,-19.886943793553783,-115.36433891225336
EP14,76,-36.533176863770166,-132.01057198246974
EP14,77,-30.76307889116353,-126.2404740098631
EP14,78,-26.95608820604413,-122.4334833247437
EP14,79,-38.855368489053404,-134.33276360775298
EP14,80,-33.30274593578625,-128.78014105448582
EP14,81,-31.20299051407163,-126.6803856327712
EP14,82,-29.01295680653871,-124.49035192523829
EP14,83,-28.219117130583186,-123.69651224928276
EP14,84,-27.378502157046583,-122.85589727574616
EP14,85,-30.085495092465905,-125.56289021116548
EP14,86,-36.75112901405669,-132.22852413275626
EP14,87,-19.19505586202318,-114.67245098072276
EP14,88,-26.843532093236362,-122.32092721193594
EP14,89,-33.25730881230291,-128.73470393100249
EP14,90,-45.9301047781438,-141.40749989684338
EP14,91,-17.63172089499409,-113.10911601369367
EP14,92,-32.05231442092301,-127.52970953962259
EP14,93,-28.600553462824863,-124.07794858152444
EP14,94,-31.10178244221339,-126.57917756091297
EP14,95,-28.467062198339903,-123.94445731703948
EP14,96,-14.58634821371821,-110.06374333241779
EP14,97,-29.033714413458,-124.51110953215758
EP14,98,-32.56757483612847,-128.04496995482805
EP14,99,-22.29549490849314,-117.77289002719272
EP14,100,-15.12737949591724,-110.60477461461682
EP14,101,-41.58484364783888,-137.06223876653846
EP14,102,-37.335546817824905,-132.81294193652448
EP14,103,-34.453867185694776,-129.93126230439435
EP14,104,-36.6938788001884,-132.17127391888798
EP14,105,-29.47131533680789,-124.94871045550747
EP14,106,-39.31955730608507,-134.79695242478465
EP14,107,-38.76970308385128,-134.24709820255086
EP14,108,-28.604077014282552,-124.08147213298213
EP14,109,-27.6918548043611,-123.16924992306068
EP14,110,-56.140317094914735,-151.6177122136143
EP14,111,-36.09630337992749,-131.57369849862707
EP14,112,-29.989251930242105,-125.46664704894168
EP14,113,-41.031262985768564,-136.50865810446814
EP14,114,-43.07382183463844,-138.551216953338
EP14,115,-26.301020404551906,-121.77841552325148
EP14,116,-33.637233001779634,-129.1146281204792
EP14,117,-46.6758283441649,-142.15322346286447
EP14,118,-25.711706302819394,-121.18910142151897
EP14,119,-24.284958693263164,-119.76235381196274
EP14,120,-5.368110170951027,-100.8455052896506
EP14,121,-23.220611623630788,-118.69800674233036
EP14,122,-32.99755940322163,-128.4749545219212
EP14,123,-37.01379776104068,-132.49119287974025
EP14,124,-21.238523419690324,-116.7159185383899
EP14,125,-32.33279419549332,-127.8101893141929
EP14,126,-41.290395863620205,-136.76779098231978
EP14,127,-24.494805767868186,-119.97220088656776
EP14,128,-28.373356485712037,-123.85075160441161
EP14,129,-32.51932929642797,-127.99672441512755
EP14,130,-28.25035554707391,-123.72775066577348
EP14,131,-22.04438424812571,-117.52177936682529
EP14,132,-36.42094280392166,-131.89833792262124
EP14,133,-17.034652637471254,-112.51204775617083
EP14,134,-31.099630609529044,-126.57702572822862
EP14,135,-33.31993888303896,-128.79733400173853
EP14,136,-37.4684878646126,-132.94588298331217
EP14,137,-26.945476257092082,-122.42287137579166
EP14,138,-39.94871936196046,-135.42611448066003
EP14,139,-37.31740553750623,-132.7948006562058
EP14,140,-31.852694511561054,-127.33008963026063
EP14,141,-20.144004101233634,-115.62139921993321
EP14,142,-42.957073958430186,-138.43446907712976
EP14,143,-12.851099631191602,-108.32849474989118
EP14,144,-34.892508556417226,-130.3699036751168
EP14,145,-25.31900856665949,-120.79640368535907
EP14,146,-17.663260938969387,-113.14065605766896
EP14,147,-36.71680011079678,-132.19419522949636
EP14,148,-45.38384000033727,-140.86123511903685
EP14,149,-7.036364702745786,-102.51375982144536
EP14,150,-22.416399860703564,-117.89379497940314
EP14,151,-15.577947399855901,-111.05534251855548
EP14,152,-30.05962842825558,-125.53702354695515
EP14,153,-35.72082169450587,-131.19821681320545
EP14,154,-43.066365323576036,-138.5437604422756
EP14,155,-24.85280333066015,-120.33019844935973
EP14,156,-6.803792099886692,-102.28118721858627
EP14,157,-13.508971014912476,-108.98636613361205
EP14,158,-10.724174379751176,-106.20156949845075
EP14,159,-42.94089673580015,-138.41829185449973
EP14,160,-24.443964294707058,-119.92135941340663
EP14,161,-22.306821194253416,-117.78421631295299
EP14,162,-43.252513135424806,-138.72990825412438
EP14,163,-19.77870606310117,-115.25610118180074
EP14,164,-37.7090013748213,-133.18639649352087
EP14,165,-17.555939063252197,-113.03333418195177
EP14,166,-22.208331559552335,-117.68572667825191
EP14,167,-41.53490358167255,-137.01229870037213
EP14,168,-39.02839420862415,-134.50578932732373
EP14,169,-29.579037862826212,-125.05643298152579
EP14,170,-41.942297959239056,-137.41969307793863
EP14,171,-43.031713833972134,-138.5091089526717
EP14,172,-24.90089640639225,-120.37829152509183
EP14,173,-26.872516534804518,-122.3499116535041
EP14,174,-26.851585387530193,-122.32898050622977
EP14,175,-33.34387281939033,-128.8212679380899
EP14,176,-26.37290066260013,-121.8502957812997
EP14,177,-29.8693157488038,-125.34671086750338
EP14,178,-30.19669970520431,-125.67409482390389
EP14,179,-41.477943240044056,-136.95533835874363
EP14,180,-5.8382698993787585,-101.31566501807833
EP14,181,-26.185642146472205,-121.66303726517178
EP14,182,-4.070236815750889,-99.54763193445046
EP14,183,-25.113543652132563,-120.59093877083214
EP14,184,-41.10022213961196,-136.57761725831153
EP14,185,-48.50811078629627,-143.98550590499585
EP14,186,-27.882675963708095,-123.36007108240767
EP14,187,-28.254348393451266,-123.73174351215084
EP14,188,-42.3610236763688,-137.83841879506838
EP14,189,-41.88344075845447,-137.36083587715405
EP14,190,-33.52160542546076,-128.99900054416034
EP14,191,-18.78980554601958,-114.26720066471916
EP14,192,-13.90621085910665,-109.38360597780623
EP14,193,-19.797344018659956,-115.27473913735953
EP14,194,-32.60972843666565,-128.08712355536522
EP14,195,-22.394906791266834,-117.87230190996641
EP14,196,-34.413392424540774,-129.89078754324035
EP14,197,-34.06631928554614,-129.54371440424572
EP14,198,-35.728277176814714,-131.2056722955143
EP14,199,-6.830008549798492,-102.30740366849807
EP14,200,-24.28497490417155,-119.76237002287112
EP14,201,-21.0008764117633,-116.47827153046288
EP14,202,-40.127512191295835,-135.6049073099954
EP14,203,-33.236677117836564,-128.71407223653614
EP14,204,-24.51914062698748,-119.99653574568705
EP14,205,-39.10949841658899,-134.58689353528857
EP14,206,-39.32250708229856,-134.79990220099813
EP14,207,-19.759923531724553,-115.23731865042413
EP14,208,-24.29716292615484,-119.77455804485442
EP14,209,-31.27595957314135,-126.75335469184093
EP14,210,-38.22027312313625,-133.69766824183583
EP14,211,-24.632596491850705,-120.10999161055028
EP14,212,-34.307711018666794,-129.78510613736637
EP14,213,-28.26876394926107,-123.74615906796065
EP14,214,-32.38012058149744,-127.85751570019701
EP14,215,-8.124791820059613,-103.60218693875919
EP14,216,-33.38544650970468,-128.86284162840425
EP14,217,-31.47423597308301,-126.95163109178259
EP14,218,-39.788304258523624,-135.2656993772232
EP14,219,-21.708706696062904,-117.18610181476248
EP14,220,-34.960922895294175,-130.43831801399375
EP14,221,-36.63330905318017,-132.11070417187975
EP14,222,-40.49045993263138,-135.96785505133096
EP14,223,-38.90498213036989,-134.38237724906946
EP14,224,-16.73622393619314,-112.21361905489272
EP14,225,-38.1710881440967,-133.64848326279628
EP14,226,-40.904901877096364,-136.38229699579594
EP14,227,-24.034537512415255,-119.51193263111483
EP14,228,-33.138593090003326,-128.6159882087029
EP14,229,-25.01667625348543,-120.494071372185
EP14,230,-34.30998398937027,-129.78737910806984
EP14,231,-18.936287134571685,-114.41368225327126
EP14,232,-38.25385209223438,-133.73124721093396
EP14,233,-30.13575662462405,-125.61315174332363
EP14,234,-33.81230584608784,-129.28970096478741
EP14,235,-37.50437869474533,-132.9817738134449
EP14,236,-32.06051780395828,-127.53791292265785
EP14,237,-28.601598228495604,-124.07899334719518
EP14,238,-34.103219287807974,-129.58061440650755
EP14,239,-24.877477589101588,-120.35487270780116
EP14,240,-33.143781656276815,-128.6211767749764
EP14,241,-26.73984008203928,-122.21723520073886
EP14,242,-33.644563152079854,-129.12195827077943
EP14,243,-28.7702814844303,-124.24767660312988
EP14,244,-42.53165314380385,-138.00904826250343
EP14,245,-3.6330420929016043,-99.11043721160118
EP14,246,-35.94383311390226,-131.42122823260183
EP14,247,-27.11009750541723,-122.5874926241168
EP14,248,-20.24289300971084,-115.72028812841042
EP14,249,-29.807508861712023,-125.2849039804116
EP14,250,-20.125307194221847,-115.60270231292142
EP14,251,-31.09080455855097,-126.56819967725055
EP14,252,-30.25260124437233,-125.7299963630719
EP14,253,-16.658154246784065,-112.13554936548364
EP14,254,-29.53888251210418,-125.01627763080376
EP14,255,-45.098732483163275,-140.57612760186285
EP14,256,-37.728769329743926,-133.2061644484435
EP14,257,-43.55566212424634,-139.03305724294592
EP14,258,-23.764957396661487,-119.24235251536106
EP14,259,-17.63642470982566,-113.11381982852524
EP14,260,-20.62319787475961,-116.10059299345919
EP14,261,-20.40859159115307,-115.88598670985265
EP14,262,-32.70615584217887,-128.18355096087845
EP14,263,-33.10893622909529,-128.58633134779487
EP14,264,-38.30826736961296,-133.78566248831254
EP14,265,-23.821826133730326,-119.2992212524299
EP14,266,-43.42907495311391,-138.9064700718135
EP14,267,-24.99518809907792,-120.4725832177775
EP14,268,-21.227770842735694,-116.70516596143527
EP14,269,-23.359307090769505,-118.83670220946908
EP14,270,-37.81890707886845,-133.29630219756802
EP14,271,-46.533666129097156,-142.01106124779673
EP14,272,-24.9245135763679,-120.40190869506748
EP14,273,-11.19727941880545,-106.67467453750503
EP14,274,-27.105263588846398,-122.58265870754597
EP14,275,-25.87732294600653,-121.3547180647061
EP14,276,-39.038524519168334,-134.5159196378679
EP14,277,-35.68582523673126,-131.16322035543084
EP14,278,-14.334518354865168,-109.81191347356474
EP14,279,-46.798482802127864,-142.27587792082744
EP14,280,-35.56882184618249,-131.04621696488206
EP14,281,-45.50822964984778,-140.98562476854735
EP14,282,-26.458818215902483,-121.93621333460206
EP14,283,-22.744780110720484,-118.22217522942006
EP14,284,-25.58852200846316,-121.06591712716273
EP14,285,-6.952122919307072,-102.42951803800665
EP14,286,-41.39489396809307,-136.87228908679265
EP14,287,-35.93095818135555,-131.40835330005513
EP14,288,-28.98800100003548,-124.46539611873506
EP14,289,-30.237867291233187,-125.71526240993276
EP14,290,-22.174931330302073,-117.65232644900165
EP14,291,-38.62070603583814,-134.09810115453772
EP14,292,-38.13007919925832,-133.6074743179579
EP14,293,-30.749682034826165,-126.22707715352574
EP14,294,-44.22265193720503,-139.7000470559046
EP14,295,-50.74947138094461,-146.2268664996442
EP14,296,-27.58498354909996,-123.06237866779954
EP14,297,-45.8157777743144,-141.29317289301397
EP14,298,-33.143335263515155,-128.62073038221473
EP14,299,-26.2260004934773,-121.70339561217688
EP14,300,-36.01662942076908,-131.49402453946865
EP14,301,-24.615316673494462,-120.09271179219404
EP14,302,-24.73997223027638,-120.21736734897596
EP14,303,-33.225617603979515,-128.7030127226791
EP14,304,-39.6779300072439,-135.15532512594348
EP14,305,-48.57542376269015,-144.05281888138973
EP14,306,-27.670939661568326,-123.1483347802679
EP14,307,-32.82924651636975,-128.30664163506933
EP14,308,-21.688147549631253,-117.16554266833083
EP14,309,-3.9120711099663907,-99.38946622866597
EP14,310,-37.67712373447705,-133.15451885317663
EP14,311,-14.724363134024955,-110.20175825272453
EP14,312,-22.315282137420994,-117.79267725612057
EP14,313,-29.93675603696957,-125.41415115566915
EP14,314,-36.64620949923099,-132.12360461793057
EP14,315,-42.1220360834879,-137.59943120218747
EP14,316,-28.497176858262804,-123.97457197696238
EP14,317,-30.528205846053268,-126.00560096475284
EP14,318,-32.46364194610834,-127.94103706480792
EP14,319,-20.339341214536958,-115.81673633323653
EP14,320,-15.296747909454098,-110.77414302815367
EP14,321,-36.90816445693633,-132.3855595756359
EP14,322,-36.78060549749725,-132.25800061619682
EP14,323,-20.159072910829536,-115.63646802952911
EP14,324,-39.549355296769534,-135.0267504154691
EP14,325,-42.012324632898896,-137.48971975159847
EP14,326,-18.643226546371494,-114.12062166507107
EP14,327,-31.098093988040375,-126.57548910673995
EP14,328,-45.254867549032554,-140.73226266773213
EP14,329,-33.33443794228717,-128.81183306098674
EP14,330,-48.18067560165218,-143.65807072035176
EP14,331,-50.9846692479274,-146.46206436662698
EP14,332,-14.249649651002855,-109.72704476970243
EP14,333,-36.75285049067509,-132.23024560937466
EP14,334,-19.667706536557404,-115.14510165525698
EP14,335,-8.50236404922866,-103.97975916792824
EP14,336,-45.6295486087451,-141.10694372744467
EP14,337,-30.882545315788747,-126.35994043448832
EP14,338,-30.113239482379186,-125.59063460107876
EP14,339,-25.087401951671396,-120.56479707037097
EP14,340,-29.02179493284939,-124.49919005154896
EP14,341,-29.85057022749946,-125.32796534619904
EP14,342,-11.582180524780114,-107.05957564347969
EP14,343,-25.36058918861802,-120.8379843073176
EP14,344,-20.870258079000976,-116.34765319770055
EP14,345,-45.05339013513955,-140.53078525383913
EP14,346,-29.280279245199438,-124.75767436389901
EP14,347,-34.368983948416,-129.84637906711558
EP14,348,-36.275709554192986,-131.75310467289256
EP14,349,-25.735043014385795,-121.21243813308537
EP14,350,-20.03454036885249,-115.51193548755207
EP14,351,-19.40968546381326,-114.88708058251284
EP14,352,-27.711994696701225,-123.1893898154008
EP14,353,-19.555302900978745,-115.03269801967832
EP14,354,-26.17211999682216,-121.64951511552174
EP14,355,-31.509969447130374,-126.98736456582995
EP14,356,-33.92409365212188,-129.40148877082146
EP14,357,-28.44842920614481,-123.92582432484438
EP14,358,-22.192069590786318,-117.6694647094859
EP14,359,-32.258992825920416,-127.73638794461999
EP14,360,-23.68956183679103,-119.1669569554906
EP14,361,-22.13562681097548,-117.61302192967506
EP14,362,-11.518929190504707,-106.99632430920428
EP14,363,-26.756228597784144,-122.23362371648372
EP14,364,-51.6038701786693,-147.08126529736887
EP14,365,-39.65156604765045,-135.12896116635002
EP14,366,-20.94208358111527,-116.41947869981485
EP14,367,-22.41043205110121,-117.88782716980079
EP14,368,-30.844696745906987,-126.32209186460656
EP14,369,-38.70721490472863,-134.1846100234282
EP14,370,-27.788344295988736,-123.26573941468831
EP14,371,-47.66756311668826,-143.14495823538783
EP14,372,-14.494539506214494,-109.97193462491407
EP14,373,-21.079570038955012,-116.55696515765459
EP14,374,-26.289691455506755,-121.76708657420633
EP14,375,-41.53413540169362,-137.0115305203932
EP14,376,-44.7316166766025,-140.20901179530208
EP14,377,-40.78812029867643,-136.265515417376
EP14,378,-33.86837752914681,-129.3457726478464
EP14,379,-21.916134982199253,-117.39353010089883
EP14,380,-22.513655543228197,-117.99105066192777
EP14,381,-26.95569425761012,-122.4330893763097
EP14,382,-23.812294699967723,-119.2896898186673
EP14,383,-29.25499020132642,-124.732385320026
EP14,384,-37.6195995092354,-133.09699462793498
EP14,385,-31.178201798761123,-126.6555969174607
EP14,386,-43.43951208277949,-138.91690720147906
EP14,387,-33.86606774365569,-129.34346286235527
EP14,388,-47.15534295927691,-142.63273807797648
EP14,389,-39.657930516762946,-135.13532563546252
EP14,390,-44.46291905426111,-139.94031417296068
EP14,391,-39.679958475625,-135.15735359432458
EP14,392,-30.54377773264889,-126.02117285134847
EP14,393,-38.97285112309254,-134.45024624179212
EP14,394,-36.11823713327513,-131.5956322519747
EP14,395,-51.27425703614222,-146.7516521548418
EP14,396,-41.42989913661114,-136.90729425531072
EP14,397,-36.77039825094323,-132.2477933696428
EP14,398,-6.283817150313837,-101.76121226901341
EP14,399,-30.087262063443617,-125.5646571821432
EP14,400,-19.990389935519005,-115.46778505421858
EP14,401,-42.88807363587978,-138.36546875457935
EP14,402,-37.82901704722494,-133.3064121659245
EP14,403,-24.97619683521225,-120.45359195391183
EP14,404,-41.74538749745537,-137.22278261615494
EP14,405,-31.855525464618978,-127.33292058331855
EP14,406,-13.593601335833569,-109.07099645453314
EP14,407,-32.60503353445961,-128.08242865315918
EP14,408,-23.62460526891816,-119.10200038761774
EP14,409,-31.908225685235323,-127.3856208039349
EP14,410,-24.433050116325717,-119.91044523502529
EP14,411,-32.4941783621356,-127.97157348083518
EP14,412,-32.511223612366365,-127.98861873106594
EP14,413,-36.0287400602611,-131.50613517896068
EP14,414,-31.004154059956235,-126.48154917865581
EP14,415,-14.44626968329527,-109.92366480199485
EP14,416,-40.97132796817243,-136.448723086872
EP14,417,-26.11999360196647,-121.59738872066605
EP14,418,-30.12580404491939,-125.60319916361897
EP14,419,-20.639715987642248,-116.11711110634182
EP14,420,-27.18909576254015,-122.66649088123972
EP14,421,-29.015817198841916,-124.49321231754149
EP14,422,-27.51289459954674,-122.99028971824632
EP14,423,-23.61229135101361,-119.08968646971319
EP14,424,-39.57391204351228,-135.05130716221186
EP14,425,-42.2181644144261,-137.69555953312567
EP14,426,-29.22803073395761,-124.70542585265719
EP14,427,-28.78313305431594,-124.26052817301552
EP14,428,-30.77255639083738,-126.24995150953696
EP14,429,-41.04807041914407,-136.52546553784364
EP14,430,-21.653553749063107,-117.13094886776268
EP14,431,-26.428533648662267,-121.90592876736184
EP14,432,-22.565755447690435,-118.04315056639001
EP14,433,-23.51709152851383,-118.9944866472134
EP14,434,-42.06766756823032,-137.5450626869299
EP14,435,-37.3832242976988,-132.86061941639838
EP14,436,-21.914208998579355,-117.39160411727893
EP14,437,-34.744991089001104,-130.22238620770068
EP14,438,-21.363671876094585,-116.84106699479416
EP14,439,-33.97530402547335,-129.45269914417293
EP14,440,-36.90379857363985,-132.38119369233942
EP14,441,-18.39840364886824,-113.87579876756782
EP14,442,-39.52103440797961,-134.9984295266792
EP14,443,-24.189181080341484,-119.66657619904106
EP14,444,-49.464309526645565,-144.94170464534514
EP14,445,-20.652686193552114,-116.13008131225169
EP14,446,-35.61661668826838,-131.09401180696796
EP14,447,-44.34959087682964,-139.8269859955292
EP14,448,-21.702437348386724,-117.1798324670863
EP14,449,-35.59584747632104,-131.07324259502062
EP14,450,-41.459209315601015,-136.9366044343006
EP14,451,-43.07958780677299,-138.55698292547257
EP14,452,-28.39949367649018,-123.87688879518976
EP14,453,-17.668322999364108,-113.14571811806368
EP14,454,-27.67165802824536,-123.14905314694494
EP14,455,-37.789224850106876,-133.26661996880645
EP14,456,-21.15146142978466,-116.62885654848424
EP14,457,-27.131185154298393,-122.60858027299797
EP14,458,-22.88728692305446,-118.36468204175404
EP14,459,-28.759674065930852,-124.23706918463043
EP14,460,-16.419325699354133,-111.89672081805371
EP14,461,-43.4974339148925,-138.97482903359207
EP14,462,-18.500383030054422,-113.977778148754
EP14,463,-21.558769111463505,-117.03616423016308
EP14,464,-42.75029336678412,-138.2276884854837
EP14,465,-26.628668095562972,-122.10606321426255
EP14,466,-33.694820732827566,-129.17221585152714
EP14,467,-41.21346469367194,-136.6908598123715
EP14,468,-43.57054071797805,-139.04793583667762
EP14,469,-19.232571307907477,-114.70996642660705
EP14,470,-33.38022972513636,-128.85762484383594
EP14,471,-39.52562644923614,-135.00302156793572
EP14,472,-22.056984952793442,-117.53438007149302
EP14,473,-8.631452476473754,-104.10884759517333
EP14,474,-36.385472204770224,-131.8628673234698
EP14,475,-31.216261969114825,-126.6936570878144
EP14,476,-29.80806559354751,-125.28546071224709
EP14,477,-46.88280976911713,-142.3602048878167
EP14,478,-28.824127164010406,-124.30152228270998
EP14,479,-26.078192055607943,-121.55558717430752
EP14,480,-42.81539568060407,-138.29279079930365
EP14,481,-41.731183373431094,-137.20857849213067
EP14,482,-33.011376221211265,-128.48877133991084
EP14,483,-36.048285562235975,-131.52568068093555
EP14,484,-23.95792323588293,-119.4353183545825
EP14,485,-22.33749392270383,-117.8148890414034
EP14,486,-31.301870995932177,-126.77926611463175
EP14,487,-30.101499381471413,-125.57889450017099
EP14,488,-20.979158450681894,-116.45655356938147
EP14,489,-26.140770365308512,-121.61816548400809
EP14,490,-36.28526321236836,-131.76265833106794
EP14,491,-38.96664863421401,-134.4440437529136
EP14,492,-29.614751318745547,-125.09214643744512
EP14,493,-26.94156976492806,-122.41896488362764
EP14,494,-26.752097263355495,-122.22949238205507
EP14,495,-15.994686255591091,-111.47208137429067
EP14,496,-28.009094006283206,-123.48648912498278
EP14,497,-17.84024828133053,-113.31764340003011
EP14,498,-33.3713010906167,-128.84869620931627
EP14,499,-13.576813326175369,-109.05420844487494
EP14,500,-35.61380827651638,-131.09120339521596
EP15,1,-29.32186638290473,-124.7992615016043
EP15,2,-36.89789003419037,-132.37528515288994
EP15,3,-20.677401468692167,-116.15479658739174
EP15,4,-31.14418655416955,-126.62158167286913
EP15,5,-26.58837360067116,-122.06576871937074
EP15,6,-31.625487728642184,-127.10288284734176
EP15,7,-29.047442910757567,-124.52483802945714
EP15,8,-5.240464173384609,-100.71785929208419
EP15,9,-6.061439865792821,-101.5388349844924
EP15,10,-26.866463014709666,-122.34385813340924
EP15,11,-32.865054294788024,-128.3424494134876
EP15,12,-25.557473280400117,-121.0348683990997
EP15,13,-16.575943549667826,-112.0533386683674
EP15,14,-31.332262640263096,-126.80965775896267
EP15,15,-17.17904825347486,-112.65644337217444
EP15,16,-19.078720893493625,-114.5561160121932
EP15,17,-24.04335564813198,-119.52075076683155
EP15,18,-30.612891875729602,-126.09028699442918
EP15,19,-17.72440657040036,-113.20180168909994
EP15,20,-24.57026544818123,-120.04766056688081
EP15,21,-29.330741656817395,-124.80813677551697
EP15,22,-32.227859380560204,-127.70525449925978
EP15,23,-9.557084889622956,-105.03448000832253
EP15,24,-22.87942371845635,-118.35681883715593
EP15,25,-17.60015040564032,-113.0775455243399
EP15,26,-17.747375563140764,-113.22477068184034
EP15,27,-23.80573406094777,-119.28312917964735
EP15,28,-31.481453688371474,-126.95884880707105
EP15,29,-14.511452753817963,-109.98884787251754
EP15,30,-17.930664899474536,-113.40806001817411
EP15,31,-9.8486574971177,-105.32605261581728
EP15,32,-21.53377216194521,-117.01116728064478
EP15,33,-23.80142456221256,-119.27881968091214
EP15,34,-31.973736635232996,-127.45113175393257
EP15,35,-20.318313571196214,-115.79570868989579
EP15,36,-8.73910963431618,-104.21650475301576
EP15,37,-17.49423193673634,-112.97162705543592
EP15,38,-24.15450552437497,-119.63190064307454
EP15,39,-33.70357075805509,-129.18096587675467
EP15,40,-27.79556778229403,-123.2729629009936
EP15,41,-23.25394805315011,-118.73134317184969
EP15,42,-17.106498980817918,-112.5838940995175
EP15,43,-30.12739275106547,-125.60478786976505
EP15,44,-27.748964535987625,-123.2263596546872
EP15,45,-24.42863500666725,-119.90603012536683
EP15,46,-13.68961492684278,-109.16701004554236
EP15,47,-15.36950594127687,-110.84690105997645
EP15,48,-24.939002901847758,-120.41639802054733
EP15,49,-30.531911339066212,-126.00930645776579
EP15,50,-24.175872646787084,-119.65326776548666
EP15,51,-25.395213736384548,-120.87260885508412
EP15,52,-22.095965577523287,-117.57336069622286
EP15,53,-28.629041388020255,-124.10643650671983
EP15,54,-36.5885616183775,-132.06595673707707
EP15,55,-26.45305530309406,-121.93045042179364
EP15,56,-23.76991761530553,-119.2473127340051
EP15,57,-22.9752296093867,-118.45262472808628
EP15,58,-26.460185049119616,-121.93758016781919
EP15,59,-25.4378565501019,-120.91525166880147
EP15,60,-21.6858857153437,-117.16328083404328
EP15,61,-21.760644746930467,-117.23803986563004
EP15,62,-27.022136408321174,-122.49953152702075
EP15,63,-33.00716646076998,-128.48456157946956
EP15,64,-24.78191865808752,-120.2593137767871
EP15,65,-25.064158210949785,-120.54155332964936
EP15,66,-17.27740489056552,-112.7548000092651
EP15,67,-13.154747175963024,-108.6321422946626
EP15,68,-36.417106662418774,-131.89450178111835
EP15,69,-25.54918775421629,-121.02658287291587
EP15,70,-33.49902695304556,-128.97642207174513
EP15,71,-32.16560254230235,-127.64299766100193
EP15,72,-32.32812208894579,-127.80551720764537
EP15,73,-18.351764557643534,-113.82915967634311
EP15,74,-23.614932868892623,-119.0923279875922
EP15,75,-44.434215398255105,-139.91161051695468
EP15,76,-11.875150599629706,-107.35254571832928
EP15,77,-29.933954558312053,-125.41134967701163
EP15,78,-30.773789419366864,-126.25118453806644
EP15,79,-28.374117817827994,-123.85151293652757
EP15,80,-23.19415659391352,-118.6715517126131
EP15,81,-7.387320011194305,-102.86471512989388
EP15,82,-33.301712469043736,-128.7791075877433
EP15,83,-33.93383910747093,-129.4112342261705
EP15,84,-21.183037329452404,-116.66043244815198
EP15,85,-30.675981909995016,-126.15337702869459
EP15,86,-27.988673001993092,-123.46606812069267
EP15,87,-22.299271324915097,-117.77666644361467
EP15,88,-24.019938663245114,-119.49733378194469
EP15,89,-23.530398681899612,-119.00779380059919
EP15,90,-30.291532089366342,-125.76892720806592
EP15,91,-18.298071366523857,-113.77546648522343
EP15,92,-22.82457828763296,-118.30197340633254
EP15,93,-14.960120041699355,-110.43751516039893
EP15,94,-25.67515675464078,-121.15255187334036
EP15,95,-29.74267937980767,-125.22007449850724
EP15,96,-34.74443555086776,-130.22183066956734
EP15,97,-28.712246806957737,-124.18964192565731
EP15,98,-27.835677307201706,-123.31307242590128
EP15,99,-25.733788873052035,-121.21118399175161
EP15,100,-39.13946488661736,-134.61686000531694
EP15,101,-25.76099052773948,-121.23838564643906
EP15,102,-31.03818335404084,-126.51557847274042
EP15,103,-22.68486315925712,-118.1622582779567
EP15,104,-27.226474368479998,-122.70386948717957
EP15,105,-30.400865762928063,-125.87826088162764
EP15,106,-29.272619214707106,-124.75001433340668
EP15,107,-27.25418797823933,-122.7315830969389
EP15,108,-46.0858474602191,-141.56324257891868
EP15,109,-8.025972134267292,-103.50336725296687
EP15,110,-26.45727759766153,-121.9346727163611
EP15,111,-29.324274701259213,-124.80166981995879
EP15,112,-14.655128015298828,-110.1325231339984
EP15,113,-28.82658256213935,-124.30397768083893
EP15,114,-26.656624682359023,-122.1340198010586
EP15,115,-38.765370162277776,-134.24276528097735
EP15,116,-23.790093080522666,-119.26748819922224
EP15,117,-38.92192116945867,-134.39931628815825
EP15,118,-16.945503234853334,-112.42289835355291
EP15,119,-26.97472906273262,-122.4521241814322
EP15,120,-29.68340934103658,-125.16080445973616
EP15,121,-6.141235107845631,-101.6186302265452
EP15,122,-29.440259393969157,-124.91765451266873
EP15,123,-9.43650853929752,-104.9139036579971
EP15,124,-6.550861078375135,-102.02825619707471
EP15,125,-20.64748690932737,-116.12488202802695
EP15,126,-23.93189808809801,-119.40929320679759
EP15,127,-9.204192672729036,-104.68158779142861
EP15,128,-13.438481568781285,-108.91587668748086
EP15,129,-29.20814111670346,-124.68553623540303
EP15,130,-21.162148552921963,-116.63954367162154
EP15,131,-38.737746634870916,-134.2151417535705
EP15,132,-25.64859353756124,-121.12598865626082
EP15,133,-20.29511914948513,-115.77251426818471
EP15,134,-43.29969197042374,-138.7770870891233
EP15,135,-10.453176463957021,-105.9305715826566
EP15,136,-17.920365050513126,-113.3977601692127
EP15,137,-17.214441309520282,-112.69183642821986
EP15,138,-25.6075830676009,-121.08497818630048
EP15,139,-27.477664703702317,-122.95505982240189
EP15,140,-23.940191470540782,-119.41758658924036
EP15,141,-19.659706003293707,-115.13710112199328
EP15,142,-28.52416229375956,-124.00155741245914
EP15,143,-26.22598714004394,-121.70338225874352
EP15,144,-41.58159172345566,-137.05898684215524
EP15,145,-11.356752258084015,-106.83414737678359
EP15,146,-29.131654224649225,-124.6090493433488
EP15,147,-31.76948833188858,-127.24688345058816
EP15,148,-18.799510788241136,-114.27690590694071
EP15,149,-25.19458154541708,-120.67197666411666
EP15,150,-25.225671953038827,-120.7030670717384
EP15,151,-23.205787803776502,-118.68318292247608
EP15,152,-31.26138788730927,-126.73878300600884
EP15,153,-34.55740962723374,-130.03480474593331
EP15,154,-36.70076447722198,-132.17815959592156
EP15,155,-13.958408568161872,-109.43580368686145
EP15,156,-27.202116122324753,-122.67951124102433
EP15,157,-15.69592118722511,-111.17331630592469
EP15,158,-21.312647090208486,-116.79004220890806
EP15,159,-28.404235201190318,-123.8816303198899
EP15,160,-22.97442077375902,-118.4518158924586
EP15,161,-30.074802209850944,-125.55219732855052
EP15,162,-35.362558831935985,-130.83995395063556
EP15,163,-22.089644762946165,-117.56703988164574
EP15,164,-37.41337133021432,-132.8907664489139
EP15,165,-24.854863711217362,-120.33225882991694
EP15,166,-31.74229250144441,-127.21968762014399
EP15,167,-12.927750806361615,-108.40514592506119
EP15,168,-14.879485210891715,-110.35688032959129
EP15,169,-39.15167546613728,-134.62907058483685
EP15,170,-28.46643307600985,-123.94382819470943
EP15,171,-34.98031125584919,-130.45770637454876
EP15,172,-32.76332511549171,-128.2407202341913
EP15,173,-26.83499756560917,-122.31239268430875
EP15,174,-36.07946358839462,-131.5568587070942
EP15,175,-27.105311787737108,-122.58270690643668
EP15,176,-28.254847110376176,-123.73224222907575
EP15,177,-16.706066147816955,-112.18346126651653
EP15,178,-28.50138901227443,-123.978784130974
EP15,179,-34.83596953208897,-130.31336465078854
EP15,180,-35.580343144146354,-131.05773826284593
EP15,181,-33.976232520495074,-129.45362763919465
EP15,182,-39.350100584937024,-134.8274957036366
EP15,183,-34.631646878283476,-130.10904199698305
EP15,184,-29.42484632398444,-124.90224144268402
EP15,185,-19.436541287696457,-114.91393640639603
EP15,186,-34.681217591305,-130.15861271000458
EP15,187,-15.859398726143326,-111.3367938448429
EP15,188,-22.706985944693997,-118.18438106339357
EP15,189,-21.219533480182363,-116.69692859888194
EP15,190,-32.50341593018641,-127.98081104888598
EP15,191,-39.861934847116345,-135.33932996581592
EP15,192,-34.76143589707095,-130.23883101577053
EP15,193,-26.26714882087434,-121.74454393957392
EP15,194,-27.85489406794406,-123.33228918664364
EP15,195,-24.775626543877294,-120.25302166257687
EP15,196,-39.57309214508152,-135.0504872637811
EP15,197,-13.237139642446508,-108.71453476114608
EP15,198,-34.78158177616072,-130.2589768948603
EP15,199,-34.58684784623691,-130.06424296493648
EP15,200,-20.589137564960012,-116.06653268365959
EP15,201,-22.7200070184266,-118.19740213712618
EP15,202,-16.169184049784477,-111.64657916848405
EP15,203,-18.533763451480198,-114.01115857017977
EP15,204,-35.38760694247708,-130.86500206117665
EP15,205,-31.15378499525937,-126.63118011395895
EP15,206,-30.608470807372015,-126.08586592607159
EP15,207,-25.4381994131396,-120.91559453183918
EP15,208,-30.52366469281114,-126.00105981151071
EP15,209,-36.346507583639266,-131.82390270233884
EP15,210,-5.8044174270866336,-101.28181254578621
EP15,211,-22.54331457530006,-118.02070969399963
EP15,212,-30.91318360829186,-126.39057872699144
EP15,213,-36.89842615306037,-132.37582127175995
EP15,214,-34.407965629939525,-129.8853607486391
EP15,215,-22.98737084200475,-118.46476596070433
EP15,216,-25.67646082822901,-121.15385594692859
EP15,217,-34.8441873478107,-130.32158246651028
EP15,218,-26.229456098995087,-121.70685121769466
EP15,219,-32.02715399738615,-127.50454911608573
EP15,220,-17.570457296272863,-113.04785241497244
EP15,221,-30.353495003813833,-125.83089012251341
EP15,222,-9.366893141614455,-104.84428826031403
EP15,223,-32.881938282581984,-128.35933340128156
EP15,224,-39.9157021953327,-135.39309731403227
EP15,225,-40.53455527648305,-136.01195039518262
EP15,226,-20.070532493984615,-115.54792761268419
EP15,227,-23.629157229335007,-119.10655234803458
EP15,228,-17.68316722561957,-113.16056234431915
EP15,229,-32.97464387449418,-128.45203899319375
EP15,230,-32.29391204159384,-127.77130716029342
EP15,231,-29.79331462971294,-125.27070974841251
EP15,232,-23.204971834297368,-118.68236695299694
EP15,233,-6.771181857976359,-102.24857697667593
EP15,234,-18.351234022375266,-113.82862914107484
EP15,235,-36.055026585787374,-131.53242170448695
EP15,236,-34.12432548787518,-129.60172060657476
EP15,237,-27.8924980683133,-123.36989318701288
EP15,238,-35.46115569687973,-130.9385508155793
EP15,239,-14.188648047821218,-109.6660431665208
EP15,240,-21.788309847390735,-117.26570496609031
EP15,241,-32.658377306796666,-128.13577242549624
EP15,242,-33.58609574741919,-129.06349086611877
EP15,243,-15.297577614939883,-110.77497273363946
EP15,244,-33.72572635902486,-129.20312147772444
EP15,245,-22.806216472204397,-118.28361159090397
EP15,246,-19.760247356573373,-115.23764247527295
EP15,247,-25.25120329825951,-120.72859841695909
EP15,248,-13.279940498863326,-108.7573356175629
EP15,249,-23.902883617222756,-119.38027873592233
EP15,250,-22.459918245468415,-117.93731336416799
EP15,251,-36.795403822871236,-132.2727989415708
EP15,252,-28.355342567482595,-123.83273768618217
EP15,253,-23.409839245396356,-118.88723436409593
EP15,254,-29.01434951501939,-124.49174463371897
EP15,255,-22.541081398573226,-118.0184765172728
EP15,256,-32.99979784518868,-128.47719296388826
EP15,257,-33.13995310702836,-128.61734822572794
EP15,258,-25.66718614048267,-121.14458125918225
EP15,259,-20.581666980933377,-116.05906209963295
EP15,260,-29.21308094462165,-124.69047606332123
EP15,261,-16.968999424841684,-112.44639454354126
EP15,262,-29.902293252286583,-125.37968837098616
EP15,263,-10.246009997824274,-105.72340511652385
EP15,264,-44.9357780346524,-140.41317315335198
EP15,265,-30.858809893352657,-126.33620501205223
EP15,266,-37.21651282576556,-132.69390794446514
EP15,267,-23.272658909452275,-118.75005402815185
EP15,268,-9.444035011659878,-104.92143013035945
EP15,269,-34.5715209694626,-130.04891608816217
EP15,270,-25.660215532408913,-121.13761065110849
EP15,271,-13.347721159925612,-108.82511627862519
EP15,272,-33.76549677079626,-129.24289188949584
EP15,273,-32.97024268145245,-128.44763780015202
EP15,274,-38.98199641529803,-134.4593915339976
EP15,275,-27.47961957994744,-122.95701469864701
EP15,276,-33.334503241986,-128.81189836068557
EP15,277,-26.86027757109835,-122.33767268979793
EP15,278,-27.04390211877019,-122.52129723746977
EP15,279,-22.93651090519657,-118.41390602389615
EP15,280,-26.981483639624386,-122.45887875832396
EP15,281,-20.420306769691805,-115.89770188839138
EP15,282,-30.433575893295213,-125.91097101199479
EP15,283,-11.452620615730552,-106.93001573443013
EP15,284,-33.41756868246776,-128.89496380116734
EP15,285,-25.0973493699654,-120.57474448866498
EP15,286,-35.1113815987413,-130.58877671744088
EP15,287,-33.161051960973055,-128.63844707967263
EP15,288,-34.472881539661785,-129.95027665836136
EP15,289,-32.17359513563527,-127.65099025433484
EP15,290,-27.79217221473371,-123.26956733343329
EP15,291,-31.486311514321756,-126.96370663302133
EP15,292,-17.13227169236515,-112.60966681106473
EP15,293,-23.87875825142268,-119.35615337012226
EP15,294,-20.518302752665676,-115.99569787136525
EP15,295,-14.31897437383276,-109.79636949253234
EP15,296,-22.105821614251155,-117.58321673295073
EP15,297,-31.37422145445511,-126.85161657315469
EP15,298,-23.028968548891527,-118.5063636675911
EP15,299,-30.18504237378903,-125.6624374924886
EP15,300,-27.097436748618293,-122.57483186731787
EP15,301,-43.256681256012826,-138.7340763747124
EP15,302,-25.53356573105853,-121.0109608497581
EP15,303,-20.395102205718274,-115.87249732441785
EP15,304,-5.670779657087962,-101.14817477578754
EP15,305,-26.185762876242592,-121.66315799494217
EP15,306,-36.354510431877316,-131.8319055505769
EP15,307,-37.29349823631253,-132.7708933550121
EP15,308,-14.11991959604434,-109.59731471474392
EP15,309,-27.56849302742677,-123.04588814612634
EP15,310,-30.212985021980828,-125.6903801406804
EP15,311,-31.14591423944232,-126.6233093581419
EP15,312,-24.367233580184248,-119.84462869888382
EP15,313,-41.065183974316,-136.54257909301558
EP15,314,-29.499297108629605,-124.97669222732918
EP15,315,-25.986791635026606,-121.46418675372618
EP15,316,-26.9890218199225,-122.46641693862207
EP15,317,-23.071060159706718,-118.5484552784063
EP15,318,-20.279191275531744,-115.75658639423132
EP15,319,-39.91877243238244,-135.39616755108202
EP15,320,-30.191956602518673,-125.66935172121825
EP15,321,-31.688638492173254,-127.16603361087283
EP15,322,-31.69492966366093,-127.1723247823605
EP15,323,-35.28438771228696,-130.76178283098653
EP15,324,-18.869249821058148,-114.34664493975772
EP15,325,-29.626998904737363,-125.10439402343694
EP15,326,-23.21299482492695,-118.69038994362653
EP15,327,-33.962294539141396,-129.43968965784097
EP15,328,-27.832279788179875,-123.30967490687945
EP15,329,-10.11836110006709,-105.59575621876667
EP15,330,-37.31680336127218,-132.79419847997175
EP15,331,-28.305783458703985,-123.78317857740356
EP15,332,-28.073275037112012,-123.55067015581159
EP15,333,-5.248016050313396,-100.72541116901297
EP15,334,-29.147423406834605,-124.62481852553418
EP15,335,-30.153841675360198,-125.63123679405977
EP15,336,-29.203983510376304,-124.68137862907588
EP15,337,-45.66625140157734,-141.14364652027692
EP15,338,-13.745264809184164,-109.22265992788374
EP15,339,-19.527339574413958,-115.00473469311353
EP15,340,-31.266643420841447,-126.74403853954102
EP15,341,-43.26502956367412,-138.7424246823737
EP15,342,-26.195229774563813,-121.67262489326339
EP15,343,-34.08770207690603,-129.5650971956056
EP15,344,-27.746839827466488,-123.22423494616606
EP15,345,-24.708034265529747,-120.18542938422932
EP15,346,-28.744762436344445,-124.22215755504402
EP15,347,-27.433157352447978,-122.91055247114755
EP15,348,-24.965117579997496,-120.44251269869707
EP15,349,-31.990023906417946,-127.46741902511752
EP15,350,-40.094314868658955,-135.57170998735853
EP15,351,-19.82065188298168,-115.29804700168125
EP15,352,-31.21722162004275,-126.69461673874233
EP15,353,-15.160899212797318,-110.6382943314969
EP15,354,-23.725669097297214,-119.20306421599679
EP15,355,-29.47495779109188,-124.95235290979146
EP15,356,-30.26638426225861,-125.74377938095819
EP15,357,-32.98719813384645,-128.46459325254602
EP15,358,-21.116482813703414,-116.59387793240299
EP15,359,-30.103748740746795,-125.58114385944637
EP15,360,-36.69683743115394,-132.1742325498535
EP15,361,-4.91813480318865,-100.39552992188823
EP15,362,-19.4443748229357,-114.92176994163528
EP15,363,-23.590293464531968,-119.06768858323154
EP15,364,-30.40653584031743,-125.88393095901701
EP15,365,-12.216107633829722,-107.6935027525293
EP15,366,-21.99414039393197,-117.47153551263155
EP15,367,-37.48442962678695,-132.96182474548652
EP15,368,-29.54330874196083,-125.0207038606604
EP15,369,-32.77317400931736,-128.25056912801693
EP15,370,-30.092461954699445,-125.56985707339902
EP15,371,-34.215611650743654,-129.69300676944323
EP15,372,-26.137545967434477,-121.61494108613405
EP15,373,-33.73410355382049,-129.21149867252007
EP15,374,-20.86150789422082,-116.3389030129204
EP15,375,-38.230308573089246,-133.70770369178882
EP15,376,-18.783300424448413,-114.26069554314799
EP15,377,-30.692337351637605,-126.16973247033718
EP15,378,-24.27327265207603,-119.7506677707756
EP15,379,-25.307919793296534,-120.78531491199611
EP15,380,-35.71127572940807,-131.18867084810765
EP15,381,-40.69483835996098,-136.17223347866056
EP15,382,-30.82568832622094,-126.30308344492052
EP15,383,-12.920029845421936,-108.39742496412151
EP15,384,-33.63425152295133,-129.1116466416509
EP15,385,-27.332679658453657,-122.81007477715323
EP15,386,-26.85673638771013,-122.3341315064097
EP15,387,-33.14981026534326,-128.62720538404284
EP15,388,-34.66264406350308,-130.14003918220266
EP15,389,-14.411586859927453,-109.88898197862703
EP15,390,-29.241966209167217,-124.71936132786679
EP15,391,-27.30434204990989,-122.78173716860947
EP15,392,-36.056715661394776,-131.53411078009435
EP15,393,-15.40238426283743,-110.879779381537
EP15,394,-24.98682288561548,-120.46421800431506
EP15,395,-22.111607877944948,-117.58900299664452
EP15,396,-21.803626197868113,-117.28102131656769
EP15,397,-19.845434866389397,-115.32282998508897
EP15,398,-32.11788419617929,-127.59527931487887
EP15,399,-31.541622360541268,-127.01901747924084
EP15,400,-31.094963194570596,-126.57235831327017
EP15,401,-10.67754021410451,-106.15493533280409
EP15,402,-9.221540103977404,-104.69893522267698
EP15,403,-27.411895603116932,-122.88929072181651
EP15,404,-18.857698404624415,-114.33509352332399
EP15,405,-11.272798251299974,-106.75019336999955
EP15,406,-26.045020481081764,-121.52241559978134
EP15,407,-26.61426101152395,-122.09165613022353
EP15,408,-32.91100611900606,-128.38840123770564
EP15,409,-25.421172702257635,-120.89856782095721
EP15,410,-25.154550476811195,-120.63194559551077
EP15,411,-15.576581964472325,-111.0539770831719
EP15,412,-16.929183079142092,-112.40657819784167
EP15,413,-28.763785370804598,-124.24118048950417
EP15,414,-18.61557302941179,-114.09296814811137
EP15,415,-23.132376653789777,-118.60977177248935
EP15,416,-15.137066389162356,-110.61446150786193
EP15,417,-14.05512377587766,-109.53251889457724
EP15,418,-29.132651915380492,-124.61004703408007
EP15,419,-23.206405616903382,-118.68380073560296
EP15,420,-45.13921272285404,-140.61660784155362
EP15,421,-29.23518506377441,-124.71258018247399
EP15,422,-19.09735851244784,-114.57475363114742
EP15,423,-32.59287452723106,-128.07026964593064
EP15,424,-36.242930574531925,-131.7203256932315
EP15,425,-6.56744030239274,-102.04483542109232
EP15,426,-15.711469397558943,-111.18886451625852
EP15,427,-27.458428318488586,-122.93582343718816
EP15,428,-27.480710988573875,-122.95810610727345
EP15,429,-24.553501447481707,-120.03089656618128
EP15,430,-20.193955746807973,-115.67135086550755
EP15,431,-20.28256109943726,-115.75995621813684
EP15,432,-36.00271067253118,-131.48010579123076
EP15,433,-25.467862928791078,-120.94525804749065
EP15,434,-14.423805233014434,-109.90120035171401
EP15,435,-31.25869104513957,-126.73608616383915
EP15,436,-36.051787494561296,-131.52918261326087
EP15,437,-11.050419264800766,-106.52781438350034
EP15,438,-11.387749641619578,-106.86514476031915
EP15,439,-28.717353589156758,-124.19474870785633
EP15,440,-16.436531856559725,-111.9139269752593
EP15,441,-29.00829816585943,-124.485693284559
EP15,442,-29.11888054685923,-124.5962756655588
EP15,443,-39.67746757040953,-135.1548626891091
EP15,444,-31.23345454750462,-126.7108496662042
EP15,445,-20.38298276560988,-115.86037788430946
EP15,446,-26.776527819837185,-122.25392293853676
EP15,447,-28.714540533158356,-124.19193565185793
EP15,448,-9.797997490412484,-105.27539260911206
EP15,449,-32.96544440695379,-128.44283952565337
EP15,450,-29.5422381292574,-125.01963324795697
EP15,451,-21.59411057522641,-117.07150569392599
EP15,452,-33.438365938351666,-128.91576105705124
EP15,453,-37.3745888949918,-132.85198401369138
EP15,454,-30.492393456206912,-125.96978857490649
EP15,455,-27.37520431659054,-122.85259943529012
EP15,456,-35.14550937560526,-130.62290449430483
EP15,457,-23.533097936118992,-119.01049305481857
EP15,458,-14.600547890223268,-110.07794300892284
EP15,459,-17.857868968053793,-113.33526408675337
EP15,460,-28.65984863850693,-124.1372437572065
EP15,461,-28.70595147871967,-124.18334659741924
EP15,462,-12.103781265539709,-107.58117638423928
EP15,463,-30.29441401918598,-125.77180913788555
EP15,464,-5.595834794563416,-101.07322991326299
EP15,465,-33.58157541014552,-129.0589705288451
EP15,466,-27.30731664974448,-122.78471176844405
EP15,467,-33.867459275649026,-129.3448543943486
EP15,468,-32.78558706722367,-128.26298218592325
EP15,469,-27.676299797980846,-123.15369491668042
EP15,470,-24.634673246038616,-120.11206836473819
EP15,471,-25.455325370556352,-120.93272048925593
EP15,472,-14.953237330892122,-110.4306324495917
EP15,473,-28.228280308846493,-123.70567542754607
EP15,474,-13.915903227946743,-109.39329834664632
EP15,475,-14.119528694623384,-109.59692381332296
EP15,476,-30.044822151099936,-125.52221726979951
EP15,477,-8.869622557581948,-104.34701767628152
EP15,478,-19.67431571407495,-115.15171083277453
EP15,479,-15.87948047830045,-111.35687559700003
EP15,480,-30.950134975457402,-126.42753009415698
EP15,481,-13.60864425330763,-109.0860393720072
EP15,482,-45.601019135251136,-141.0784142539507
EP15,483,-29.835953278593465,-125.31334839729304
EP15,484,-19.206357545476777,-114.68375266417635
EP15,485,-21.31608351914261,-116.79347863784218
EP15,486,-29.663178250389763,-125.14057336908934
EP15,487,-27.90904055096111,-123.38643566966068
EP15,488,-28.55596202873852,-124.0333571474381
EP15,489,-10.987277185716422,-106.464672304416
EP15,490,-40.92850576532388,-136.40590088402345
EP15,491,-26.072409741565423,-121.549804860265
EP15,492,-34.69608892365119,-130.17348404235076
EP15,493,-26.35110605376751,-121.82850117246709
EP15,494,-16.070998277133498,-111.54839339583307
EP15,495,-21.222801148499343,-116.70019626719892
EP15,496,-18.264546235849835,-113.74194135454941
EP15,497,-22.781125678305216,-118.25852079700479
EP15,498,-23.62220922959952,-119.0996043482991
EP15,499,-29.381032008279504,-124.85842712697908
EP15,500,-16.09471245649442,-111.572107575194
EP16,1,-19.489420352107288,-114.96681547080686
EP16,2,-15.472143608262797,-110.94953872696237
EP16,3,-21.577142356158305,-117.05453747485788
EP16,4,-22.93278918239885,-118.41018430109843
EP16,5,-15.140238746880058,-110.61763386557963
EP16,6,-17.929552609627677,-113.40694772832725
EP16,7,-23.750119230567165,-119.22751434926674
EP16,8,-20.347392443827772,-115.82478756252735
EP16,9,-42.01277689376968,-137.49017201246926
EP16,10,-37.15221518306652,-132.6296103017661
EP16,11,-16.374484401966058,-111.85187952066563
EP16,12,-37.32099696365225,-132.79839208235182
EP16,13,-20.87629008819451,-116.35368520689408
EP16,14,-18.68804052796571,-114.16543564666529
EP16,15,-20.293118519797417,-115.770513638497
EP16,16,-22.488969779597667,-117.96636489829724
EP16,17,-36.521698540247485,-131.99909365894706
EP16,18,-30.983277329945707,-126.46067244864528
EP16,19,-45.48374328012403,-140.9611383988236
EP16,20,-24.133887964297415,-119.61128308299699
EP16,21,-16.476405549866982,-111.95380066856656
EP16,22,-17.507240837039888,-112.98463595573946
EP16,23,-9.220179054293766,-104.69757417299334
EP16,24,-28.330905993181318,-123.8083011118809
EP16,25,-29.010063051191082,-124.48745816989066
EP16,26,-25.14976676340021,-120.62716188209978
EP16,27,-28.265999013519092,-123.74339413221867
EP16,28,-23.869637472062095,-119.34703259076167
EP16,29,-22.89201413777556,-118.36940925647514
EP16,30,-14.148704668682228,-109.6260997873818
EP16,31,-28.732195806929866,-124.20959092562944
EP16,32,-28.146435666523544,-123.62383078522312
EP16,33,-24.578671170695173,-120.05606628939475
EP16,34,-22.675480790117675,-118.15287590881725
EP16,35,-9.783745299326938,-105.26114041802651
EP16,36,-22.149913302052624,-117.6273084207522
EP16,37,-9.804601032393464,-105.28199615109304
EP16,38,-8.954999079384862,-104.43239419808444
EP16,39,-26.43052667795817,-121.90792179665775
EP16,40,-38.65112025262124,-134.12851537132082
EP16,41,-19.837279994310563,-115.31467511301014
EP16,42,-12.97004629638839,-108.44744141508797
EP16,43,-19.97222070121495,-115.44961581991453
EP16,44,-8.213912755103152,-103.69130787380273
EP16,45,-20.481830681849544,-115.95922580054912
EP16,46,-11.671644528320485,-107.14903964702006
EP16,47,-24.681348484185065,-120.15874360288464
EP16,48,-24.748468969953635,-120.22586408865321
EP16,49,-12.044445649534126,-107.5218407682337
EP16,50,-16.09536511951987,-111.57276023821944
EP16,51,-6.447240617724901,-101.92463573642448
EP16,52,-16.61794128228557,-112.09533640098515
EP16,53,-36.058659736557416,-131.536054855257
EP16,54,-31.724280101569462,-127.20167522026904
EP16,55,-21.222118298137687,-116.69951341683726
EP16,56,-34.21213789703373,-129.6895330157333
EP16,57,-12.773730242452686,-108.25112536115226
EP16,58,-25.798012961087764,-121.27540807978734
EP16,59,-39.61683509215078,-135.09423021085036
EP16,60,-12.711507435342199,-108.18890255404177
EP16,61,-37.391125712728694,-132.86852083142827
EP16,62,-22.15461188386142,-117.632007002561
EP16,63,-30.01617099682514,-125.49356611552471
EP16,64,-26.925910914192826,-122.4033060328924
EP16,65,-4.1060182054457925,-99.58341332414537
EP16,66,-28.489363299108476,-123.96675841780805
EP16,67,-24.931971724373483,-120.40936684307306
EP16,68,-32.50638379715842,-127.983778915858
EP16,69,-34.08857907812916,-129.56597419682873
EP16,70,-11.78449149043007,-107.26188660912965
EP16,71,-45.35295627331749,-140.83035139201706
EP16,72,-25.87951009897627,-121.35690521767584
EP16,73,-32.674987468640154,-128.15238258733973
EP16,74,-22.74213513495802,-118.2195302536576
EP16,75,-21.354918199903565,-116.83231331860314
EP16,76,-43.12865425476514,-138.6060493734647
EP16,77,-21.37769409547353,-116.8550892141731
EP16,78,-44.81073190307046,-140.28812702177004
EP16,79,-29.145993031483016,-124.62338815018259
EP16,80,-28.513187624027765,-123.99058274272734
EP16,81,-52.59410534810155,-148.07150046680113
EP16,82,-15.285660029790463,-110.76305514849004
EP16,83,-9.572912004812153,-105.05030712351173
EP16,84,-33.91025427451393,-129.3876493932135
EP16,85,-22.92992105341341,-118.40731617211298
EP16,86,-46.6017793350083,-142.07917445370788
EP16,87,-24.369930287022214,-119.84732540572179
EP16,88,-20.621492171986745,-116.09888729068632
EP16,89,-52.53704418921896,-148.01443930791854
EP16,90,-19.986451637986548,-115.46384675668612
EP16,91,-28.671643331489975,-124.14903845018955
EP16,92,-6.879637486240455,-102.35703260494003
EP16,93,-40.087704667991574,-135.56509978669115
EP16,94,-14.514053854003436,-109.99144897270301
EP16,95,-25.173532634346458,-120.65092775304603
EP16,96,-16.31253356393779,-111.78992868263737
EP16,97,-36.41078484528299,-131.88817996398257
EP16,98,-27.618631395139914,-123.09602651383949
EP16,99,-35.792541235037646,-131.26993635373722
EP16,100,-17.687968372129546,-113.16536349082912
EP16,101,-22.141987636370004,-117.61938275506958
EP16,102,-20.271610228718217,-115.74900534741779
EP16,103,-23.974537217123526,-119.4519323358231
EP16,104,-29.789303589054413,-125.26669870775399
EP16,105,-15.599892952384423,-111.077288071084
EP16,106,-7.950792325074929,-103.4281874437745
EP16,107,-23.73501827920819,-119.21241339790777
EP16,108,-16.970167863744038,-112.44756298244361
EP16,109,-18.176048848411355,-113.65344396711093
EP16,110,-33.88194606120038,-129.35934117989996
EP16,111,-15.162244390585357,-110.63963950928493
EP16,112,-5.853754332965792,-101.33114945166537
EP16,113,-35.32941977023967,-130.80681488893924
EP16,114,-23.462468265551536,-118.93986338425111
EP16,115,-15.052249140781015,-110.52964425948059
EP16,116,-27.609840865484557,-123.08723598418413
EP16,117,-35.0972685073821,-130.57466362608167
EP16,118,-28.95851201235847,-124.43590713105804
EP16,119,-10.226893436557162,-105.70428855525674
EP16,120,-9.905103776520761,-105.38249889522034
EP16,121,-25.877346132748826,-121.3547412514484
EP16,122,-34.83465492029583,-130.3120500389954
EP16,123,-49.5915326902045,-145.06892780890408
EP16,124,-12.017786602253992,-107.49518172095357
EP16,125,-9.56304677432233,-105.0404418930219
EP16,126,-27.144076785085772,-122.62147190378535
EP16,127,-36.5849463757275,-132.06234149442707
EP16,128,-33.07244824962294,-128.5498433683225
EP16,129,-5.3101981076779055,-100.78759322637748
EP16,130,-28.380624296375146,-123.85801941507472
EP16,131,-43.77770970410916,-139.25510482280873
EP16,132,-29.40856662402659,-124.88596174272617
EP16,133,-22.390833601909534,-117.86822872060911
EP16,134,-50.21387838267273,-145.6912735013723
EP16,135,-33.306779710335945,-128.78417482903552
EP16,136,-26.304265577418334,-121.78166069611791
EP16,137,-9.392201441580767,-104.86959656028034
EP16,138,-11.69396718053973,-107.1713622992393
EP16,139,-22.816781405643695,-118.29417652434327
EP16,140,-19.01886164185207,-114.49625676055165
EP16,141,-45.00284783760969,-140.48024295630927
EP16,142,-15.64125316644379,-111.11864828514337
EP16,143,-18.875858688819747,-114.35325380751932
EP16,144,-8.77196071241491,-104.24935583111449
EP16,145,-21.25388992346562,-116.7312850421652
EP16,146,-25.687714544905646,-121.16510966360522
EP16,147,-10.84836648883315,-106.32576160753273
EP16,148,-23.424298709983802,-118.90169382868338
EP16,149,-16.410708994289237,-111.88810411298881
EP16,150,-26.36755873399143,-121.844953852691
EP16,151,-22.445267110434898,-117.92266222913447
EP16,152,-33.17059791561181,-128.64799303431138
EP16,153,-27.59969537717177,-123.07709049587135
EP16,154,-40.75424769268503,-136.2316428113846
EP16,155,-26.70694940368321,-122.18434452238279
EP16,156,-20.738484060930176,-116.21587917962975
EP16,157,-30.86339039465568,-126.34078551335526
EP16,158,-26.760617282965853,-122.23801240166543
EP16,159,-35.421603921038326,-130.8989990397379
EP16,160,-19.136602352268653,-114.61399747096823
EP16,161,-12.903739957903937,-108.38113507660351
EP16,162,-23.275904562813125,-118.7532996815127
EP16,163,-26.963513688085854,-122.44090880678543
EP16,164,-30.525120367880646,-126.00251548658022
EP16,165,-9.211585034325822,-104.6889801530254
EP16,166,-37.293821225503564,-132.77121634420314
EP16,167,-21.336838469176044,-116.81423358787562
EP16,168,-21.641923967242434,-117.11931908594201
EP16,169,-10.957211947893995,-106.43460706659357
EP16,170,-17.179106621829078,-112.65650174052865
EP16,171,-39.53963647052376,-135.01703158922334
EP16,172,-43.031758077732064,-138.50915319643164
EP16,173,-24.423074280125533,-119.90046939882511
EP16,174,-8.201937048306974,-103.67933216700655
EP16,175,-45.58930763209099,-141.06670275079057
EP16,176,-34.106805090399575,-129.58420020909915
EP16,177,-33.02112205122424,-128.49851716992382
EP16,178,-33.258098874903624,-128.7354939936032
EP16,179,-23.559988899785637,-119.03738401848521
EP16,180,-16.61681186383639,-112.09420698253597
EP16,181,-19.831237476979524,-115.3086325956791
EP16,182,-33.27214687621591,-128.7495419949155
EP16,183,-17.817601562543288,-113.29499668124286
EP16,184,-21.749164068492632,-117.22655918719221
EP16,185,-10.316683466094915,-105.79407858479449
EP16,186,-21.598172712770435,-117.07556783147001
EP16,187,-20.956666850449892,-116.43406196914947
EP16,188,-23.39649311202554,-118.87388823072511
EP16,189,-14.765375042573822,-110.2427701612734
EP16,190,-25.83180292845708,-121.30919804715666
EP16,191,-30.805133607511863,-126.28252872621144
EP16,192,-8.8585123638141,-104.33590748251368
EP16,193,-25.782994415629844,-121.26038953432942
EP16,194,-36.446770246468475,-131.92416536516805
EP16,195,-0.7657858664415755,-96.24318098514115
EP16,196,-33.996876928612664,-129.47427204731224
EP16,197,-0.24617645833922097,-95.7235715770388
EP16,198,-25.945763564140023,-121.4231586828396
EP16,199,-14.464745089636011,-109.94214020833559
EP16,200,-28.792757532402334,-124.27015265110191
EP16,201,-12.1938514328248,-107.67124655152438
EP16,202,-32.01082596118941,-127.48822107988899
EP16,203,-13.032402196196045,-108.50979731489562
EP16,204,-33.685534728787246,-129.16292984748682
EP16,205,-28.773390733076837,-124.25078585177641
EP16,206,-44.26469925171605,-139.74209437041563
EP16,207,-26.873411821176575,-122.35080693987615
EP16,208,-32.58730999527447,-128.06470511397404
EP16,209,-29.557079190286657,-125.03447430898623
EP16,210,-31.98793645097807,-127.46533156967764
EP16,211,-33.63254187416382,-129.1099369928634
EP16,212,-29.787814887523254,-125.26521000622283
EP16,213,-33.071781247398945,-128.54917636609852
EP16,214,-20.806724794150767,-116.28411991285034
EP16,215,-16.618982088253816,-112.09637720695339
EP16,216,-1.6239628411159686,-97.10135795981554
EP16,217,-31.10932926379178,-126.58672438249135
EP16,218,-17.606545194635885,-113.08394031333546
EP16,219,-21.14299043988025,-116.62038555857983
EP16,220,-47.247168072386245,-142.72456319108582
EP16,221,-35.562753622028254,-131.04014874072783
EP16,222,-8.962149113478588,-104.43954423217816
EP16,223,-16.45439274962996,-111.93178786832954
EP16,224,-38.439593696778445,-133.91698881547802
EP16,225,-27.76365408509257,-123.24104920379214
EP16,226,-28.636682453806586,-124.11407757250616
EP16,227,-23.63567031161641,-119.11306543031598
EP16,228,-39.70684529214594,-135.18424041084552
EP16,229,-34.45200130731061,-129.9293964260102
EP16,230,-29.69399461178817,-125.17138973048775
EP16,231,-30.862057967454575,-126.33945308615415
EP16,232,-33.779937484537555,-129.25733260323713
EP16,233,-13.103744236154924,-108.5811393548545
EP16,234,-18.404062397060585,-113.88145751576016
EP16,235,-28.086250184163106,-123.56364530286268
EP16,236,-11.014083251194407,-106.49147836989398
EP16,237,-49.35368146098398,-144.83107657968355
EP16,238,-23.045094588064842,-118.52248970676442
EP16,239,-37.34282356799528,-132.82021868669486
EP16,240,-31.177324772388204,-126.65471989108778
EP16,241,-26.03658266666298,-121.51397778536256
EP16,242,-40.96587163310383,-136.4432667518034
EP16,243,-20.678699536715953,-116.15609465541553
EP16,244,-17.617326437498633,-113.09472155619821
EP16,245,-17.266651019093743,-112.74404613779332
EP16,246,-32.70729459593295,-128.18468971463253
EP16,247,-14.654659411393993,-110.13205453009357
EP16,248,-27.400436940045253,-122.87783205874483
EP16,249,-8.199711508270568,-103.67710662697014
EP16,250,-1.8987397410152766,-97.37613485971485
EP16,251,-16.82282179417591,-112.30021691287548
EP16,252,-16.968915355776915,-112.44631047447649
EP16,253,-28.541848711633577,-124.01924383033315
EP16,254,-25.59434602682343,-121.071741145523
EP16,255,-15.990658123465181,-111.46805324216476
EP16,256,-36.934686965325255,-132.41208208402483
EP16,257,-39.60187829719126,-135.07927341589084
EP16,258,-25.95474495662053,-121.4321400753201
EP16,259,-12.445650735839024,-107.9230458545386
EP16,260,0.5666674533605232,-94.91072766533905
EP16,261,-33.58494345189047,-129.06233857059004
EP16,262,-26.037723797683853,-121.51511891638343
EP16,263,-16.077005982038273,-111.55440110073785
EP16,264,-35.022523751803476,-130.49991887050305
EP16,265,-34.862635324497376,-130.34003044319695
EP16,266,-27.668096629904113,-123.14549174860369
EP16,267,-23.153522081375513,-118.63091720007509
EP16,268,-29.336374234594985,-124.81376935329456
EP16,269,-25.583347414138046,-121.06074253283762
EP16,270,-29.320501164387338,-124.79789628308691
EP16,271,-30.619796149526806,-126.09719126822638
EP16,272,-32.28495316239905,-127.76234828109862
EP16,273,-24.291356238235863,-119.76875135693544
EP16,274,-9.62151899822345,-105.09891411692303
EP16,275,-14.095070088286633,-109.57246520698621
EP16,276,-16.117649431650136,-111.59504455034971
EP16,277,-36.87664541028721,-132.3540405289868
EP16,278,-30.97155226748771,-126.44894738618729
EP16,279,-18.89346131103015,-114.37085642972973
EP16,280,-5.268516884051493,-100.74591200275107
EP16,281,-16.14765611606174,-111.62505123476132
EP16,282,-48.139186308593935,-143.6165814272935
EP16,283,-25.171367492758392,-120.64876261145797
EP16,284,-22.753437799730847,-118.23083291843042
EP16,285,-32.733647031626504,-128.21104215032608
EP16,286,-31.05689415440574,-126.53428927310532
EP16,287,-16.993291650330008,-112.47068676902958
EP16,288,-21.099484998854336,-116.57688011755391
EP16,289,-41.92082890042556,-137.39822401912514
EP16,290,-36.56532492438876,-132.04272004308834
EP16,291,-16.08648570002427,-111.56388081872385
EP16,292,-22.847002912848197,-118.32439803154777
EP16,293,-21.384486464766823,-116.8618815834664
EP16,294,-13.5694822795122,-109.04687739821178
EP16,295,-16.461834108590082,-111.93922922728966
EP16,296,-31.62915725750605,-127.10655237620563
EP16,297,-43.6625607387754,-139.13995585747497
EP16,298,-34.2582335918633,-129.73562871056288
EP16,299,-9.511053422556898,-104.98844854125647
EP16,300,-7.961062033914118,-103.4384571526137
EP16,301,-13.549453055374627,-109.0268481740742
EP16,302,-38.590764960556015,-134.0681600792556
EP16,303,-6.661498203646772,-102.13889332234635
EP16,304,-0.8241696914193994,-96.30156481011898
EP16,305,-42.98407220429158,-138.46146732299115
EP16,306,-33.22481683091212,-128.7022119496117
EP16,307,-41.39254007944942,-136.869935198149
EP16,308,-5.6969420228044925,-101.17433714150407
EP16,309,-23.101657914033666,-118.57905303273324
EP16,310,-30.997083170503274,-126.47447828920285
EP16,311,-19.115171122594788,-114.59256624129436
EP16,312,-31.752239928570177,-127.22963504726975
EP16,313,-26.294096882471408,-121.77149200117098
EP16,314,-21.591024791737823,-117.0684199104374
EP16,315,-32.33353828059276,-127.81093339929234
EP16,316,-12.463857432680982,-107.94125255138056
EP16,317,-30.35345283516547,-125.83084795386505
EP16,318,-16.071570799426084,-111.54896591812566
EP16,319,-19.43932967152108,-114.91672479022066
EP16,320,-35.137290015149745,-130.61468513384932
EP16,321,-11.023842622856506,-106.50123774155608
EP16,322,-12.820850250787032,-108.29824536948661
EP16,323,-11.023034368174649,-106.50042948687422
EP16,324,-2.7003698692629428,-98.17776498796252
EP16,325,-19.51298390041437,-114.99037901911394
EP16,326,-29.42725315247783,-124.90464827117741
EP16,327,-34.09826251044203,-129.5756576291416
EP16,328,-25.61464174224203,-121.0920368609416
EP16,329,-24.296676173952363,-119.77407129265194
EP16,330,-17.05234319872264,-112.52973831742221
EP16,331,-20.958969584558986,-116.43636470325856
EP16,332,-27.5878380736591,-123.06523319235868
EP16,333,-24.93077517883539,-120.40817029753497
EP16,334,-31.784062640781173,-127.26145775948075
EP16,335,-34.37820039164822,-129.8555955103478
EP16,336,-17.004488628796537,-112.48188374749611
EP16,337,-30.52963495178217,-126.00703007048175
EP16,338,-11.128553115860953,-106.60594823456053
EP16,339,-18.779345169162397,-114.25674028786197
EP16,340,-18.694591212406436,-114.17198633110601
EP16,341,-19.767181500444508,-115.24457661914408
EP16,342,-31.822675246038017,-127.30007036473759
EP16,343,-17.484452138282464,-112.96184725698204
EP16,344,-34.85949247770736,-130.33688759640694
EP16,345,-33.073301493704605,-128.55069661240418
EP16,346,-49.29627698764659,-144.77367210634617
EP16,347,-15.592678543944999,-111.07007366264457
EP16,348,-23.08962855179658,-118.56702367049616
EP16,349,-20.66888045091146,-116.14627556961103
EP16,350,-23.41535652769204,-118.89275164639162
EP16,351,-17.453012363125893,-112.93040748182547
EP16,352,-16.80605739183447,-112.28345251053405
EP16,353,-19.98417619631401,-115.46157131501359
EP16,354,-22.606604823072388,-118.08399994177196
EP16,355,-1.91108387665399,-97.38847899535357
EP16,356,-27.93128459949436,-123.40867971819394
EP16,357,-38.387177278475434,-133.864572397175
EP16,358,-22.063351398295097,-117.54074651699467
EP16,359,0.6660077046219044,-94.81138741407767
EP16,360,-34.755353665247554,-130.23274878394713
EP16,361,-36.67176482200421,-132.14915994070378
EP16,362,-17.450730556956472,-112.92812567565605
EP16,363,-23.529542300004124,-119.0069374187037
EP16,364,-10.576447585316714,-106.05384270401629
EP16,365,-17.96202814330269,-113.43942326200226
EP16,366,-14.965528529694652,-110.44292364839423
EP16,367,-29.288770201952573,-124.76616532065215
EP16,368,-13.525769001668237,-109.00316412036781
EP16,369,-27.907383970417726,-123.3847790891173
EP16,370,-10.419284376333238,-105.89667949503281
EP16,371,-0.9271463159976179,-96.4045414346972
EP16,372,-36.56033700975971,-132.03773212845928
EP16,373,-18.385544126421507,-113.86293924512108
EP16,374,-7.381162474720966,-102.85855759342054
EP16,375,-14.15033901456637,-109.62773413326595
EP16,376,-14.659673773193646,-110.13706889189322
EP16,377,-36.98186145911728,-132.45925657781686
EP16,378,-10.263258833131033,-105.74065395183061
EP16,379,-45.10891794413973,-140.5863130628393
EP16,380,-38.41977656348266,-133.89717168218223
EP16,381,-29.899407685273985,-125.37680280397356
EP16,382,-24.003881890221834,-119.48127700892141
EP16,383,-40.13338410019418,-135.61077921889375
EP16,384,-43.565130901564146,-139.04252602026372
EP16,385,-5.7049926624343925,-101.18238778113397
EP16,386,-29.870137971379805,-125.34753309007938
EP16,387,-46.21417772585545,-141.69157284455503
EP16,388,-14.958231374786095,-110.43562649348567
EP16,389,-11.67895710219264,-107.15635222089222
EP16,390,-25.12725384635806,-120.60464896505763
EP16,391,-34.380009176797955,-129.85740429549753
EP16,392,-41.8887874875104,-137.36618260620997
EP16,393,-29.848011189215413,-125.32540630791499
EP16,394,-44.98284400497752,-140.4602391236771
EP16,395,-38.56392424940631,-134.0413193681059
EP16,396,-20.25335254269946,-115.73074766139904
EP16,397,-13.784334909640364,-109.26173002833994
EP16,398,-26.08250757187733,-121.5599026905769
EP16,399,-14.666290384645919,-110.1436855033455
EP16,400,-25.390564107064634,-120.86795922576421
EP16,401,-25.780050223753364,-121.25744534245294
EP16,402,-25.140597237682528,-120.6179923563821
EP16,403,-11.804009460483684,-107.28140457918326
EP16,404,-23.19315702036225,-118.67055213906183
EP16,405,-23.019221141095016,-118.49661625979459
EP16,406,-24.414898984453288,-119.89229410315286
EP16,407,-29.393894171861987,-124.87128929056156
EP16,408,-31.477211789638133,-126.95460690833771
EP16,409,-23.6969640515736,-119.17435917027318
EP16,410,-30.7534041061502,-126.23079922484978
EP16,411,-16.112142421492024,-111.5895375401916
EP16,412,-38.90340069359584,-134.38079581229542
EP16,413,-27.88005456410552,-123.3574496828051
EP16,414,-25.471078231376794,-120.94847335007637
EP16,415,-43.989349085274796,-139.46674420397437
EP16,416,-34.58641267223459,-130.06380779093416
EP16,417,-40.806204054472516,-136.2835991731721
EP16,418,-23.902559582182676,-119.37995470088225
EP16,419,-36.15955525877354,-131.6369503774731
EP16,420,-43.91246052129412,-139.3898556399937
EP16,421,-24.98723747360728,-120.46463259230686
EP16,422,-14.142535463699772,-109.61993058239935
EP16,423,-21.0499060862159,-116.52730120491547
EP16,424,-34.97061235055145,-130.44800746925102
EP16,425,-34.07734973274688,-129.55474485144646
EP16,426,-10.09951330791057,-105.57690842661015
EP16,427,-16.263045258165917,-111.7404403768655
EP16,428,-17.04676611744327,-112.52416123614285
EP16,429,-24.543446097324903,-120.02084121602448
EP16,430,-17.625421422525392,-113.10281654122497
EP16,431,-9.591082685902961,-105.06847780460254
EP16,432,-20.861828051662812,-116.33922317036239
EP16,433,-43.92877984470286,-139.40617496340244
EP16,434,-9.047103085991708,-104.52449820469128
EP16,435,-25.41734105271975,-120.89473617141932
EP16,436,-10.82223045919875,-106.29962557789833
EP16,437,-33.83929764404476,-129.31669276274434
EP16,438,-4.725520150945627,-100.2029152696452
EP16,439,-25.06590955009493,-120.5433046687945
EP16,440,-25.533914356886328,-121.0113094755859
EP16,441,-1.5911760662791323,-97.06857118497871
EP16,442,-35.40403043693459,-130.88142555563417
EP16,443,-23.78311302144475,-119.26050814014432
EP16,444,-45.986464323371564,-141.46385944207114
EP16,445,-25.228242274442508,-120.70563739314208
EP16,446,-11.6834632662123,-107.16085838491188
EP16,447,-28.684139958519935,-124.16153507721951
EP16,448,-24.101319098636225,-119.5787142173358
EP16,449,-33.74531404789175,-129.22270916659133
EP16,450,-26.322976758968935,-121.80037187766851
EP16,451,-21.08825675755388,-116.56565187625345
EP16,452,-34.04242420328387,-129.51981932198345
EP16,453,-26.144383813961042,-121.62177893266062
EP16,454,-13.954064146472632,-109.43145926517221
EP16,455,-17.821416357502216,-113.29881147620179
EP16,456,-13.906698654602678,-109.38409377330225
EP16,457,-37.34420414032721,-132.82159925902678
EP16,458,-14.49342252933684,-109.97081764803642
EP16,459,-30.965844793482034,-126.44323991218161
EP16,460,-29.283745918708746,-124.76114103740832
EP16,461,-42.67327351399794,-138.15066863269752
EP16,462,-28.393543384276427,-123.870938502976
EP16,463,-25.498789188085908,-120.97618430678548
EP16,464,-16.193843561437205,-111.67123868013678
EP16,465,-3.609278930399057,-99.08667404909863
EP16,466,-12.421622584868942,-107.89901770356852
EP16,467,-13.611986204151222,-109.0893813228508
EP16,468,-24.82998040179089,-120.30737552049047
EP16,469,-33.128657066062516,-128.6060521847621
EP16,470,-20.764162487904855,-116.24155760660443
EP16,471,-41.717179565098604,-137.19457468379818
EP16,472,-29.379577213036725,-124.8569723317363
EP16,473,-21.009865295041237,-116.48726041374081
EP16,474,-30.994170982955524,-126.4715661016551
EP16,475,-55.24851339402659,-150.72590851272616
EP16,476,-36.30588431155729,-131.78327943025687
EP16,477,-27.9145251507709,-123.39192026947048
EP16,478,-28.50328058196152,-123.9806757006611
EP16,479,-32.685371389071236,-128.1627665077708
EP16,480,-26.025073758299072,-121.50246887699865
EP16,481,-44.21231216647982,-139.6897072851794
EP16,482,-13.064413325784557,-108.54180844448413
EP16,483,-32.04258883990276,-127.51998395860234
EP16,484,-27.47104759489325,-122.94844271359283
EP16,485,-22.70516857640129,-118.18256369510087
EP16,486,-22.678523334070178,-118.15591845276975
EP16,487,-19.97104703352457,-115.44844215222415
EP16,488,-36.978365685889514,-132.4557608045891
EP16,489,-21.665836578562633,-117.14323169726221
EP16,490,-39.405043958138776,-134.88243907683835
EP16,491,-30.29286467619505,-125.77025979489463
EP16,492,-34.59693200598744,-130.07432712468702
EP16,493,-34.231955632655115,-129.7093507513547
EP16,494,-16.82619650813136,-112.30359162683094
EP16,495,-19.16637715522448,-114.64377227392406
EP16,496,-6.299086428476045,-101.77648154717562
EP16,497,-38.91542206021168,-134.39281717891126
EP16,498,-24.586479407571957,-120.06387452627153
EP16,499,-32.14846510000612,-127.6258602187057
EP16,500,-29.072557597735226,-124.5499527164348
EP17,1,-28.354811940950384,-123.83220705964996
EP17,2,-38.41968484465522,-133.8970799633548
EP17,3,-44.988655979490346,-140.46605109818992
EP17,4,-42.80400792073033,-138.2814030394299
EP17,5,-42.03652156776147,-137.51391668646104
EP17,6,-35.11408016744193,-130.5914752861415
EP17,7,-51.4744714959422,-146.95186661464177
EP17,8,-37.76277428604422,-133.2401694047438
EP17,9,-46.680293641074655,-142.15768875977423
EP17,10,-31.910692634016243,-127.38808775271582
EP17,11,-50.08138650322917,-145.55878162192874
EP17,12,-47.13894289250874,-142.6163380112083
EP17,13,-40.71727799710453,-136.1946731158041
EP17,14,-43.96188209992178,-139.43927721862136
EP17,15,-53.496240192161906,-148.97363531086148
EP17,16,-32.518567906982966,-127.99596302568254
EP17,17,-58.11978135809835,-153.59717647679793
EP17,18,-36.85117877721265,-132.32857389591223
EP17,19,-51.49113547351226,-146.96853059221183
EP17,20,-44.505252483948595,-139.98264760264817
EP17,21,-47.89279541662995,-143.37019053532953
EP17,22,-34.8290098077764,-130.30640492647598
EP17,23,-30.258667728218754,-125.73606284691833
EP17,24,-32.62223445447208,-128.09962957317165
EP17,25,-45.50359873738191,-140.98099385608148
EP17,26,-54.482761254198806,-149.96015637289838
EP17,27,-50.14430676657054,-145.6217018852701
EP17,28,-34.68101252013358,-130.15840763883315
EP17,29,-54.782191408857045,-150.25958652755662
EP17,30,-35.92746132341472,-131.4048564421143
EP17,31,-39.25109259626947,-134.72848771496905
EP17,32,-33.83994440706604,-129.31733952576562
EP17,33,-39.666190880371175,-135.14358599907075
EP17,34,-42.67868096003696,-138.15607607873653
EP17,35,-29.89434676645172,-125.3717418851513
EP17,36,-42.387691472565024,-137.8650865912646
EP17,37,-34.70425719245219,-130.18165231115177
EP17,38,-53.63107145747949,-149.10846657617907
EP17,39,-36.5958817184119,-132.07327683711148
EP17,40,-42.945788632268034,-138.4231837509676
EP17,41,-55.855843865008524,-151.3332389837081
EP17,42,-32.840004934576086,-128.31740005327566
EP17,43,-30.41884757971053,-125.8962426984101
EP17,44,-46.36768595816622,-141.8450810768658
EP17,45,-39.029188211792444,-134.50658333049202
EP17,46,-50.09888059425944,-145.57627571295902
EP17,47,-51.2329633627005,-146.71035848140008
EP17,48,-38.982828069015284,-134.46022318771486
EP17,49,-45.002203449141916,-140.4795985678415
EP17,50,-52.333801013786456,-147.81119613248603
EP17,51,-50.06582980781181,-145.54322492651139
EP17,52,-46.52943950887885,-142.00683462757843
EP17,53,-53.321575054137156,-148.79897017283673
EP17,54,-42.84372264626279,-138.32111776496237
EP17,55,-42.89195660244553,-138.3693517211451
EP17,56,-39.222252553778986,-134.69964767247856
EP17,57,-48.788625465296946,-144.26602058399652
EP17,58,-47.16470363067438,-142.64209874937396
EP17,59,-59.99666539221059,-155.47406051091016
EP17,60,-53.44095687445218,-148.91835199315176
EP17,61,-52.82750511495897,-148.30490023365854
EP17,62,-33.66946522312,-129.14686034181958
EP17,63,-41.12421538934956,-136.60161050804913
EP17,64,-33.25280834474569,-128.73020346344526
EP17,65,-28.76780300712784,-124.24519812582741
EP17,66,-55.604724714737415,-151.082119833437
EP17,67,-43.11672089910343,-138.594116017803
EP17,68,-43.337263703017015,-138.8146588217166
EP17,69,-50.659752595328655,-146.13714771402823
EP17,70,-49.416974317486904,-144.89436943618648
EP17,71,-42.900823495271766,-138.37821861397134
EP17,72,-37.689008906470406,-133.16640402516998
EP17,73,-34.96523028827022,-130.4426254069698
EP17,74,-42.19488322646092,-137.6722783451605
EP17,75,-41.426360371022014,-136.9037554897216
EP17,76,-29.43964115320547,-124.91703627190505
EP17,77,-44.22883298416275,-139.70622810286233
EP17,78,-49.94603920020006,-145.42343431889964
EP17,79,-29.70954706292183,-125.1869421816214
EP17,80,-31.88188591337905,-127.35928103207863
EP17,81,-54.638723899962116,-150.1161190186617
EP17,82,-56.21248534240624,-151.68988046110582
EP17,83,-41.03645419500802,-136.5138493137076
EP17,84,-47.28694095076719,-142.76433606946676
EP17,85,-44.76648306586782,-140.2438781845674
EP17,86,-56.28614636070185,-151.76354147940143
EP17,87,-48.787859690757756,-144.26525480945733
EP17,88,-40.92725234272055,-136.40464746142013
EP17,89,-53.586342640043966,-149.06373775874354
EP17,90,-33.47385067509185,-128.95124579379143
EP17,91,-47.338124951515766,-142.81552007021534
EP17,92,-44.0996531583541,-139.57704827705368
EP17,93,-29.656613600973472,-125.13400871967305
EP17,94,-40.10595106696499,-135.58334618566457
EP17,95,-56.21471117302133,-151.6921062917209
EP17,96,-46.59194794522875,-142.06934306392833
EP17,97,-42.15592338956455,-137.63331850826413
EP17,98,-34.318889395585586,-129.79628451428516
EP17,99,-46.613627449448074,-142.09102256814765
EP17,100,-38.53071023591505,-134.00810535461463
EP17,101,-48.71261306457214,-144.19000818327171
EP17,102,-39.46026019840676,-134.93765531710633
EP17,103,-45.880273768362144,-141.35766888706172
EP17,104,-39.263185583151625,-134.7405807018512
EP17,105,-39.35802813610886,-134.83542325480843
EP17,106,-34.53210426619225,-130.00949938489183
EP17,107,-40.9747925262659,-136.45218764496548
EP17,108,-42.92899329090639,-138.40638840960597
EP17,109,-46.7343213188837,-142.21171643758328
EP17,110,-36.14093619726859,-131.61833131596816
EP17,111,-43.69348689795228,-139.17088201665186
EP17,112,-54.06835374320502,-149.5457488619046
EP17,113,-39.89801776604929,-135.37541288474887
EP17,114,-35.2154346444168,-130.69282976311638
EP17,115,-54.27343638156219,-149.75083150026177
EP17,116,-49.28452047037422,-144.7619155890738
EP17,117,-31.801998025212697,-127.27939314391227
EP17,118,-58.23390645226405,-153.71130157096363
EP17,119,-55.922391055010564,-151.39978617371014
EP17,120,-45.729139236858884,-141.20653435555846
EP17,121,-39.75225527484031,-135.22965039353988
EP17,122,-38.1074542548254,-133.58484937352497
EP17,123,-43.261544768026965,-138.73893988672654
EP17,124,-43.33465182125036,-138.81204693994994
EP17,125,-45.1490453940653,-140.62644051276487
EP17,126,-33.90222203534651,-129.3796171540461
EP17,127,-42.64835248230895,-138.12574760100853
EP17,128,-54.84278673032537,-150.32018184902495
EP17,129,-49.48899377899602,-144.9663888976956
EP17,130,-46.37566388496583,-141.8530590036654
EP17,131,-34.44886740683009,-129.92626252552967
EP17,132,-40.122890563928905,-135.60028568262848
EP17,133,-34.26302337700352,-129.7404184957031
EP17,134,-49.57378038242129,-145.05117550112087
EP17,135,-43.99419307376823,-139.4715881924678
EP17,136,-51.05174425337853,-146.5291393720781
EP17,137,-46.06571004215266,-141.54310516085224
EP17,138,-49.46664470042401,-144.9440398191236
EP17,139,-43.38410415766589,-138.86149927636546
EP17,140,-46.21603414584345,-141.69342926454303
EP17,141,-42.29829700797538,-137.77569212667495
EP17,142,-37.820589519989,-133.29798463868858
EP17,143,-50.57657599971583,-146.0539711184154
EP17,144,-35.38443761098998,-130.86183272968955
EP17,145,-54.203408050211095,-149.68080316891067
EP17,146,-42.60490221768035,-138.08229733637992
EP17,147,-33.209120063013444,-128.68651518171302
EP17,148,-44.75705405316688,-140.23444917186646
EP17,149,-52.65678280131692,-148.1341779200165
EP17,150,-30.30100010846533,-125.7783952271649
EP17,151,-36.22128697215686,-131.69868209085644
EP17,152,-44.92043959863628,-140.39783471733585
EP17,153,-49.99063313243926,-145.46802825113883
EP17,154,-28.84813710548663,-124.3255322241862
EP17,155,-53.503487790441824,-148.9808829091414
EP17,156,-35.94648116505226,-131.42387628375184
EP17,157,-46.16781055146919,-141.64520567016876
EP17,158,-51.87759154382027,-147.35498666251985
EP17,159,-53.69896489085596,-149.17636000955554
EP17,160,-47.82027897879257,-143.29767409749215
EP17,161,-45.482439922032114,-140.9598350407317
EP17,162,-44.62575915828944,-140.10315427698902
EP17,163,-49.13804390132876,-144.61543902002833
EP17,164,-43.152127946396206,-138.62952306509578
EP17,165,-43.08765844719545,-138.56505356589503
EP17,166,-32.12056478532301,-127.59795990402259
EP17,167,-50.436880579856734,-145.9142756985563
EP17,168,-54.08265062581569,-149.56004574451526
EP17,169,-50.49465908274871,-145.9720542014483
EP17,170,-48.40166576400071,-143.8790608827003
EP17,171,-52.42395769994312,-147.9013528186427
EP17,172,-60.21666288468927,-155.69405800338885
EP17,173,-45.737317701352424,-141.214712820052
EP17,174,-41.760511475696546,-137.23790659439612
EP17,175,-46.32669587987135,-141.80409099857093
EP17,176,-44.94017208920735,-140.41756720790693
EP17,177,-43.76781861788578,-139.24521373658536
EP17,178,-48.42870357570942,-143.906098694409
EP17,179,-40.605448682109994,-136.08284380080957
EP17,180,-46.85045910058503,-142.3278542192846
EP17,181,-42.82024202748349,-138.29763714618306
EP17,182,-29.978234391200758,-125.45562950990033
EP17,183,-41.3965081693824,-136.87390328808198
EP17,184,-42.17743373030763,-137.6548288490072
EP17,185,-47.60217609792022,-143.0795712166198
EP17,186,-48.71630450657133,-144.1936996252709
EP17,187,-44.19011363854577,-139.66750875724534
EP17,188,-38.54490021511958,-134.02229533381916
EP17,189,-44.85826302921893,-140.3356581479185
EP17,190,-51.624746719008215,-147.1021418377078
EP17,191,-44.74085886939514,-140.21825398809472
EP17,192,-54.8159678098238,-150.29336292852338
EP17,193,-49.0541094100771,-144.53150452877668
EP17,194,-37.123110694961696,-132.60050581366127
EP17,195,-35.82110463853357,-131.29849975723315
EP17,196,-40.95534324410332,-136.4327383628029
EP17,197,-38.94363415107466,-134.42102926977424
EP17,198,-36.82153185979084,-132.2989269784904
EP17,199,-29.024249683422852,-124.50164480212243
EP17,200,-35.87895732924906,-131.35635244794864
EP17,201,-45.405189318580796,-140.88258443728037
EP17,202,-46.15910248885422,-141.6364976075538
EP17,203,-50.284347939846896,-145.76174305854647
EP17,204,-38.251727174694594,-133.72912229339417
EP17,205,-38.80434876329508,-134.28174388199466
EP17,206,-33.91603812561175,-129.39343324431132
EP17,207,-39.7116929209939,-135.18908803969347
EP17,208,-51.51502908234363,-146.9924242010432
EP17,209,-39.433317929662905,-134.91071304836248
EP17,210,-56.76336544992199,-152.24076056862157
EP17,211,-37.39000742766413,-132.8674025463637
EP17,212,-33.33777789753279,-128.81517301623236
EP17,213,-32.135317953411345,-127.61271307211092
EP17,214,-39.55036254888128,-135.02775766758086
EP17,215,-32.67778071335067,-128.15517583205025
EP17,216,-33.651088395208944,-129.12848351390852
EP17,217,-43.58575423414504,-139.06314935284462
EP17,218,-29.321404415810875,-124.79879953451045
EP17,219,-35.21118360443077,-130.68857872313035
EP17,220,-37.62707724947421,-133.1044723681738
EP17,221,-35.46953794324412,-130.9469330619437
EP17,222,-31.37468689852585,-126.85208201722543
EP17,223,-42.362045845743665,-137.83944096444324
EP17,224,-32.58145982788736,-128.05885494658693
EP17,225,-41.196000488890775,-136.67339560759035
EP17,226,-54.457637988211076,-149.93503310691065
EP17,227,-51.40848697594046,-146.88588209464004
EP17,228,-50.793760496297864,-146.27115561499744
EP17,229,-34.159573641527174,-129.63696876022675
EP17,230,-54.926155836080994,-150.40355095478057
EP17,231,-48.00134172543537,-143.47873684413494
EP17,232,-39.137732311597944,-134.61512743029752
EP17,233,-48.92816085130994,-144.40555597000952
EP17,234,-51.3847791339677,-146.86217425266727
EP17,235,-26.885808335673175,-122.36320345437275
EP17,236,-41.682385658313365,-137.15978077701294
EP17,237,-51.11399195923585,-146.59138707793542
EP17,238,-48.77237951878885,-144.24977463748843
EP17,239,-35.22225014941108,-130.69964526811066
EP17,240,-39.11614386382527,-134.59353898252485
EP17,241,-40.351954502958336,-135.8293496216579
EP17,242,-37.96925116823999,-133.44664628693957
EP17,243,-47.15725983751287,-142.63465495621244
EP17,244,-46.386718843741164,-141.86411396244074
EP17,245,-44.40707091185811,-139.8844660305577
EP17,246,-39.789649928469856,-135.26704504716943
EP17,247,-44.87876377657926,-140.35615889527884
EP17,248,-54.210435304855366,-149.68783042355494
EP17,249,-51.551359191799776,-147.02875431049935
EP17,250,-44.50030233053732,-139.9776974492369
EP17,251,-42.23589420431517,-137.71328932301475
EP17,252,-36.1819304783464,-131.65932559704598
EP17,253,-33.42859400633475,-128.90598912503432
EP17,254,-31.93793616095894,-127.41533127965852
EP17,255,-59.002535448363346,-154.47993056706292
EP17,256,-44.335972236803514,-139.8133673555031
EP17,257,-55.03952233819385,-150.51691745689342
EP17,258,-52.00294429902502,-147.4803394177246
EP17,259,-47.14906651422655,-142.62646163292612
EP17,260,-38.856463756060236,-134.3338588747598
EP17,261,-47.687312226217045,-143.16470734491662
EP17,262,-28.117912505268706,-123.59530762396828
EP17,263,-29.87935768442037,-125.35675280311995
EP17,264,-32.285388735067016,-127.76278385376659
EP17,265,-33.30885825358834,-128.78625337228792
EP17,266,-54.209174875645914,-149.6865699943455
EP17,267,-32.51087358249454,-127.98826870119412
EP17,268,-33.97512621184822,-129.4525213305478
EP17,269,-52.040919777033054,-147.51831489573263
EP17,270,-38.861892696695946,-134.33928781539552
EP17,271,-40.1460960680059,-135.62349118670548
EP17,272,-39.45114220588488,-134.92853732458445
EP17,273,-36.20576849797857,-131.68316361667814
EP17,274,-54.05162668108875,-149.52902179978832
EP17,275,-44.11878564452073,-139.5961807632203
EP17,276,-38.59819445494111,-134.07558957364068
EP17,277,-45.482807801944176,-140.96020292064375
EP17,278,-43.882939727520466,-139.36033484622004
EP17,279,-36.033870628754414,-131.511265747454
EP17,280,-44.136871044901284,-139.61426616360086
EP17,281,-42.48479070636708,-137.96218582506665
EP17,282,-44.076109003941355,-139.55350412264093
EP17,283,-43.896761997769204,-139.37415711646878
EP17,284,-47.68416558266122,-143.1615607013608
EP17,285,-42.27087204287773,-137.7482671615773
EP17,286,-39.5253183869487,-135.00271350564827
EP17,287,-53.71503772639923,-149.1924328450988
EP17,288,-49.06305690713711,-144.5404520258367
EP17,289,-37.40248768555625,-132.87988280425583
EP17,290,-48.61901988486727,-144.09641500356685
EP17,291,-50.98568951324842,-146.463084631948
EP17,292,-36.04441862588911,-131.52181374458868
EP17,293,-52.18570275971544,-147.66309787841502
EP17,294,-41.540956828981166,-137.01835194768074
EP17,295,-61.76379065506052,-157.2411857737601
EP17,296,-37.299434829679285,-132.77682994837886
EP17,297,-45.526296737450394,-141.00369185614997
EP17,298,-47.93667613687393,-143.4140712555735
EP17,299,-53.948509130711614,-149.4259042494112
EP17,300,-40.010647475925964,-135.48804259462554
EP17,301,-31.762926448166127,-127.2403215668657
EP17,302,-58.29802434449192,-153.7754194631915
EP17,303,-38.74548794824594,-134.2228830669455
EP17,304,-45.79864598125684,-141.27604109995642
EP17,305,-38.30793677467719,-133.78533189337676
EP17,306,-44.26720770718819,-139.74460282588777
EP17,307,-39.28024171157284,-134.75763683027242
EP17,308,-50.87203749515538,-146.34943261385496
EP17,309,-29.96279987810837,-125.44019499680795
EP17,310,-49.07577298530245,-144.55316810400203
EP17,311,-47.59474698578964,-143.07214210448922
EP17,312,-49.366889626420885,-144.84428474512046
EP17,313,-53.31317203511193,-148.7905671538115
EP17,314,-41.49816643413686,-136.97556155283644
EP17,315,-41.52332736094911,-137.0007224796487
EP17,316,-39.26704417823626,-134.74443929693584
EP17,317,-33.316676862835834,-128.7940719815354
EP17,318,-33.93158432314084,-129.40897944184042
EP17,319,-45.30077544851076,-140.77817056721034
EP17,320,-40.03559888991455,-135.51299400861413
EP17,321,-47.255152474353935,-142.7325475930535
EP17,322,-52.870995378729674,-148.34839049742925
EP17,323,-40.60846814469559,-136.08586326339517
EP17,324,-53.44031760402143,-148.917712722721
EP17,325,-41.859779120724085,-137.33717423942366
EP17,326,-48.157764554117875,-143.63515967281745
EP17,327,-54.29867343795132,-149.7760685566509
EP17,328,-38.06822047823178,-133.54561559693136
EP17,329,-55.45421265313894,-150.93160777183851
EP17,330,-45.32143638917313,-140.7988315078727
EP17,331,-51.30463731747443,-146.782032436174
EP17,332,-57.83867867773796,-153.31607379643754
EP17,333,-43.73860780653419,-139.21600292523377
EP17,334,-46.064057802234544,-141.54145292093412
EP17,335,-50.383509262848435,-145.860904381548
EP17,336,-45.308109196914074,-140.78550431561365
EP17,337,-46.858427931652955,-142.33582305035253
EP17,338,-45.697966217956605,-141.17536133665618
EP17,339,-48.67035725106044,-144.14775236976
EP17,340,-43.47219415993601,-138.94958927863559
EP17,341,-51.076284510717414,-146.553679629417
EP17,342,-42.852273003879674,-138.32966812257925
EP17,343,-31.29604357922976,-126.77343869792934
EP17,344,-43.92314153990637,-139.40053665860594
EP17,345,-41.148401487370535,-136.6257966060701
EP17,346,-41.552641420920565,-137.03003653962014
EP17,347,-59.81548859220362,-155.2928837109032
EP17,348,-42.734293567406326,-138.2116886861059
EP17,349,-38.75351421103704,-134.23090932973662
EP17,350,-50.62407671993748,-146.10147183863705
EP17,351,-35.68001006555278,-131.15740518425235
EP17,352,-41.667295688535944,-137.14469080723552
EP17,353,-44.812114623883076,-140.28950974258265
EP17,354,-31.704075933126077,-127.18147105182565
EP17,355,-33.79283623035835,-129.27023134905792
EP17,356,-42.06545216765869,-137.54284728635827
EP17,357,-56.61767734886968,-152.09507246756925
EP17,358,-55.88249912524995,-151.35989424394953
EP17,359,-51.575450802223145,-147.05284592092272
EP17,360,-48.73221216861228,-144.20960728731185
EP17,361,-37.87120197449087,-133.34859709319045
EP17,362,-42.081550334950606,-137.55894545365018
EP17,363,-37.49638566448317,-132.97378078318275
EP17,364,-37.8670125853333,-133.34440770403288
EP17,365,-34.95363231658712,-130.4310274352867
EP17,366,-41.572851209583064,-137.05024632828264
EP17,367,-34.111410792458344,-129.58880591115792
EP17,368,-29.4177511521722,-124.89514627087178
EP17,369,-49.93501083458898,-145.41240595328856
EP17,370,-45.87136618164837,-141.34876130034795
EP17,371,-67.12421883495503,-162.6016139536546
EP17,372,-51.901780508421155,-147.37917562712073
EP17,373,-44.37926946422536,-139.85666458292494
EP17,374,-44.507174454540376,-139.98456957323995
EP17,375,-42.82266938570007,-138.30006450439964
EP17,376,-57.38938866713207,-152.86678378583164
EP17,377,-50.351996370115955,-145.82939148881553
EP17,378,-48.89112271131708,-144.36851783001666
EP17,379,-33.81357792746289,-129.29097304616246
EP17,380,-43.42890576210675,-138.90630088080633
EP17,381,-37.14357469589268,-132.62096981459226
EP17,382,-39.122319589647134,-134.5997147083467
EP17,383,-35.449952104473994,-130.92734722317357
EP17,384,-32.64531197087945,-128.12270708957902
EP17,385,-37.64188890219896,-133.11928402089853
EP17,386,-68.86497590324694,-164.34237102194652
EP17,387,-31.277524887056956,-126.75492000575653
EP17,388,-48.93420082772187,-144.41159594642144
EP17,389,-54.06128022667667,-149.53867534537625
EP17,390,-49.316449626554714,-144.7938447452543
EP17,391,-45.285050173538394,-140.76244529223797
EP17,392,-38.53837639402039,-134.01577151271997
EP17,393,-46.211318111012304,-141.68871322971188
EP17,394,-39.3050923942493,-134.78248751294888
EP17,395,-44.96108710032854,-140.43848221902812
EP17,396,-33.48079416780962,-128.9581892865092
EP17,397,-47.51969565476736,-142.99709077346694
EP17,398,-52.33221649742757,-147.80961161612714
EP17,399,-33.6916532600554,-129.16904837875498
EP17,400,-54.191347869084865,-149.66874298778444
EP17,401,-35.98655873998217,-131.46395385868175
EP17,402,-44.16916932322536,-139.64656444192494
EP17,403,-51.7039922705176,-147.18138738921718
EP17,404,-30.95951683994275,-126.43691195864233
EP17,405,-45.36756654584124,-140.84496166454082
EP17,406,-43.408394266761576,-138.88578938546115
EP17,407,-47.13845044195904,-142.6158455606586
EP17,408,-39.2144523612055,-134.69184747990508
EP17,409,-45.66344950763818,-141.14084462633775
EP17,410,-40.85597496380123,-136.3333700825008
EP17,411,-47.5147320658956,-142.99212718459518
EP17,412,-48.421573517265216,-143.8989686359648
EP17,413,-44.823734926159545,-140.30113004485912
EP17,414,-48.3337317300695,-143.81112684876908
EP17,415,-45.671029153286696,-141.14842427198627
EP17,416,-50.82781478719019,-146.30520990588977
EP17,417,-56.199456327310116,-151.6768514460097
EP17,418,-41.92135669872161,-137.39875181742119
EP17,419,-34.91085010777533,-130.3882452264749
EP17,420,-40.484112765149035,-135.9615078838486
EP17,421,-54.05818594410232,-149.5355810628019
EP17,422,-43.425682611629895,-138.90307773032947
EP17,423,-36.30384485003583,-131.7812399687354
EP17,424,-35.55054392704238,-131.02793904574196
EP17,425,-54.90594439285721,-150.38333951155678
EP17,426,-29.279168353825824,-124.7565634725254
EP17,427,-45.627939302912296,-141.10533442161187
EP17,428,-29.090487479075236,-124.56788259777481
EP17,429,-53.241084938524864,-148.71848005722444
EP17,430,-40.87540903999846,-136.35280415869804
EP17,431,-45.69677257371001,-141.17416769240958
EP17,432,-42.03351743898398,-137.51091255768355
EP17,433,-35.12798910632969,-130.60538422502927
EP17,434,-45.7010651441131,-141.17846026281268
EP17,435,-44.557986990684185,-140.03538210938376
EP17,436,-41.3015472169412,-136.77894233564078
EP17,437,-39.419257889394174,-134.89665300809375
EP17,438,-47.75071436649836,-143.22810948519793
EP17,439,-37.32288416520271,-132.80027928390228
EP17,440,-41.26729532551278,-136.74469044421235
EP17,441,-44.638610449937175,-140.11600556863675
EP17,442,-42.49220251805261,-137.96959763675218
EP17,443,-44.96844700719882,-140.4458421258984
EP17,444,-34.20871384941279,-129.68610896811236
EP17,445,-40.74422110829457,-136.22161622699414
EP17,446,-57.217773428795056,-152.69516854749463
EP17,447,-34.52141589768851,-129.9988110163881
EP17,448,-42.67253054975919,-138.14992566845876
EP17,449,-29.674561361123878,-125.15195647982345
EP17,450,-46.045547671325664,-141.52294279002524
EP17,451,-45.020282605732376,-140.49767772443195
EP17,452,-33.75801390860789,-129.23540902730747
EP17,453,-34.28096488761639,-129.75836000631597
EP17,454,-30.649879745033104,-126.12727486373268
EP17,455,-53.37452275254992,-148.8519178712495
EP17,456,-46.72980679248877,-142.20720191118835
EP17,457,-40.12778328437548,-135.60517840307506
EP17,458,-40.358770687046956,-135.83616580574653
EP17,459,-47.24456406384627,-142.72195918254585
EP17,460,-45.17364402388466,-140.65103914258424
EP17,461,-44.48880336118452,-139.9661984798841
EP17,462,-41.65379143738116,-137.13118655608073
EP17,463,-58.305355799436256,-153.78275091813583
EP17,464,-51.72443448312126,-147.20182960182083
EP17,465,-33.90531435619482,-129.3827094748944
EP17,466,-52.704610772491094,-148.18200589119067
EP17,467,-30.041098358240674,-125.51849347694025
EP17,468,-48.890133075312804,-144.36752819401238
EP17,469,-47.914237842001654,-143.39163296070123
EP17,470,-41.327493190029486,-136.80488830872906
EP17,471,-47.98462520931082,-143.4620203280104
EP17,472,-39.504732603902085,-134.98212772260166
EP17,473,-56.05933428536321,-151.53672940406278
EP17,474,-38.23974775587462,-133.7171428745742
EP17,475,-40.12976280763695,-135.60715792633653
EP17,476,-44.449822906687785,-139.92721802538736
EP17,477,-42.58954062581077,-138.06693574451035
EP17,478,-39.61441860461966,-135.09181372331923
EP17,479,-39.420410160602984,-134.89780527930256
EP17,480,-40.65192657670113,-136.1293216954007
EP17,481,-52.2291671303438,-147.70656224904337
EP17,482,-47.169589920673985,-142.64698503937356
EP17,483,-48.80154690998006,-144.27894202867964
EP17,484,-44.587932111417956,-140.06532723011753
EP17,485,-41.5540330705127,-137.03142818921228
EP17,486,-52.46901899268721,-147.9464141113868
EP17,487,-32.11848780125557,-127.59588291995514
EP17,488,-36.028207206567885,-131.50560232526746
EP17,489,-46.66274367721408,-142.14013879591366
EP17,490,-47.495883133348855,-142.97327825204843
EP17,491,-58.78687465281959,-154.26426977151917
EP17,492,-37.00308353099297,-132.48047864969254
EP17,493,-54.57096482603504,-150.0483599447346
EP17,494,-47.6992073748651,-143.17660249356467
EP17,495,-47.646875573443765,-143.12427069214334
EP17,496,-44.9499045187068,-140.42729963740638
EP17,497,-44.67624794519753,-140.1536430638971
EP17,498,-54.073804383168806,-149.55119950186838
EP17,499,-54.444202406490604,-149.92159752519018
EP17,500,-39.37948524211609,-134.85688036081567
EP18,1,-37.782242993750515,-133.2596381124501
EP18,2,-42.007942351889625,-137.4853374705892
EP18,3,-43.27099729583935,-138.74839241453893
EP18,4,-47.14901843504981,-142.6264135537494
EP18,5,-41.666804581853626,-137.1441997005532
EP18,6,-43.60568638454089,-139.08308150324046
EP18,7,-41.306481247254,-136.78387636595357
EP18,8,-40.55698687518486,-136.03438199388444
EP18,9,-31.257298837585438,-126.73469395628501
EP18,10,-48.35197479855455,-143.82936991725413
EP18,11,-33.711577583832224,-129.1889727025318
EP18,12,-39.49726522129174,-134.97466033999132
EP18,13,-42.84926872192608,-138.32666384062566
EP18,14,-42.93433918031195,-138.41173429901153
EP18,15,-40.62759382709811,-136.1049889457977
EP18,16,-44.05196795179137,-139.52936307049094
EP18,17,-44.852659869242075,-140.33005498794165
EP18,18,-34.757124761311616,-130.2345198800112
EP18,19,-40.71630748455334,-136.19370260325292
EP18,20,-42.78898928048716,-138.26638439918673
EP18,21,-35.53618358124896,-131.01357869994854
EP18,22,-38.66908903121225,-134.14648414991183
EP18,23,-41.60504229865924,-137.08243741735882
EP18,24,-41.95715129631435,-137.43454641501393
EP18,25,-49.73838910434071,-145.2157842230403
EP18,26,-45.081952528970334,-140.5593476476699
EP18,27,-49.9708352866306,-145.44823040533018
EP18,28,-39.169277490459706,-134.64667260915928
EP18,29,-49.3552699349095,-144.83266505360908
EP18,30,-49.75769735043917,-145.23509246913875
EP18,31,-33.16420058689661,-128.6415957055962
EP18,32,-41.25986719537178,-136.73726231407136
EP18,33,-41.804098010026024,-137.2814931287256
EP18,34,-46.43006537671582,-141.9074604954154
EP18,35,-42.71753429112056,-138.19492940982013
EP18,36,-46.23999444490289,-141.71738956360247
EP18,37,-46.85910598048929,-142.33650109918887
EP18,38,-42.47229310087769,-137.94968821957727
EP18,39,-35.32510347994392,-130.8024985986435
EP18,40,-50.011479286197016,-145.4888744048966
EP18,41,-43.584107033322965,-139.06150215202254
EP18,42,-45.05003094928273,-140.5274260679823
EP18,43,-48.78819056705464,-144.26558568575422
EP18,44,-44.10724485241644,-139.58463997111602
EP18,45,-42.98040369640344,-138.45779881510302
EP18,46,-38.52047581321466,-133.99787093191424
EP18,47,-49.39627641855972,-144.8736715372593
EP18,48,-42.686734705746034,-138.1641298244456
EP18,49,-33.72659449443546,-129.20398961313504
EP18,50,-43.6680502764529,-139.14544539515248
EP18,51,-40.022751176338716,-135.5001462950383
EP18,52,-40.05785429996942,-135.535249418669
EP18,53,-51.09475237134663,-146.5721474900462
EP18,54,-45.051782055599205,-140.52917717429878
EP18,55,-43.543892571208886,-139.02128768990846
EP18,56,-49.140882938187445,-144.61827805688702
EP18,57,-47.70461394182195,-143.18200906052152
EP18,58,-49.864240816184264,-145.34163593488384
EP18,59,-44.39376343205632,-139.8711585507559
EP18,60,-40.472521097890564,-135.94991621659014
EP18,61,-47.90437605029277,-143.38177116899234
EP18,62,-36.95981448164545,-132.43720960034503
EP18,63,-40.34772318724072,-135.8251183059403
EP18,64,-44.51027295476524,-139.98766807346482
EP18,65,-33.26439010207659,-128.74178522077617
EP18,66,-39.41136140512245,-134.88875652382202
EP18,67,-35.78740472092224,-131.26479983962182
EP18,68,-39.58063523185152,-135.0580303505511
EP18,69,-41.18111703977647,-136.65851215847604
EP18,70,-43.52370662185572,-139.0011017405553
EP18,71,-30.981309245625866,-126.45870436432544
EP18,72,-37.10796902318006,-132.58536414187964
EP18,73,-40.83882293739077,-136.31621805609035
EP18,74,-24.923953409916905,-120.40134852861648
EP18,75,-49.0251917986144,-144.50258691731398
EP18,76,-50.09176410194047,-145.56915922064005
EP18,77,-47.84195405435631,-143.31934917305588
EP18,78,-24.94137708092788,-120.41877219962745
EP18,79,-45.57249327382854,-141.04988839252812
EP18,80,-39.68242544899047,-135.15982056769005
EP18,81,-37.66118218450603,-133.1385773032056
EP18,82,-34.677047867058064,-130.15444298575764
EP18,83,-38.652663476415825,-134.1300585951154
EP18,84,-45.184801988151605,-140.66219710685118
EP18,85,-35.78698732726164,-131.26438244596122
EP18,86,-34.455560474884834,-129.9329555935844
EP18,87,-41.89585469978863,-137.3732498184882
EP18,88,-47.053310104028014,-142.5307052227276
EP18,89,-40.35686321763572,-135.8342583363353
EP18,90,-41.91044073564714,-137.38783585434672
EP18,91,-48.322105491516936,-143.7995006102165
EP18,92,-43.78848231594381,-139.2658774346434
EP18,93,-42.0261378999096,-137.50353301860918
EP18,94,-49.896244079776864,-145.37363919847644
EP18,95,-37.022637724875466,-132.50003284357504
EP18,96,-35.93875772998666,-131.41615284868624
EP18,97,-34.05537723874403,-129.5327723574436
EP18,98,-36.437359601885646,-131.91475472058522
EP18,99,-40.94953594034186,-136.42693105904144
EP18,100,-40.82755584739701,-136.30495096609658
EP18,101,-49.0537611712046,-144.53115628990417
EP18,102,-51.35504994814178,-146.83244506684136
EP18,103,-38.55116665075741,-134.02856176945699
EP18,104,-42.850351138593226,-138.3277462572928
EP18,105,-38.09590209073801,-133.57329720943758
EP18,106,-34.992834541344166,-130.47022966004374
EP18,107,-38.69796159552098,-134.17535671422056
EP18,108,-35.51976606549093,-130.9971611841905
EP18,109,-48.234812408121684,-143.71220752682126
EP18,110,-42.142508457487054,-137.61990357618663
EP18,111,-36.71136096492569,-132.18875608362526
EP18,112,-49.67069796272426,-145.14809308142384
EP18,113,-49.80854605881325,-145.28594117751283
EP18,114,-46.96495397898616,-142.44234909768574
EP18,115,-40.14854006097991,-135.6259351796795
EP18,116,-42.08430188155211,-137.56169700025168
EP18,117,-46.66234228582732,-142.1397374045269
EP18,118,-32.41121603771305,-127.88861115641262
EP18,119,-46.245808436341434,-141.723203555041
EP18,120,-48.05421517929679,-143.53161029799637
EP18,121,-38.95569798008407,-134.43309309878364
EP18,122,-39.69489045871089,-135.17228557741046
EP18,123,-50.91916808831414,-146.3965632070137
EP18,124,-41.498907802557994,-136.97630292125757
EP18,125,-32.625277104802024,-128.1026722235016
EP18,126,-41.134532046492495,-136.61192716519207
EP18,127,-46.46419912499883,-141.9415942436984
EP18,128,-49.14268110077322,-144.6200762194728
EP18,129,-36.133823166488696,-131.61121828518827
EP18,130,-38.27214962134798,-133.74954474004755
EP18,131,-42.125281533096455,-137.60267665179603
EP18,132,-46.0644113623884,-141.54180648108797
EP18,133,-45.484397348828054,-140.96179246752763
EP18,134,-51.729247362173965,-147.20664248087354
EP18,135,-39.76315274645705,-135.24054786515663
EP18,136,-38.71723826891241,-134.194633387612
EP18,137,-42.933592912577325,-138.4109880312769
EP18,138,-26.822474670813293,-122.29986978951287
EP18,139,-30.92691018602042,-126.40430530472
EP18,140,-44.903409482187044,-140.38080460088662
EP18,141,-45.22149124482644,-140.69888636352601
EP18,142,-35.742845813199324,-131.2202409318989
EP18,143,-40.32642498511774,-135.80382010381732
EP18,144,-40.460055096684215,-135.9374502153838
EP18,145,-48.74505856773891,-144.22245368643848
EP18,146,-43.52903359605031,-139.0064287147499
EP18,147,-45.54481366862595,-141.02220878732552
EP18,148,-47.37344889131634,-142.85084401001592
EP18,149,-41.03340627023084,-136.51080138893042
EP18,150,-44.88558261480273,-140.3629777335023
EP18,151,-37.23700124303531,-132.71439636173488
EP18,152,-37.634164748604945,-133.11155986730452
EP18,153,-42.88393407351356,-138.36132919221313
EP18,154,-37.91914715937273,-133.3965422780723
EP18,155,-27.585144803350403,-123.06253992204998
EP18,156,-46.44533037594502,-141.9227254946446
EP18,157,-33.21308573160496,-128.69048085030454
EP18,158,-48.34734796018657,-143.82474307888614
EP18,159,-45.94054326117836,-141.41793837987794
EP18,160,-44.99101859803727,-140.46841371673685
EP18,161,-47.82316444880391,-143.30055956750348
EP18,162,-40.62782906163804,-136.10522418033761
EP18,163,-49.49580240071273,-144.9731975194123
EP18,164,-42.680348606921854,-138.15774372562143
EP18,165,-39.12434641896408,-134.60174153766366
EP18,166,-41.7122899303572,-137.18968504905678
EP18,167,-40.92404235307782,-136.4014374717774
EP18,168,-41.479979169833854,-136.95737428853343
EP18,169,-39.58907806713012,-135.0664731858297
EP18,170,-39.52418761068506,-135.00158272938464
EP18,171,-42.28248716233895,-137.75988228103853
EP18,172,-50.21313001010458,-145.69052512880415
EP18,173,-45.4258979119837,-140.90329303068327
EP18,174,-38.270705650885475,-133.74810076958505
EP18,175,-26.20266676571964,-121.68006188441922
EP18,176,-34.08062419664796,-129.55801931534754
EP18,177,-35.584542771830286,-131.06193789052986
EP18,178,-38.465166827341704,-133.94256194604128
EP18,179,-45.78476270854853,-141.2621578272481
EP18,180,-42.19816853014501,-137.6755636488446
EP18,181,-44.94109408875917,-140.41848920745875
EP18,182,-46.69534254259278,-142.17273766129236
EP18,183,-35.70162120898965,-131.17901632768923
EP18,184,-42.43442379260364,-137.91181891130321
EP18,185,-41.66880939000208,-137.14620450870166
EP18,186,-42.99432669363307,-138.47172181233265
EP18,187,-41.27296697449066,-136.75036209319023
EP18,188,-44.628317523168676,-140.10571264186825
EP18,189,-45.8644894675806,-141.34188458628017
EP18,190,-48.823540091988235,-144.3009352106878
EP18,191,-50.40630727220832,-145.8837023909079
EP18,192,-44.29243238463994,-139.7698275033395
EP18,193,-39.957720010616185,-135.43511512931576
EP18,194,-41.16154012844322,-136.6389352471428
EP18,195,-37.53757583728117,-133.01497095598074
EP18,196,-36.836975640519626,-132.3143707592192
EP18,197,-44.13799900165253,-139.6153941203521
EP18,198,-42.33505757726462,-137.8124526959642
EP18,199,-51.09763611150464,-146.57503123020422
EP18,200,-47.18456195542734,-142.66195707412692
EP18,201,-50.10410921621465,-145.58150433491423
EP18,202,-32.12890705295362,-127.6063021716532
EP18,203,-43.008087308806864,-138.48548242750644
EP18,204,-46.36043573923416,-141.83783085793374
EP18,205,-46.1732870259726,-141.65068214467217
EP18,206,-40.39945374931327,-135.87684886801284
EP18,207,-42.77317849307545,-138.25057361177502
EP18,208,-39.46891902947388,-134.94631414817346
EP18,209,-41.137115387098135,-136.6145105057977
EP18,210,-43.73981289711486,-139.21720801581444
EP18,211,-49.171613249533465,-144.64900836823304
EP18,212,-37.718356032937606,-133.19575115163718
EP18,213,-42.497164274459266,-137.97455939315884
EP18,214,-39.497897245903204,-134.97529236460278
EP18,215,-43.7543274447188,-139.23172256341837
EP18,216,-45.593245924933484,-141.07064104363306
EP18,217,-40.033255049134766,-135.51065016783434
EP18,218,-47.202607608084236,-142.6800027267838
EP18,219,-33.92729105973382,-129.4046861784334
EP18,220,-44.00812794876228,-139.48552306746186
EP18,221,-46.37037443876727,-141.84776955746685
EP18,222,-46.12840392323551,-141.6057990419351
EP18,223,-36.76466518462206,-132.24206030332164
EP18,224,-34.77782933690651,-130.25522445560608
EP18,225,-44.433943992316784,-139.91133911101636
EP18,226,-41.77908024644398,-137.25647536514356
EP18,227,-40.17548659033906,-135.65288170903864
EP18,228,-43.38375136935346,-138.86114648805304
EP18,229,-41.48532499039371,-136.96272010909328
EP18,230,-36.66650246597928,-132.14389758467885
EP18,231,-40.8566375779281,-136.33403269662767
EP18,232,-52.815633916857365,-148.29302903555694
EP18,233,-37.95003835417185,-133.42743347287143
EP18,234,-33.218446384999254,-128.69584150369883
EP18,235,-42.67692282058823,-138.1543179392878
EP18,236,-41.868856102552996,-137.34625122125257
EP18,237,-45.057562854821015,-140.5349579735206
EP18,238,-53.46725069488417,-148.94464581358375
EP18,239,-51.3990290303565,-146.87642414905608
EP18,240,-42.84190831348974,-138.31930343218932
EP18,241,-48.611663183003714,-144.0890583017033
EP18,242,-39.20099732140389,-134.67839244010347
EP18,243,-40.791469198305634,-136.2688643170052
EP18,244,-45.18310793899701,-140.6605030576966
EP18,245,-45.79188415201497,-141.26927927071455
EP18,246,-40.316352206863826,-135.7937473255634
EP18,247,-39.819772642843816,-135.2971677615434
EP18,248,-44.15223537627392,-139.6296304949735
EP18,249,-47.958518459709296,-143.43591357840887
EP18,250,-41.0491649772037,-136.52656009590328
EP18,251,-41.86958508132264,-137.34698020002222
EP18,252,-44.86656022239404,-140.34395534109362
EP18,253,-40.27825130037451,-135.75564641907408
EP18,254,-28.641973895991697,-124.11936901469127
EP18,255,-38.387292736532885,-133.86468785523246
EP18,256,-32.708562628401125,-128.1859577471007
EP18,257,-45.80694405876068,-141.28433917746025
EP18,258,-42.56069284173623,-138.0380879604358
EP18,259,-37.910631148120075,-133.38802626681965
EP18,260,-49.115775740615675,-144.59317085931525
EP18,261,-51.83892021056428,-147.31631532926386
EP18,262,-48.305358859884905,-143.78275397858448
EP18,263,-38.51296588704079,-133.99036100574037
EP18,264,-48.68228379495494,-144.15967891365452
EP18,265,-25.921395323655673,-121.39879044235525
EP18,266,-47.082291752361414,-142.559686871061
EP18,267,-48.72524123191491,-144.20263635061448
EP18,268,-30.00580999839491,-125.48320511709449
EP18,269,-47.08617120156748,-142.56356632026706
EP18,270,-47.90726638256774,-143.38466150126732
EP18,271,-33.459416945790906,-128.93681206449048
EP18,272,-43.038242568418696,-138.51563768711827
EP18,273,-40.697748465090285,-136.17514358378986
EP18,274,-44.382778750748145,-139.86017386944772
EP18,275,-46.359928959184174,-141.83732407788375
EP18,276,-40.160732513355214,-135.6381276320548
EP18,277,-39.40945610919991,-134.88685122789948
EP18,278,-36.076333953384506,-131.55372907208408
EP18,279,-49.24950777166231,-144.72690289036188
EP18,280,-42.213078283528034,-137.6904734022276
EP18,281,-41.79944228128534,-137.2768373999849
EP18,282,-41.92201383014839,-137.39940894884796
EP18,283,-54.53521497097299,-150.01261008967256
EP18,284,-47.74091363439692,-143.2183087530965
EP18,285,-30.47627055832342,-125.953665677023
EP18,286,-46.31549735484171,-141.7928924735413
EP18,287,-53.305451289462866,-148.78284640816244
EP18,288,-37.797697104508586,-133.27509222320816
EP18,289,-39.04745531768654,-134.52485043638612
EP18,290,-46.50771107962487,-141.98510619832444
EP18,291,-39.78227826365918,-135.25967338235876
EP18,292,-33.71970127202948,-129.19709639072906
EP18,293,-45.49797887933639,-140.97537399803596
EP18,294,-41.199273054288966,-136.67666817298854
EP18,295,-37.28685008092279,-132.76424519962237
EP18,296,-49.95020112048539,-145.42759623918496
EP18,297,-50.61307200090164,-146.09046711960121
EP18,298,-34.90300496117814,-130.38040007987772
EP18,299,-41.38863115420966,-136.86602627290924
EP18,300,-37.05386747832159,-132.53126259702117
EP18,301,-40.577871527599825,-136.0552666462994
EP18,302,-45.0526092617051,-140.53000438040468
EP18,303,-35.96782763513454,-131.44522275383412
EP18,304,-47.888178810849695,-143.36557392954927
EP18,305,-41.92610111058144,-137.40349622928102
EP18,306,-33.76504438013211,-129.2424394988317
EP18,307,-42.39927118636061,-137.87666630506018
EP18,308,-44.69845431997459,-140.17584943867416
EP18,309,-40.7408945784197,-136.21828969711927
EP18,310,-38.19672125508248,-133.67411637378206
EP18,311,-43.54205951680075,-139.01945463550032
EP18,312,-46.924842885393076,-142.40223800409265
EP18,313,-34.163621801871045,-129.64101692057062
EP18,314,-38.13996983334289,-133.61736495204246
EP18,315,-46.965979704399075,-142.44337482309865
EP18,316,-48.991763120211374,-144.46915823891095
EP18,317,-45.225654997176946,-140.70305011587652
EP18,318,-34.430209443068975,-129.90760456176855
EP18,319,-44.904471669562724,-140.3818667882623
EP18,320,-42.04574897162246,-137.52314409032203
EP18,321,-41.25417537294754,-136.73157049164712
EP18,322,-41.06573381621553,-136.5431289349151
EP18,323,-38.3723191927501,-133.84971431144967
EP18,324,-40.45544631557465,-135.93284143427422
EP18,325,-36.404500532573536,-131.8818956512731
EP18,326,-41.09694968055939,-136.57434479925897
EP18,327,-44.40684391618316,-139.88423903488274
EP18,328,-39.41132576266074,-134.8887208813603
EP18,329,-34.153243463491634,-129.6306385821912
EP18,330,-34.69958994563203,-130.1769850643316
EP18,331,-40.92576794988068,-136.40316306858026
EP18,332,-53.19504495563393,-148.6724400743335
EP18,333,-47.59041197878366,-143.06780709748324
EP18,334,-43.194751174431644,-138.67214629313122
EP18,335,-51.50390799847162,-146.9813031171712
EP18,336,-33.389105525347134,-128.8665006440467
EP18,337,-40.18455235933345,-135.66194747803303
EP18,338,-44.360527176303634,-139.8379222950032
EP18,339,-34.21900465366244,-129.696399772362
EP18,340,-27.600961419638125,-123.0783565383377
EP18,341,-43.55213625034418,-139.02953136904375
EP18,342,-45.75014606718332,-141.2275411858829
EP18,343,-30.88388688637329,-126.36128200507287
EP18,344,-48.01199316965602,-143.4893882883556
EP18,345,-39.97406483400505,-135.45145995270462
EP18,346,-38.96312678212675,-134.44052190082633
EP18,347,-40.6154960641351,-136.09289118283468
EP18,348,-36.263698227351654,-131.74109334605123
EP18,349,-37.79264912441755,-133.27004424311713
EP18,350,-35.82395797863239,-131.30135309733197
EP18,351,-43.95603217352817,-139.43342729222775
EP18,352,-37.78515977370037,-133.26255489239995
EP18,353,-45.47578698195156,-140.95318210065113
EP18,354,-45.72382899561444,-141.20122411431402
EP18,355,-47.94535588923881,-143.4227510079384
EP18,356,-43.993191464368124,-139.4705865830677
EP18,357,-56.3433712479023,-151.82076636660187
EP18,358,-38.07915932847678,-133.55655444717635
EP18,359,-40.865861387749106,-136.34325650644868
EP18,360,-46.14153064968386,-141.61892576838343
EP18,361,-34.6452108453131,-130.12260596401268
EP18,362,-30.60985781351664,-126.08725293221622
EP18,363,-30.149215715486037,-125.62661083418561
EP18,364,-40.37622693907383,-135.8536220577734
EP18,365,-32.685890067597484,-128.16328518629706
EP18,366,-43.33171884466165,-138.80911396336123
EP18,367,-40.28822035853307,-135.76561547723264
EP18,368,-42.453588882325164,-137.93098400102474
EP18,369,-47.25410388169786,-142.73149900039743
EP18,370,-50.16144616411964,-145.63884128281921
EP18,371,-45.003034265288704,-140.48042938398828
EP18,372,-47.09947999198829,-142.57687511068787
EP18,373,-41.39198064020735,-136.86937575890693
EP18,374,-43.546269339113195,-139.02366445781277
EP18,375,-43.84814732855091,-139.32554244725048
EP18,376,-43.680611890580224,-139.1580070092798
EP18,377,-39.00239919262131,-134.4797943113209
EP18,378,-47.26519626492856,-142.74259138362814
EP18,379,-39.300186834644364,-134.77758195334394
EP18,380,-37.827860236181095,-133.30525535488067
EP18,381,-40.84597976961862,-136.3233748883182
EP18,382,-41.42327237146614,-136.90066749016572
EP18,383,-37.92051029685774,-133.39790541555732
EP18,384,-37.5106358007215,-132.98803091942108
EP18,385,-38.349680406162804,-133.82707552486238
EP18,386,-40.79382226291091,-136.27121738161048
EP18,387,-30.830853836142012,-126.30824895484159
EP18,388,-44.81160397261735,-140.28899909131692
EP18,389,-49.704738688769,-145.18213380746857
EP18,390,-54.365959393575736,-149.8433545122753
EP18,391,-46.0039510786533,-141.48134619735288
EP18,392,-32.00524984233452,-127.4826449610341
EP18,393,-41.74426263910877,-137.22165775780834
EP18,394,-46.48869566843675,-141.96609078713632
EP18,395,-43.54305878893189,-139.02045390763146
EP18,396,-36.41012533752462,-131.8875204562242
EP18,397,-45.97120771390004,-141.44860283259962
EP18,398,-54.385989816743745,-149.86338493544332
EP18,399,-42.283046240263104,-137.76044135896268
EP18,400,-39.36129666218889,-134.83869178088847
EP18,401,-38.57580222466075,-134.05319734336032
EP18,402,-40.412988588610204,-135.89038370730978
EP18,403,-36.651542659076,-132.12893777777558
EP18,404,-42.53739075844942,-138.014785877149
EP18,405,-36.508201885382704,-131.98559700408228
EP18,406,-35.0035919157404,-130.48098703443998
EP18,407,-44.42544765800744,-139.90284277670702
EP18,408,-38.635252082090204,-134.11264720078978
EP18,409,-39.7751402111727,-135.25253532987227
EP18,410,-45.99402813365552,-141.4714232523551
EP18,411,-34.7001022414326,-130.17749736013218
EP18,412,-45.14207116093081,-140.6194662796304
EP18,413,-44.541394754304406,-140.01878987300398
EP18,414,-48.151269435358074,-143.62866455405765
EP18,415,-40.124682395692616,-135.6020775143922
EP18,416,-39.173286610244816,-134.6506817289444
EP18,417,-45.52128450183662,-140.9986796205362
EP18,418,-53.40879527970773,-148.8861903984073
EP18,419,-48.500894238958836,-143.9782893576584
EP18,420,-49.02350749379133,-144.5009026124909
EP18,421,-45.69731937075238,-141.17471448945196
EP18,422,-47.57054746742148,-143.04794258612105
EP18,423,-41.28983313669525,-136.76722825539483
EP18,424,-38.72030932306353,-134.1977044417631
EP18,425,-43.03284058418848,-138.51023570288805
EP18,426,-46.52585366869809,-142.00324878739767
EP18,427,-47.907672967561695,-143.38506808626127
EP18,428,-25.33349016929222,-120.8108852879918
EP18,429,-48.41282341455971,-143.8902185332593
EP18,430,-45.47903171005865,-140.95642682875823
EP18,431,-38.61011737899062,-134.0875124976902
EP18,432,-36.8996217393869,-132.37701685808648
EP18,433,-33.92984426483463,-129.4072393835342
EP18,434,-37.50819609403956,-132.98559121273914
EP18,435,-40.9298177650991,-136.40721288379868
EP18,436,-35.34857640040883,-130.8259715191084
EP18,437,-40.306188309990034,-135.7835834286896
EP18,438,-38.464285871227816,-133.9416809899274
EP18,439,-43.022725386854376,-138.50012050555395
EP18,440,-45.28474103723943,-140.762136155939
EP18,441,-38.14765906287087,-133.62505418157045
EP18,442,-45.43893932411396,-140.91633444281354
EP18,443,-48.07373983404233,-143.5511349527419
EP18,444,-41.10608288134071,-136.5834780000403
EP18,445,-43.58245579593532,-139.0598509146349
EP18,446,-43.63479867915808,-139.11219379785766
EP18,447,-34.88549290595046,-130.36288802465003
EP18,448,-41.84400189397016,-137.32139701266973
EP18,449,-38.75336696051903,-134.2307620792186
EP18,450,-39.75167408539366,-135.22906920409324
EP18,451,-39.56937085531206,-135.04676597401163
EP18,452,-40.743631739657246,-136.22102685835682
EP18,453,-40.38469333376909,-135.86208845246867
EP18,454,-28.062786822984606,-123.54018194168418
EP18,455,-33.101046836425496,-128.57844195512507
EP18,456,-51.191707798382794,-146.66910291708237
EP18,457,-37.24203225174253,-132.7194273704421
EP18,458,-38.17374789185496,-133.65114301055453
EP18,459,-30.48765995904361,-125.96505507774319
EP18,460,-30.655448842580284,-126.13284396127986
EP18,461,-45.944984255619886,-141.42237937431946
EP18,462,-41.59445634314778,-137.07185146184736
EP18,463,-39.556700943268936,-135.0340960619685
EP18,464,-38.08060611670598,-133.55800123540556
EP18,465,-51.509440160734755,-146.98683527943433
EP18,466,-43.44658530691743,-138.923980425617
EP18,467,-30.137870451602794,-125.61526557030237
EP18,468,-42.00169900267201,-137.4790941213716
EP18,469,-44.65016741482802,-140.1275625335276
EP18,470,-41.37396653539639,-136.85136165409597
EP18,471,-33.62950772440962,-129.1069028431092
EP18,472,-45.63893611191892,-141.1163312306185
EP18,473,-40.84858095940453,-136.3259760781041
EP18,474,-47.06828096951293,-142.5456760882125
EP18,475,-43.112893382717516,-138.5902885014171
EP18,476,-43.00187434964241,-138.47926946834198
EP18,477,-32.781676459611305,-128.25907157831088
EP18,478,-38.676620409812074,-134.15401552851165
EP18,479,-35.12835067056332,-130.6057457892629
EP18,480,-34.25067507342078,-129.72807019212036
EP18,481,-39.474458995349096,-134.95185411404867
EP18,482,-33.2446245447793,-128.72201966347887
EP18,483,-34.32818949919985,-129.80558461789943
EP18,484,-41.790482704477256,-137.26787782317683
EP18,485,-31.290189968482792,-126.76758508718237
EP18,486,-37.00585243925366,-132.48324755795323
EP18,487,-44.15169720330462,-139.6290923220042
EP18,488,-44.62097361328574,-140.09836873198532
EP18,489,-43.949705437579695,-139.42710055627927
EP18,490,-34.326063361603474,-129.80345848030305
EP18,491,-45.068798817797386,-140.54619393649696
EP18,492,-36.98338795276834,-132.46078307146792
EP18,493,-45.48556018853384,-140.96295530723341
EP18,494,-40.56167158445243,-136.039066703152
EP18,495,-40.46296172968911,-135.9403568483887
EP18,496,-37.98424652869403,-133.4616416473936
EP18,497,-43.55355182983709,-139.03094694853667
EP18,498,-46.98184996374741,-142.45924508244698
EP18,499,-37.954307359156076,-133.43170247785565
EP18,500,-39.63628799972258,-135.11368311842216
EP19,1,-66.41260340765089,-161.88999852635047
EP19,2,-66.64819457144955,-162.12558969014913
EP19,3,-69.0079123341649,-164.48530745286448
EP19,4,-58.08349101343103,-153.5608861321306
EP19,5,-53.28445301850377,-148.76184813720334
EP19,6,-64.49738721271135,-159.97478233141092
EP19,7,-57.562970719980825,-153.0403658386804
EP19,8,-75.68837046873568,-171.16576558743526
EP19,9,-56.781463720578415,-152.258858839278
EP19,10,-62.267611971162324,-157.7450070898619
EP19,11,-58.88316160196371,-154.36055672066328
EP19,12,-71.54146344247232,-167.0188585611719
EP19,13,-65.18784976108213,-160.6652448797817
EP19,14,-64.36991522633227,-159.84731034503184
EP19,15,-67.10885020534968,-162.58624532404926
EP19,16,-59.57825566672369,-155.05565078542327
EP19,17,-64.56212047246873,-160.0395155911683
EP19,18,-69.51387068736227,-164.99126580606185
EP19,19,-60.35891286284192,-155.8363079815415
EP19,20,-64.03043391362687,-159.50782903232644
EP19,21,-67.99541403992814,-163.4728091586277
EP19,22,-62.126971355044816,-157.6043664737444
EP19,23,-55.42543250622225,-150.90282762492183
EP19,24,-63.95351802798879,-159.43091314668837
EP19,25,-61.27744258774061,-156.75483770644018
EP19,26,-58.572824675633655,-154.05021979433323
EP19,27,-59.18639369360798,-154.66378881230756
EP19,28,-51.02961165637936,-146.50700677507893
EP19,29,-65.1853617447475,-160.66275686344707
EP19,30,-66.6278877788485,-162.10528289754808
EP19,31,-61.94698787045664,-157.42438298915621
EP19,32,-66.84992027856583,-162.3273153972654
EP19,33,-62.91752835972184,-158.39492347842142
EP19,34,-60.26366965635856,-155.74106477505813
EP19,35,-55.64895666813757,-151.12635178683715
EP19,36,-64.21606249835295,-159.69345761705253
EP19,37,-71.17206674266149,-166.64946186136106
EP19,38,-64.20205990713958,-159.67945502583916
EP19,39,-53.885347166810504,-149.36274228551008
EP19,40,-61.2819885550918,-156.75938367379138
EP19,41,-55.354507861977595,-150.83190298067717
EP19,42,-61.55943109436663,-157.0368262130662
EP19,43,-70.45423886242088,-165.93163398112046
EP19,44,-52.717779111455684,-148.19517423015526
EP19,45,-61.78751620212847,-157.26491132082805
EP19,46,-60.724579297907184,-156.20197441660676
EP19,47,-58.009090994910935,-153.4864861136105
EP19,48,-61.96360076611634,-157.44099588481592
EP19,49,-55.350402148872064,-150.82779726757164
EP19,50,-67.65858132730062,-163.1359764460002
EP19,51,-56.7761703925668,-152.25356551126637
EP19,52,-64.04760826699945,-159.52500338569902
EP19,53,-61.153306658734635,-156.6307017774342
EP19,54,-62.42113168741065,-157.89852680611023
EP19,55,-65.90174214842045,-161.37913726712003
EP19,56,-63.66157604486119,-159.13897116356077
EP19,57,-64.90637724873076,-160.38377236743034
EP19,58,-61.07619313691583,-156.5535882556154
EP19,59,-73.75812590747066,-169.23552102617023
EP19,60,-62.594064971526905,-158.07146009022648
EP19,61,-62.48903335503658,-157.96642847373616
EP19,62,-69.37901024164918,-164.85640536034876
EP19,63,-59.73304657705282,-155.2104416957524
EP19,64,-62.68948424842432,-158.1668793671239
EP19,65,-63.457957352788696,-158.93535247148827
EP19,66,-64.89021155248273,-160.3676066711823
EP19,67,-61.64584110106111,-157.12323621976068
EP19,68,-52.530036371981595,-148.00743149068117
EP19,69,-62.39002283585367,-157.86741795455325
EP19,70,-56.877974582944404,-152.35536970164398
EP19,71,-66.94690539494911,-162.4243005136487
EP19,72,-60.065323423160834,-155.5427185418604
EP19,73,-66.18747432402643,-161.664869442726
EP19,74,-57.88757439498818,-153.36496951368775
EP19,75,-63.93208216780323,-159.4094772865028
EP19,76,-56.344380158901316,-151.8217752776009
EP19,77,-70.03884399891587,-165.51623911761544
EP19,78,-72.11741613200448,-167.59481125070405
EP19,79,-62.694806951508156,-158.17220207020773
EP19,80,-64.8338558016909,-160.31125092039048
EP19,81,-60.65387561366674,-156.13127073236632
EP19,82,-61.606819349305255,-157.08421446800483
EP19,83,-67.74687982580787,-163.22427494450744
EP19,84,-71.97969521948193,-167.4570903381815
EP19,85,-56.434010645890794,-151.91140576459037
EP19,86,-61.60282876427624,-157.08022388297582
EP19,87,-55.180561723130694,-150.65795684183027
EP19,88,-61.63282395009972,-157.1102190687993
EP19,89,-68.37135357607343,-163.848748694773
EP19,90,-60.56857946558,-156.04597458427958
EP19,91,-65.64960649492247,-161.12700161362204
EP19,92,-71.09963292833737,-166.57702804703695
EP19,93,-61.13068028983173,-156.6080754085313
EP19,94,-59.87932798491721,-155.3567231036168
EP19,95,-63.37479173346651,-158.85218685216608
EP19,96,-62.52323402207668,-158.00062914077625
EP19,97,-57.75335968037456,-153.23075479907413
EP19,98,-65.74314922316643,-161.220544341866
EP19,99,-63.21426579381341,-158.691660912513
EP19,100,-59.85265647588855,-155.33005159458813
EP19,101,-68.56308779910228,-164.04048291780185
EP19,102,-67.06703603573945,-162.54443115443902
EP19,103,-69.89076127215301,-165.3681563908526
EP19,104,-60.132300101434566,-155.60969522013414
EP19,105,-52.626270371352774,-148.10366549005235
EP19,106,-61.13574865593381,-156.6131437746334
EP19,107,-68.88813774279674,-164.36553286149632
EP19,108,-57.911595923547736,-153.3889910422473
EP19,109,-65.31133974198173,-160.7887348606813
EP19,110,-66.20139396745049,-161.67878908615006
EP19,111,-62.61407460416325,-158.09146972286283
EP19,112,-56.150841930358155,-151.62823704905773
EP19,113,-61.94210588452151,-157.4195010032211
EP19,114,-63.12718041593422,-158.6045755346338
EP19,115,-66.93063954125142,-162.408034659951
EP19,116,-61.32176091571563,-156.7991560344152
EP19,117,-60.128719121478696,-155.60611424017827
EP19,118,-65.51554886930495,-160.99294398800453
EP19,119,-63.71664057943835,-159.19403569813792
EP19,120,-60.721702429670415,-156.19909754837
EP19,121,-61.28684923736017,-156.76424435605975
EP19,122,-65.86312954048148,-161.34052465918106
EP19,123,-59.498408761662176,-154.97580388036175
EP19,124,-64.3314601869954,-159.80885530569498
EP19,125,-65.37270304832134,-160.85009816702092
EP19,126,-67.57799792646105,-163.05539304516063
EP19,127,-62.91976566933192,-158.3971607880315
EP19,128,-61.73757625425327,-157.21497137295285
EP19,129,-66.27087273167038,-161.74826785036996
EP19,130,-65.30430309596443,-160.781698214664
EP19,131,-65.73278170282552,-161.2101768215251
EP19,132,-60.08045466779947,-155.55784978649905
EP19,133,-61.23168543911589,-156.70908055781547
EP19,134,-60.728083600664405,-156.20547871936398
EP19,135,-66.61058837113,-162.08798348982958
EP19,136,-69.1006920554637,-164.57808717416327
EP19,137,-66.23472269353135,-161.71211781223093
EP19,138,-62.16136187461842,-157.638756993318
EP19,139,-65.9141275342254,-161.39152265292498
EP19,140,-55.601832899554836,-151.0792280182544
EP19,141,-67.54473005716599,-163.02212517586557
EP19,142,-78.86223975534182,-174.3396348740414
EP19,143,-63.15641563740837,-158.63381075610795
EP19,144,-71.03859270416604,-166.5159878228656
EP19,145,-60.60795771852767,-156.08535283722725
EP19,146,-64.55871335879891,-160.0361084774985
EP19,147,-62.28217758791524,-157.75957270661482
EP19,148,-66.13065268046918,-161.60804779916876
EP19,149,-63.873906774354566,-159.35130189305414
EP19,150,-62.126281069852865,-157.60367618855244
EP19,151,-63.75500683509708,-159.23240195379665
EP19,152,-54.81622311360249,-150.29361823230207
EP19,153,-65.19557955859995,-160.67297467729952
EP19,154,-64.34327353165082,-159.8206686503504
EP19,155,-63.12775880214156,-158.60515392084113
EP19,156,-59.156997262295135,-154.6343923809947
EP19,157,-65.33683520868937,-160.81423032738894
EP19,158,-60.543062616738155,-156.02045773543773
EP19,159,-66.21014344694109,-161.68753856564066
EP19,160,-59.62461955472341,-155.10201467342299
EP19,161,-59.50756670499243,-154.984961823692
EP19,162,-72.3275441998457,-167.80493931854528
EP19,163,-59.38386905915573,-154.8612641778553
EP19,164,-60.09749073065697,-155.57488584935655
EP19,165,-63.18817998426809,-158.66557510296767
EP19,166,-65.1846685671702,-160.66206368586978
EP19,167,-67.76080609873009,-163.23820121742966
EP19,168,-66.14792947584135,-161.62532459454093
EP19,169,-65.77310491732624,-161.2505000360258
EP19,170,-59.11739425216723,-154.5947893708668
EP19,171,-60.48998692729418,-155.96738204599376
EP19,172,-58.83334164679289,-154.31073676549246
EP19,173,-62.208542745031394,-157.68593786373097
EP19,174,-56.53924146413661,-152.01663658283618
EP19,175,-54.10973877783965,-149.58713389653923
EP19,176,-69.19301075533531,-164.67040587403488
EP19,177,-59.917208426058835,-155.3946035447584
EP19,178,-67.58394602514736,-163.06134114384693
EP19,179,-65.23453949294361,-160.7119346116432
EP19,180,-65.85075837098339,-161.32815348968296
EP19,181,-64.30408409426326,-159.78147921296284
EP19,182,-65.93191912649979,-161.40931424519937
EP19,183,-60.90906959206873,-156.3864647107683
EP19,184,-61.9526827858175,-157.43007790451708
EP19,185,-61.68138987365475,-157.15878499235433
EP19,186,-57.68930114155245,-153.16669626025202
EP19,187,-63.169135240674535,-158.6465303593741
EP19,188,-60.87536391579607,-156.35275903449565
EP19,189,-57.58044974461569,-153.05784486331527
EP19,190,-66.81260476221166,-162.28999988091124
EP19,191,-63.28195160502264,-158.75934672372222
EP19,192,-59.10609945891082,-154.5834945776104
EP19,193,-71.2715682200392,-166.74896333873878
EP19,194,-65.01595059652306,-160.49334571522263
EP19,195,-62.85861745011562,-158.3360125688152
EP19,196,-62.52318950109401,-158.00058461979359
EP19,197,-51.10381253412595,-146.58120765282553
EP19,198,-57.93637574885926,-153.41377086755884
EP19,199,-64.10000491813202,-159.5774000368316
EP19,200,-65.52724624125955,-161.00464135995912
EP19,201,-62.93281135127239,-158.41020646997197
EP19,202,-61.299728264273256,-156.77712338297283
EP19,203,-64.38412563486872,-159.8615207535683
EP19,204,-61.40760842394451,-156.88500354264409
EP19,205,-63.55627401205203,-159.0336691307516
EP19,206,-67.0508246956853,-162.52821981438487
EP19,207,-66.46559490257306,-161.94299002127264
EP19,208,-65.34258805543183,-160.8199831741314
EP19,209,-60.012030585802194,-155.48942570450177
EP19,210,-59.578136124759084,-155.05553124345866
EP19,211,-66.33419086338793,-161.8115859820875
EP19,212,-63.043450792004535,-158.5208459107041
EP19,213,-61.973209042484996,-157.45060416118457
EP19,214,-57.33837334311437,-152.81576846181395
EP19,215,-67.8134404591346,-163.29083557783417
EP19,216,-64.17586226050199,-159.65325737920156
EP19,217,-59.797123238188846,-155.27451835688842
EP19,218,-72.8441127446693,-168.32150786336888
EP19,219,-63.73939055028674,-159.21678566898632
EP19,220,-61.157620682740884,-156.63501580144046
EP19,221,-64.07672232104946,-159.55411743974904
EP19,222,-54.00998891090339,-149.48738402960296
EP19,223,-65.31884006581015,-160.79623518450973
EP19,224,-61.52917656119655,-157.00657167989613
EP19,225,-60.4893402293236,-155.96673534802318
EP19,226,-65.84011360615466,-161.31750872485424
EP19,227,-66.22186592885814,-161.6992610475577
EP19,228,-61.52906184586513,-157.0064569645647
EP19,229,-56.17982773920008,-151.65722285789965
EP19,230,-60.388360106861825,-155.8657552255614
EP19,231,-57.6524823041631,-153.12987742286268
EP19,232,-67.79314487501449,-163.27053999371407
EP19,233,-60.91315685291593,-156.3905519716155
EP19,234,-58.89355475470046,-154.37094987340004
EP19,235,-61.38791871691123,-156.8653138356108
EP19,236,-62.77142451329783,-158.2488196319974
EP19,237,-62.92914180388544,-158.40653692258502
EP19,238,-62.52875624320549,-158.00615136190507
EP19,239,-58.72995097642891,-154.20734609512849
EP19,240,-56.28821125241126,-151.76560637111083
EP19,241,-58.78223853609805,-154.25963365479763
EP19,242,-61.342351853136876,-156.81974697183645
EP19,243,-62.428602811727615,-157.9059979304272
EP19,244,-65.28203923180797,-160.75943435050755
EP19,245,-60.479002631126036,-155.9563977498256
EP19,246,-60.101035129022165,-155.57843024772174
EP19,247,-70.33852123323925,-165.81591635193882
EP19,248,-68.30192730590136,-163.77932242460093
EP19,249,-58.942474502969105,-154.41986962166868
EP19,250,-61.96995978361886,-157.44735490231844
EP19,251,-63.22977988410355,-158.70717500280313
EP19,252,-63.306212029831784,-158.78360714853136
EP19,253,-63.14002601883894,-158.6174211375385
EP19,254,-65.95913455334903,-161.4365296720486
EP19,255,-67.41705596565458,-162.89445108435416
EP19,256,-67.40789836626371,-162.88529348496328
EP19,257,-64.4428670076731,-159.92026212637268
EP19,258,-66.95503142484762,-162.4324265435472
EP19,259,-60.439274751858704,-155.91666987055828
EP19,260,-70.1707655304138,-165.64816064911338
EP19,261,-67.36136205926903,-162.8387571779686
EP19,262,-68.59574924526652,-164.0731443639661
EP19,263,-53.22061884588163,-148.6980139645812
EP19,264,-60.23033480277306,-155.70772992147263
EP19,265,-70.19900359251758,-165.67639871121716
EP19,266,-65.84514398240185,-161.32253910110143
EP19,267,-63.47749437293757,-158.95488949163715
EP19,268,-63.216734430357576,-158.69412954905715
EP19,269,-58.87812414019959,-154.35551925889916
EP19,270,-68.39911994781991,-163.8765150665195
EP19,271,-68.89026409349896,-164.36765921219853
EP19,272,-54.290532946784424,-149.767928065484
EP19,273,-61.65095569759529,-157.12835081629487
EP19,274,-71.16899603885432,-166.6463911575539
EP19,275,-50.91027435539115,-146.38766947409073
EP19,276,-58.4494836776083,-153.92687879630788
EP19,277,-59.72851672900359,-155.20591184770316
EP19,278,-52.694678577338834,-148.1720736960384
EP19,279,-65.37615431445718,-160.85354943315676
EP19,280,-63.733462030775826,-159.2108571494754
EP19,281,-47.00389941444794,-142.48129453314752
EP19,282,-64.83657173860641,-160.31396685730599
EP19,283,-65.13783754339312,-160.6152326620927
EP19,284,-56.91814755162201,-152.3955426703216
EP19,285,-58.83115485480997,-154.30854997350954
EP19,286,-68.03029172413682,-163.5076868428364
EP19,287,-59.08810890996699,-154.56550402866657
EP19,288,-61.04261025122511,-156.5200053699247
EP19,289,-61.73620691569883,-157.2136020343984
EP19,290,-64.5258036931371,-160.00319881183668
EP19,291,-60.71406536914429,-156.19146048784387
EP19,292,-73.14280603496573,-168.6202011536653
EP19,293,-66.98139719625536,-162.45879231495493
EP19,294,-61.01955519036383,-156.4969503090634
EP19,295,-67.3250303753232,-162.80242549402277
EP19,296,-62.31389570471919,-157.79129082341876
EP19,297,-61.689871990432664,-157.16726710913224
EP19,298,-57.848652837311704,-153.32604795601128
EP19,299,-59.317356873300014,-154.7947519919996
EP19,300,-62.71596259637937,-158.19335771507895
EP19,301,-62.33911322504591,-157.81650834374548
EP19,302,-61.03454971966562,-156.5119448383652
EP19,303,-70.45522674958099,-165.93262186828056
EP19,304,-60.29373367720592,-155.7711287959055
EP19,305,-58.96960174796078,-154.44699686666036
EP19,306,-71.3351499659662,-166.81254508466577
EP19,307,-65.10497774763394,-160.58237286633351
EP19,308,-61.96783982615,-157.44523494484957
EP19,309,-63.75177734257841,-159.22917246127798
EP19,310,-62.18073554797752,-157.6581306666771
EP19,311,-69.47273789458964,-164.95013301328922
EP19,312,-66.78379977364432,-162.2611948923439
EP19,313,-59.82784968040218,-155.30524479910176
EP19,314,-66.33970026410341,-161.817095382803
EP19,315,-60.52784111494617,-156.00523623364575
EP19,316,-60.494262084815006,-155.97165720351458
EP19,317,-64.25219111276326,-159.72958623146283
EP19,318,-69.26407415337684,-164.74146927207642
EP19,319,-68.68839110105301,-164.1657862197526
EP19,320,-73.92187439139215,-169.39926951009173
EP19,321,-59.08977261881648,-154.56716773751606
EP19,322,-69.78763889317852,-165.2650340118781
EP19,323,-61.12739002014311,-156.6047851388427
EP19,324,-57.02414456893547,-152.50153968763505
EP19,325,-67.8778460450869,-163.35524116378647
EP19,326,-61.0789510078163,-156.55634612651588
EP19,327,-56.92053001130981,-152.39792513000938
EP19,328,-67.97682063259026,-163.45421575128984
EP19,329,-57.28104967974946,-152.75844479844903
EP19,330,-61.28460590432621,-156.7620010230258
EP19,331,-60.40676918995746,-155.88416430865703
EP19,332,-60.25063376410367,-155.72802888280324
EP19,333,-63.078296421705744,-158.55569154040532
EP19,334,-63.24633629743224,-158.7237314161318
EP19,335,-61.43928445522309,-156.91667957392266
EP19,336,-67.91745736322727,-163.39485248192685
EP19,337,-61.937370000386636,-157.4147651190862
EP19,338,-60.300605910216404,-155.77800102891598
EP19,339,-53.536681024103075,-149.01407614280265
EP19,340,-64.64357445797236,-160.12096957667194
EP19,341,-61.550957390514355,-157.02835250921393
EP19,342,-59.74285762980077,-155.22025274850034
EP19,343,-64.05317427090307,-159.53056938960265
EP19,344,-58.38402480458919,-153.86141992328876
EP19,345,-58.03316865349103,-153.5105637721906
EP19,346,-67.54639688707832,-163.0237920057779
EP19,347,-62.08152449511155,-157.55891961381113
EP19,348,-64.00485806471252,-159.4822531834121
EP19,349,-67.37008244507211,-162.8474775637717
EP19,350,-64.71970758141651,-160.1971027001161
EP19,351,-63.56638690584913,-159.0437820245487
EP19,352,-60.2791286183967,-155.75652373709627
EP19,353,-60.79805471147114,-156.27544983017071
EP19,354,-65.35027588431583,-160.8276710030154
EP19,355,-59.85646024948534,-155.3338553681849
EP19,356,-61.33116162368481,-156.80855674238438
EP19,357,-60.205771712202335,-155.6831668309019
EP19,358,-55.06828300418917,-150.54567812288875
EP19,359,-60.890763297569094,-156.36815841626867
EP19,360,-64.22389984105484,-159.70129495975442
EP19,361,-67.5610930766652,-163.03848819536478
EP19,362,-68.937491982452,-164.41488710115158
EP19,363,-62.93518411849314,-158.41257923719272
EP19,364,-69.96644492920953,-165.4438400479091
EP19,365,-62.24016080781206,-157.71755592651164
EP19,366,-57.90747053226653,-153.3848656509661
EP19,367,-68.51758912630353,-163.9949842450031
EP19,368,-72.9012334931277,-168.37862861182728
EP19,369,-62.680488693441504,-158.15788381214108
EP19,370,-67.05263978849172,-162.5300349071913
EP19,371,-60.483223256384036,-155.9606183750836
EP19,372,-65.9945671867226,-161.47196230542218
EP19,373,-65.80646382036491,-161.2838589390645
EP19,374,-59.49395069806076,-154.97134581676033
EP19,375,-56.00777205513509,-151.48516717383467
EP19,376,-63.74413629186867,-159.22153141056825
EP19,377,-62.967408825342744,-158.44480394404232
EP19,378,-71.4244322882866,-166.90182740698617
EP19,379,-58.88979142724173,-154.3671865459413
EP19,380,-56.699628963098235,-152.1770240817978
EP19,381,-58.85621719504482,-154.3336123137444
EP19,382,-66.23355745916604,-161.7109525778656
EP19,383,-64.81645154129035,-160.29384665998992
EP19,384,-62.654191137248176,-158.13158625594775
EP19,385,-67.04017329255325,-162.51756841125282
EP19,386,-63.19720612497457,-158.67460124367415
EP19,387,-65.41470290215346,-160.89209802085304
EP19,388,-65.7078983769103,-161.18529349560987
EP19,389,-66.64903023878122,-162.1264253574808
EP19,390,-63.647432838986845,-159.12482795768642
EP19,391,-61.06591410146933,-156.5433092201689
EP19,392,-66.85531745756967,-162.33271257626924
EP19,393,-61.87666741082498,-157.35406252952455
EP19,394,-63.2185609735466,-158.69595609224618
EP19,395,-61.480978303299025,-156.9583734219986
EP19,396,-59.99388799116596,-155.47128310986554
EP19,397,-66.72402869847286,-162.20142381717244
EP19,398,-67.72281411099365,-163.20020922969323
EP19,399,-67.35720860865996,-162.83460372735954
EP19,400,-61.74501626135594,-157.22241138005552
EP19,401,-64.71873417773219,-160.19612929643176
EP19,402,-63.623678013179074,-159.10107313187865
EP19,403,-59.79116674703545,-155.26856186573502
EP19,404,-52.174141895728184,-147.65153701442776
EP19,405,-65.65289061735052,-161.1302857360501
EP19,406,-72.89151086004591,-168.3689059787455
EP19,407,-63.43001870809931,-158.9074138267989
EP19,408,-59.78108207660674,-155.2584771953063
EP19,409,-63.44068948962985,-158.91808460832942
EP19,410,-63.99164674436571,-159.46904186306529
EP19,411,-67.18028103380504,-162.65767615250462
EP19,412,-59.21053067450859,-154.68792579320817
EP19,413,-59.94180195499425,-155.41919707369382
EP19,414,-57.59845936988586,-153.07585448858543
EP19,415,-60.29712597419001,-155.7745210928896
EP19,416,-69.3764195275397,-164.85381464623927
EP19,417,-62.757190067397914,-158.2345851860975
EP19,418,-62.643659908139256,-158.12105502683883
EP19,419,-61.55447739462542,-157.031872513325
EP19,420,-70.6089171166928,-166.08631223539237
EP19,421,-65.5218168115828,-160.99921193028237
EP19,422,-71.30042893042963,-166.7778240491292
EP19,423,-67.27578871166514,-162.75318383036472
EP19,424,-61.15860724974425,-156.63600236844383
EP19,425,-61.650257257719716,-157.1276523764193
EP19,426,-68.09838889641264,-163.57578401511222
EP19,427,-68.30452531565075,-163.78192043435033
EP19,428,-54.41408794694428,-149.89148306564385
EP19,429,-60.73065867433715,-156.20805379303673
EP19,430,-60.651902080781014,-156.1292971994806
EP19,431,-61.183972247038554,-156.66136736573813
EP19,432,-66.33359756863302,-161.8109926873326
EP19,433,-69.36427579853898,-164.84167091723856
EP19,434,-54.60342766312732,-150.0808227818269
EP19,435,-67.3027609910159,-162.78015610971548
EP19,436,-56.79614419644187,-152.27353931514145
EP19,437,-57.16044623946502,-152.6378413581646
EP19,438,-63.60902389066075,-159.08641900936033
EP19,439,-63.190685699592365,-158.66808081829194
EP19,440,-72.2013211896201,-167.67871630831968
EP19,441,-57.26933780236524,-152.74673292106482
EP19,442,-63.54388194021948,-159.02127705891905
EP19,443,-64.86751770307828,-160.34491282177785
EP19,444,-66.9241876866113,-162.40158280531088
EP19,445,-64.82852864751956,-160.30592376621914
EP19,446,-55.08052351643326,-150.55791863513284
EP19,447,-56.486777901686224,-151.9641730203858
EP19,448,-60.817647658636645,-156.29504277733622
EP19,449,-66.63861542763061,-162.1160105463302
EP19,450,-71.59130138316459,-167.06869650186417
EP19,451,-58.59184865485801,-154.0692437735576
EP19,452,-65.87740147395098,-161.35479659265056
EP19,453,-62.49387691750849,-157.97127203620806
EP19,454,-68.31175403889699,-163.78914915759657
EP19,455,-62.21932809182343,-157.696723210523
EP19,456,-60.236100098597916,-155.7134952172975
EP19,457,-63.24252853294024,-158.71992365163982
EP19,458,-63.541768565875515,-159.0191636845751
EP19,459,-63.737274617269094,-159.21466973596867
EP19,460,-62.71587986096091,-158.1932749796605
EP19,461,-64.20858599769605,-159.68598111639562
EP19,462,-62.77339618042038,-158.25079129911995
EP19,463,-65.8285891003386,-161.30598421903818
EP19,464,-62.053308964638774,-157.53070408333835
EP19,465,-69.43571675584982,-164.9131118745494
EP19,466,-60.06534971411347,-155.54274483281304
EP19,467,-63.47227908011817,-158.94967419881775
EP19,468,-64.29471931765511,-159.77211443635468
EP19,469,-61.74278092791144,-157.22017604661102
EP19,470,-68.39646440715882,-163.8738595258584
EP19,471,-60.44575589548859,-155.92315101418816
EP19,472,-63.072680125775605,-158.55007524447518
EP19,473,-67.09576355428229,-162.57315867298186
EP19,474,-64.17183180313037,-159.64922692182995
EP19,475,-72.18398665648297,-167.66138177518255
EP19,476,-66.10977143268371,-161.5871665513833
EP19,477,-54.458386449298985,-149.93578156799856
EP19,478,-62.61260763820496,-158.09000275690454
EP19,479,-71.17320514558378,-166.65060026428336
EP19,480,-62.456471749348964,-157.93386686804854
EP19,481,-68.12147629546314,-163.59887141416272
EP19,482,-67.96791150000453,-163.4453066187041
EP19,483,-61.00796538102861,-156.4853604997282
EP19,484,-59.08400410540713,-154.5613992241067
EP19,485,-55.49281386676071,-150.9702089854603
EP19,486,-60.74860275993575,-156.22599787863533
EP19,487,-68.70937666719138,-164.18677178589095
EP19,488,-59.95181780818643,-155.429212926886
EP19,489,-53.12741134428592,-148.6048064629855
EP19,490,-59.198479591986654,-154.67587471068623
EP19,491,-59.379863394666785,-154.85725851336636
EP19,492,-64.75350286539918,-160.23089798409876
EP19,493,-64.03575124899294,-159.5131463676925
EP19,494,-64.09406079472734,-159.57145591342692
EP19,495,-55.756519347432004,-151.23391446613158
EP19,496,-58.97130707165064,-154.44870219035022
EP19,497,-57.216474760150135,-152.6938698788497
EP19,498,-67.87768267525564,-163.35507779395522
EP19,499,-46.508387634382615,-141.9857827530822
EP19,500,-62.049776158947225,-157.5271712776468
EP20,1,-26.397709800025865,-121.87510491872544
EP20,2,-37.22295906068743,-132.700354179387
EP20,3,-24.256610660784446,-119.73400577948402
EP20,4,-25.39573813881782,-120.8731332575174
EP20,5,-18.002547315429382,-113.47994243412896
EP20,6,-42.05370508900762,-137.5311002077072
EP20,7,-30.569192961866335,-126.04658808056591
EP20,8,-31.12653841697764,-126.60393353567721
EP20,9,-39.30197032874415,-134.77936544744372
EP20,10,-30.602609281861575,-126.08000440056115
EP20,11,-24.852120790169664,-120.32951590886924
EP20,12,-36.82207720475259,-132.29947232345216
EP20,13,-35.21743404192847,-130.69482916062805
EP20,14,-35.308267827649445,-130.78566294634902
EP20,15,-31.620784579134707,-127.09817969783428
EP20,16,-27.71392338382033,-123.1913185025199
EP20,17,-20.74074004740055,-116.21813516610013
EP20,18,-42.80819674196127,-138.28559186066084
EP20,19,-44.235050883218946,-139.71244600191852
EP20,20,-45.57444990699966,-141.05184502569924
EP20,21,-24.234928912081415,-119.71232403078099
EP20,22,-45.49921207156501,-140.9766071902646
EP20,23,-41.72985343656154,-137.20724855526112
EP20,24,-37.770234851911056,-133.24762997061063
EP20,25,-33.754342724480665,-129.23173784318024
EP20,26,-43.93340546963367,-139.41080058833325
EP20,27,-27.884741158614375,-123.36213627731395
EP20,28,-24.957871055093705,-120.43526617379328
EP20,29,-33.289171237470555,-128.76656635617013
EP20,30,-60.82842308272228,-156.30581820142186
EP20,31,-40.67057863562147,-136.14797375432104
EP20,32,-41.93040135355358,-137.40779647225315
EP20,33,-26.531264285109444,-122.00865940380902
EP20,34,-27.531934424496654,-123.00932954319623
EP20,35,-34.93792260494999,-130.41531772364957
EP20,36,-33.62500726959502,-129.1024023882946
EP20,37,-49.604289582390095,-145.08168470108967
EP20,38,-39.26673571521309,-134.74413083391266
EP20,39,-43.34352006165898,-138.82091518035855
EP20,40,-13.822722943547106,-109.30011806224668
EP20,41,-53.57608062586581,-149.0534757445654
EP20,42,-33.39159707333306,-128.86899219203264
EP20,43,-27.296502540739283,-122.77389765943886
EP20,44,-38.66033408143042,-134.13772920013
EP20,45,-26.140317334750094,-121.61771245344967
EP20,46,-35.97318166447687,-131.45057678317644
EP20,47,-19.47091388899625,-114.94830900769583
EP20,48,-24.227621863327244,-119.70501698202682
EP20,49,-31.578773097367048,-127.05616821606662
EP20,50,-22.273714599028153,-117.75110971772773
EP20,51,-41.88987552874218,-137.36727064744176
EP20,52,-56.70395686475092,-152.1813519834505
EP20,53,-34.738783076659274,-130.21617819535885
EP20,54,-33.925767031310556,-129.40316215001013
EP20,55,-29.577181819578783,-125.05457693827836
EP20,56,-33.63847746805129,-129.11587258675087
EP20,57,-52.42551910581591,-147.90291422451548
EP20,58,-33.052032165293866,-128.52942728399344
EP20,59,-42.99820059093656,-138.47559570963614
EP20,60,-21.912243351093082,-117.38963846979266
EP20,61,-33.2014163553776,-128.67881147407718
EP20,62,-36.98554480991206,-132.46293992861163
EP20,63,-40.77527426672279,-136.25266938542237
EP20,64,-20.69689810068617,-116.17429321938575
EP20,65,-18.62643347278467,-114.10382859148424
EP20,66,-19.389840626824594,-114.86723574552417
EP20,67,-26.341950096113948,-121.81934521481352
EP20,68,-35.41896285314246,-130.89635797184204
EP20,69,-26.222549639283628,-121.6999447579832
EP20,70,-25.124022662888635,-120.60141778158821
EP20,71,-28.964081316611043,-124.44147643531062
EP20,72,-28.01657525077482,-123.4939703694744
EP20,73,-38.48485285780464,-133.96224797650422
EP20,74,-23.408921281842552,-118.88631640054213
EP20,75,-23.58074980857394,-119.05814492727352
EP20,76,-29.140342439967185,-124.61773755866676
EP20,77,-21.890326051617635,-117.36772117031721
EP20,78,-40.37255885733839,-135.84995397603797
EP20,79,-24.446117962031323,-119.9235130807309
EP20,80,-59.616375661290675,-155.09377077999025
EP20,81,-42.21569802898537,-137.69309314768495
EP20,82,-23.763173370672092,-119.24056848937167
EP20,83,-30.809190817768112,-126.28658593646769
EP20,84,-25.62619490467104,-121.10359002337061
EP20,85,-32.29122495722703,-127.7686200759266
EP20,86,-38.39564489533859,-133.87304001403817
EP20,87,-31.25966651333023,-126.7370616320298
EP20,88,-21.245979142006277,-116.72337426070585
EP20,89,-33.47275021284136,-128.95014533154094
EP20,90,-24.12653484478591,-119.60392996348548
EP20,91,-32.47313214016181,-127.95052725886138
EP20,92,-24.35415488128865,-119.83154999998823
EP20,93,-26.678508750628623,-122.1559038693282
EP20,94,-23.140422140020092,-118.61781725871967
EP20,95,-30.8976992881702,-126.37509440686978
EP20,96,-21.104906574676875,-116.58230169337645
EP20,97,-31.794912612615292,-127.27230773131487
EP20,98,-40.61131396877283,-136.0887090874724
EP20,99,-15.781682267774116,-111.25907738647369
EP20,100,-19.87113030594591,-115.34852542464549
EP20,101,-50.43799825429724,-145.91539337299682
EP20,102,-36.08714987022958,-131.56454498892916
EP20,103,-41.61412882246094,-137.09152394116052
EP20,104,-28.228455060616255,-123.70585017931583
EP20,105,-38.87814218982905,-134.35553730852862
EP20,106,-52.41278791566185,-147.89018303436143
EP20,107,-48.2085363975155,-143.68593151621508
EP20,108,-21.16339605115661,-116.64079116985619
EP20,109,-39.30270822726877,-134.78010334596834
EP20,110,-30.027097399744775,-125.50449251844435
EP20,111,-44.98452755090051,-140.46192266960009
EP20,112,-25.751828723517605,-121.22922384221718
EP20,113,-32.19481212406231,-127.67220724276189
EP20,114,-41.49219321350037,-136.96958833219995
EP20,115,-38.510743267867326,-133.9881383865669
EP20,116,-25.624296203081784,-121.10169132178136
EP20,117,-25.08137771420131,-120.55877283290089
EP20,118,-21.870731457617666,-117.34812657631724
EP20,119,-32.49441646300477,-127.97181158170434
EP20,120,-28.731031996025948,-124.20842711472552
EP20,121,-33.29264173779387,-128.77003685649345
EP20,122,-35.26284937949484,-130.74024449819441
EP20,123,-27.78170535430199,-123.25910047300157
EP20,124,-27.207886599033756,-122.68528171773333
EP20,125,-29.588656645439215,-125.06605176413879
EP20,126,-29.041613490259053,-124.51900860895863
EP20,127,-33.481395738365535,-128.9587908570651
EP20,128,-41.79614491552769,-137.27354003422727
EP20,129,-34.74462831247024,-130.22202343116982
EP20,130,-29.409758918529135,-124.88715403722871
EP20,131,-40.873318360995256,-136.35071347969483
EP20,132,-26.06484998905657,-121.54224510775614
EP20,133,-39.61524164913885,-135.09263676783843
EP20,134,-48.0340503990501,-143.51144551774968
EP20,135,-23.34750122827998,-118.82489634697956
EP20,136,-32.22545681106034,-127.70285192975992
EP20,137,-22.21223259867223,-117.6896277173718
EP20,138,-32.37638895010525,-127.85378406880483
EP20,139,-27.533104342943176,-123.01049946164275
EP20,140,-26.729064176973665,-122.20645929567324
EP20,141,-20.180046308704988,-115.65744142740456
EP20,142,-46.31782263422767,-141.79521775292724
EP20,143,-25.743252571442653,-121.22064769014223
EP20,144,-46.36889370030863,-141.8462888190082
EP20,145,-24.56611559793501,-120.04351071663459
EP20,146,-34.100576583819475,-129.57797170251905
EP20,147,-29.498724459905162,-124.97611957860474
EP20,148,-41.236042640927934,-136.7134377596275
EP20,149,-18.97559334358928,-114.45298846228886
EP20,150,-26.484383131659868,-121.96177825035944
EP20,151,-41.636712928768134,-137.1141080474677
EP20,152,-19.238028629472026,-114.7154237481716
EP20,153,-47.14886658517102,-142.6262617038706
EP20,154,-43.059749837371044,-138.53714495607062
EP20,155,-35.39212985450308,-130.86952497320266
EP20,156,-30.602612704223702,-126.08000782292328
EP20,157,-37.23555177295884,-132.71294689165842
EP20,158,-29.569331693844475,-125.04672681254405
EP20,159,-43.26810966103963,-138.7455047797392
EP20,160,-32.799761836554666,-128.27715695525424
EP20,161,-30.43760983037329,-125.91500494907287
EP20,162,-25.384172090420506,-120.86156720912008
EP20,163,-24.525510704539485,-120.00290582323906
EP20,164,-44.09630140485302,-139.5736965235526
EP20,165,-46.47961748956422,-141.9570126082638
EP20,166,-15.614723084805746,-111.09211820350532
EP20,167,-36.15232461915576,-131.62971973785534
EP20,168,-22.193896676626025,-117.6712917953256
EP20,169,-42.1182286208271,-137.59562373952667
EP20,170,-34.80791152649573,-130.2853066451953
EP20,171,-27.62017626802806,-123.09757138672764
EP20,172,-50.961355910307105,-146.43875102900668
EP20,173,-29.54627210178154,-125.02366722048112
EP20,174,-43.12869073968926,-138.60608585838884
EP20,175,-38.313377796655914,-133.7907729153555
EP20,176,-26.92138292429921,-122.39877804299879
EP20,177,-18.61743738430215,-114.09483250300173
EP20,178,-32.188868280416386,-127.66626339911596
EP20,179,-21.05468604114448,-116.53208115984405
EP20,180,-21.439318376654697,-116.91671349535427
EP20,181,-36.020740847174096,-131.49813596587367
EP20,182,-47.996420471083525,-143.4738155897831
EP20,183,-26.632427752701005,-122.10982287140058
EP20,184,-32.02967304520274,-127.50706816390232
EP20,185,-26.15116980762322,-121.6285649263228
EP20,186,-22.36161213749709,-117.83900725619667
EP20,187,-55.986280728821214,-151.4636758475208
EP20,188,-55.85709482238781,-151.33448994108738
EP20,189,-30.880232150396523,-126.3576272690961
EP20,190,-15.288078700823888,-110.76547381952346
EP20,191,-28.74851826237122,-124.2259133810708
EP20,192,-27.297710102063107,-122.77510522076268
EP20,193,-60.439238829712195,-155.91663394841177
EP20,194,-50.34009811136667,-145.81749323006625
EP20,195,-34.510652070465085,-129.98804718916466
EP20,196,-53.80970077845356,-149.28709589715314
EP20,197,-49.04378483983146,-144.52117995853104
EP20,198,-26.695218514069452,-122.17261363276903
EP20,199,-51.04182357333772,-146.5192186920373
EP20,200,-19.954794539997636,-115.43218965869721
EP20,201,-24.567637975446942,-120.04503309414652
EP20,202,-21.03619780023621,-116.51359291893579
EP20,203,-42.49507803336593,-137.9724731520655
EP20,204,-47.81565972093938,-143.29305483963896
EP20,205,-54.043919292865326,-149.5213144115649
EP20,206,-29.009617442919136,-124.48701256161871
EP20,207,-46.56791844526251,-142.04531356396208
EP20,208,-25.790894799923095,-121.26828991862267
EP20,209,-32.354197887540906,-127.83159300624048
EP20,210,-33.99713702980566,-129.47453214850523
EP20,211,-14.992612772466032,-110.47000789116561
EP20,212,-31.229977906449918,-126.7073730251495
EP20,213,-41.421223727377225,-136.8986188460768
EP20,214,-32.515288642662114,-127.99268376136169
EP20,215,-18.51359269281558,-113.99098781151515
EP20,216,-53.68134840884457,-149.15874352754415
EP20,217,-30.983959567687776,-126.46135468638735
EP20,218,-34.63021527176022,-130.1076103904598
EP20,219,-31.817520691233625,-127.2949158099332
EP20,220,-55.4015500528111,-150.87894517151068
EP20,221,-34.90768149549683,-130.3850766141964
EP20,222,-32.61067887535964,-128.08807399405922
EP20,223,-33.88769537045249,-129.36509048915207
EP20,224,-20.442736347518775,-115.92013146621835
EP20,225,-32.03246211715097,-127.50985723585055
EP20,226,-36.365392377523335,-131.8427874962229
EP20,227,-24.11899884240424,-119.59639396110381
EP20,228,-26.246198931715668,-121.72359405041524
EP20,229,-20.71578014849669,-116.19317526719627
EP20,230,-21.203690151377742,-116.68108527007732
EP20,231,-50.088868590901285,-145.56626370960086
EP20,232,-32.556223174746606,-128.03361829344618
EP20,233,-26.17006782161991,-121.64746294031949
EP20,234,-34.77955724263367,-130.25695236133325
EP20,235,-29.45704449614567,-124.93443961484525
EP20,236,-23.74212463298315,-119.21951975168272
EP20,237,-26.62931601699148,-122.10671113569106
EP20,238,-30.86361512809873,-126.3410102467983
EP20,239,-24.93316036862504,-120.41055548732461
EP20,240,-25.16805918781806,-120.64545430651764
EP20,241,-23.251116488297896,-118.72851160699747
EP20,242,-23.459499172388377,-118.93689429108795
EP20,243,-26.567589624156398,-122.04498474285597
EP20,244,-46.58312554276395,-142.06052066146353
EP20,245,-27.00800081575727,-122.48539593445685
EP20,246,-19.793595910132964,-115.27099102883254
EP20,247,-43.12894818432318,-138.60634330302275
EP20,248,-33.287880438613826,-128.7652755573134
EP20,249,-44.15531046334564,-139.63270558204522
EP20,250,-33.060258341277176,-128.53765345997675
EP20,251,-30.512948511662927,-125.9903436303625
EP20,252,-43.39283889464656,-138.87023401334613
EP20,253,-41.64746190112078,-137.12485701982035
EP20,254,-26.714368906559656,-122.19176402525923
EP20,255,-27.764962245769198,-123.24235736446877
EP20,256,-43.047841358870755,-138.52523647757033
EP20,257,-33.85475100235709,-129.33214612105667
EP20,258,-44.30530253559775,-139.78269765429732
EP20,259,-33.25416318581091,-128.7315583045105
EP20,260,-37.47408476679789,-132.95147988549746
EP20,261,-34.0567405054492,-129.53413562414877
EP20,262,-26.594715710125286,-122.07211082882486
EP20,263,-41.43713933651031,-136.9145344552099
EP20,264,-43.83100143691212,-139.3083965556117
EP20,265,-36.69709162425946,-132.17448674295903
EP20,266,-35.573666070217854,-131.05106118891743
EP20,267,-8.572456108717716,-104.04985122741729
EP20,268,-27.69800851236505,-123.17540363106463
EP20,269,-30.530355091139242,-126.00775020983882
EP20,270,-19.854855164272223,-115.3322502829718
EP20,271,-32.039771841555265,-127.51716696025484
EP20,272,-19.010488210518346,-114.48788332921792
EP20,273,-28.010538430189996,-123.48793354888957
EP20,274,-21.593588563309083,-117.07098368200866
EP20,275,-18.571256903173065,-114.04865202187264
EP20,276,-20.634379330842222,-116.1117744495418
EP20,277,-43.593310110672576,-139.07070522937215
EP20,278,-21.583537277869453,-117.06093239656903
EP20,279,-31.31139837691974,-126.78879349561932
EP20,280,-29.674845037110103,-125.15224015580968
EP20,281,-31.858916057088578,-127.33631117578815
EP20,282,-27.923266506264127,-123.4006616249637
EP20,283,-35.296624745392364,-130.77401986409194
EP20,284,-29.92739270189857,-125.40478782059814
EP20,285,-27.852061006389107,-123.32945612508868
EP20,286,-19.93636633887057,-115.41376145757015
EP20,287,-49.21454712556201,-144.69194224426158
EP20,288,-44.29940584396678,-139.77680096266636
EP20,289,-28.33869329869458,-123.81608841739416
EP20,290,-29.356998535964777,-124.83439365466435
EP20,291,-36.232319353352466,-131.70971447205204
EP20,292,-40.23422733131406,-135.71162245001364
EP20,293,-25.85714810607618,-121.33454322477576
EP20,294,-32.91991390905201,-128.3973090277516
EP20,295,-40.543102865169345,-136.02049798386892
EP20,296,-26.259575607801906,-121.73697072650148
EP20,297,-26.03253004955849,-121.50992516825806
EP20,298,-42.951954758261564,-138.42934987696114
EP20,299,-20.21411673168572,-115.6915118503853
EP20,300,-47.025810919851665,-142.50320603855124
EP20,301,-32.974123278605674,-128.45151839730525
EP20,302,-41.057325710651696,-136.53472082935127
EP20,303,-44.093795114178874,-139.57119023287845
EP20,304,-38.53435550263097,-134.01175062133055
EP20,305,-48.11215975016847,-143.58955486886805
EP20,306,-21.61653259516649,-117.09392771386607
EP20,307,-30.005345740787774,-125.48274085948735
EP20,308,-24.297334751923415,-119.77472987062299
EP20,309,-30.568518252340596,-126.04591337104017
EP20,310,-30.78636920757748,-126.26376432627706
EP20,311,-45.746322887023666,-141.22371800572324
EP20,312,-49.60501951846513,-145.0824146371647
EP20,313,-19.0087336549673,-114.48612877366688
EP20,314,-43.281211746346656,-138.75860686504623
EP20,315,-48.521994349969276,-143.99938946866885
EP20,316,-28.579964503108044,-124.05735962180762
EP20,317,-46.84782070283754,-142.3252158215371
EP20,318,-53.52024009487957,-148.99763521357914
EP20,319,-47.844785068052715,-143.3221801867523
EP20,320,-27.28496998836033,-122.7623651070599
EP20,321,-23.30861693833708,-118.78601205703666
EP20,322,-27.812440174629927,-123.2898352933295
EP20,323,-39.01535583123331,-134.49275094993288
EP20,324,-52.292315688494995,-147.76971080719457
EP20,325,-43.063230030866265,-138.54062514956584
EP20,326,-18.903534892705707,-114.38093001140528
EP20,327,-25.874921319521675,-121.35231643822125
EP20,328,-44.293406650739115,-139.7708017694387
EP20,329,-64.14473707367262,-159.6221321923722
EP20,330,-20.120177366342205,-115.59757248504178
EP20,331,-43.21831624626279,-138.69571136496236
EP20,332,-25.40107896808682,-120.8784740867864
EP20,333,-21.171157280487307,-116.64855239918688
EP20,334,-24.279239262356043,-119.75663438105562
EP20,335,-36.183374842821735,-131.6607699615213
EP20,336,-17.62099319537198,-113.09838831407156
EP20,337,-27.387188394119534,-122.86458351281911
EP20,338,-26.098753355672144,-121.57614847437172
EP20,339,-18.587141878101733,-114.06453699680131
EP20,340,-26.55090084651846,-122.02829596521804
EP20,341,-52.4845829631235,-147.96197808182308
EP20,342,-26.28970394907809,-121.76709906777766
EP20,343,-21.92682305202571,-117.40421817072529
EP20,344,-48.57944561612345,-144.05684073482303
EP20,345,-34.43032257056183,-129.9077176892614
EP20,346,-49.7154860971373,-145.19288121583688
EP20,347,-31.632495776913586,-127.10989089561316
EP20,348,-39.94828288848916,-135.42567800718874
EP20,349,-16.250538950877257,-111.72793406957683
EP20,350,-27.699660507482207,-123.17705562618178
EP20,351,-23.09336226404652,-118.5707573827461
EP20,352,-26.222460842575884,-121.69985596127546
EP20,353,-23.307227259047238,-118.78462237774681
EP20,354,-62.94924457034256,-158.42663968904213
EP20,355,-21.09745999847327,-116.57485511717285
EP20,356,-20.32520236696331,-115.80259748566289
EP20,357,-29.407691650508553,-124.88508676920813
EP20,358,-28.902222872935596,-124.37961799163517
EP20,359,-24.41812916672778,-119.89552428542736
EP20,360,-38.03416618029448,-133.51156129899405
EP20,361,-33.341328808436856,-128.81872392713643
EP20,362,-21.17502876910126,-116.65242388780084
EP20,363,-15.719691987413654,-111.19708710611323
EP20,364,-53.66394980696484,-149.1413449256644
EP20,365,-45.00733383366082,-140.4847289523604
EP20,366,-41.06827233342304,-136.54566745212261
EP20,367,-36.098773178462636,-131.5761682971622
EP20,368,-9.114891970619183,-104.59228708931876
EP20,369,-29.132349793981447,-124.60974491268102
EP20,370,-27.35656905732104,-122.83396417602061
EP20,371,-34.44716159242955,-129.92455671112913
EP20,372,-23.401359583178348,-118.87875470187792
EP20,373,-26.328466905834375,-121.80586202453395
EP20,374,-34.84254593055243,-130.319941049252
EP20,375,-39.697539303412924,-135.1749344221125
EP20,376,-22.73876516410921,-118.21616028280879
EP20,377,-25.7796674710618,-121.25706258976138
EP20,378,-23.20218172831207,-118.67957684701165
EP20,379,-28.303602038285987,-123.78099715698556
EP20,380,-43.54275965087078,-139.02015476957035
EP20,381,-48.84908200194042,-144.32647712064
EP20,382,-33.75522566671236,-129.23262078541194
EP20,383,-25.182610266017292,-120.66000538471687
EP20,384,-34.23585049667034,-129.7132456153699
EP20,385,-41.60002788289631,-137.0774230015959
EP20,386,-47.48497268476717,-142.96236780346675
EP20,387,-25.969024115048185,-121.44641923374776
EP20,388,-23.24007693719804,-118.71747205589762
EP20,389,-53.931680129608935,-149.4090752483085
EP20,390,-31.47337988158978,-126.95077500028935
EP20,391,-25.86891688710142,-121.346312005801
EP20,392,-27.343663768008156,-122.82105888670773
EP20,393,-44.426135791218826,-139.9035309099184
EP20,394,-20.79288402101423,-116.27027913971381
EP20,395,-30.606030015591998,-126.08342513429157
EP20,396,-27.818371916184915,-123.29576703488449
EP20,397,-31.138742438234203,-126.61613755693378
EP20,398,-26.677715845812088,-122.15511096451166
EP20,399,-33.56228481370289,-129.03967993240246
EP20,400,-25.816911507343633,-121.29430662604321
EP20,401,-28.668262911426652,-124.14565803012623
EP20,402,-22.586665795240222,-118.0640609139398
EP20,403,-24.380926981875803,-119.85832210057538
EP20,404,-55.602888151810276,-151.08028327050985
EP20,405,-25.23007406317508,-120.70746918187466
EP20,406,-23.995935827457544,-119.47333094615712
EP20,407,-20.61079081556869,-116.08818593426827
EP20,408,-35.91406204095111,-131.39145715965068
EP20,409,-14.91112288549067,-110.38851800419025
EP20,410,-33.64162378597803,-129.1190189046776
EP20,411,-44.29909077800124,-139.77648589670082
EP20,412,-45.68151474793993,-141.1589098666395
EP20,413,-37.262233372037315,-132.7396284907369
EP20,414,-39.06299707761997,-134.54039219631954
EP20,415,-25.757833946146306,-121.23522906484588
EP20,416,-25.822607858528727,-121.3000029772283
EP20,417,-27.551780729358455,-123.02917584805803
EP20,418,-31.109103774630768,-126.58649889333034
EP20,419,-38.628056362451616,-134.1054514811512
EP20,420,-25.178300430152404,-120.65569554885198
EP20,421,-21.852992002700518,-117.3303871214001
EP20,422,-38.85328806310358,-134.33068318180315
EP20,423,-26.250650840767506,-121.72804595946708
EP20,424,-30.989914663897736,-126.46730978259731
EP20,425,-41.23133442953221,-136.7087295482318
EP20,426,-57.175523948348854,-152.65291906704843
EP20,427,-31.47227638037846,-126.94967149907804
EP20,428,-49.17365743119308,-144.65105254989265
EP20,429,-21.341226630030107,-116.81862174872968
EP20,430,-21.783351207137827,-117.2607463258374
EP20,431,-30.9714042810499,-126.44879939974948
EP20,432,-33.607680148750916,-129.0850752674505
EP20,433,-26.732173668198826,-122.2095687868984
EP20,434,-23.529363525184593,-119.00675864388417
EP20,435,-25.024808987892754,-120.50220410659233
EP20,436,-13.553938294241064,-109.03133341294064
EP20,437,-38.411598598945886,-133.88899371764546
EP20,438,-11.95739529084399,-107.43479040954357
EP20,439,-28.634508073328448,-124.11190319202802
EP20,440,-28.001749118448842,-123.47914423714842
EP20,441,-59.87831081337205,-155.35570593207163
EP20,442,-27.950353055282093,-123.42774817398167
EP20,443,-44.76426361219589,-140.24165873089547
EP20,444,-44.14128965912022,-139.6186847778198
EP20,445,-32.47015837389843,-127.947553492598
EP20,446,-40.144677440794425,-135.622072559494
EP20,447,-25.44774741375825,-120.92514253245783
EP20,448,-25.15883644226342,-120.636231560963
EP20,449,-31.35829791059888,-126.83569302929845
EP20,450,-31.838148681082288,-127.31554379978186
EP20,451,-25.992407330990005,-121.46980244968958
EP20,452,-47.60300545128652,-143.0804005699861
EP20,453,-35.633836954204696,-131.11123207290427
EP20,454,-25.899972749941355,-121.37736786864093
EP20,455,-38.02329398418743,-133.500689102887
EP20,456,-25.12894275131535,-120.60633787001493
EP20,457,-25.18273375135705,-120.66012887005662
EP20,458,-29.635412133379546,-125.11280725207912
EP20,459,-29.95040820532529,-125.42780332402486
EP20,460,-18.828551059857162,-114.30594617855674
EP20,461,-25.16244009468153,-120.6398352133811
EP20,462,-39.80457630931335,-135.28197142801292
EP20,463,-26.58923001797659,-122.06662513667617
EP20,464,-27.601922129251037,-123.07931724795061
EP20,465,-36.98215432581571,-132.4595494445153
EP20,466,-27.2932981554748,-122.77069327417438
EP20,467,-31.61237227576875,-127.08976739446832
EP20,468,-25.388091263508258,-120.86548638220783
EP20,469,-25.130494651009457,-120.60788976970903
EP20,470,-25.83018357868771,-121.30757869738729
EP20,471,-29.103926163841507,-124.58132128254108
EP20,472,-39.96874737955193,-135.4461424982515
EP20,473,-21.33842795348768,-116.81582307218726
EP20,474,-34.93214376833001,-130.40953888702958
EP20,475,-21.60503944886503,-117.0824345675646
EP20,476,-31.183683273626002,-126.66107839232558
EP20,477,-46.16579623333632,-141.6431913520359
EP20,478,-29.601257958972738,-125.07865307767231
EP20,479,-26.902279908567806,-122.37967502726738
EP20,480,-47.606719281899785,-143.08411440059936
EP20,481,-19.41788296494923,-114.8952780836488
EP20,482,-31.7117914117306,-127.18918653043018
EP20,483,-25.236957384551914,-120.71435250325149
EP20,484,-24.529322577930543,-120.00671769663012
EP20,485,-23.59258762892601,-119.06998274762559
EP20,486,-46.88012667178137,-142.35752179048094
EP20,487,-43.74067709228143,-139.218072210981
EP20,488,-17.553575976547634,-113.03097109524721
EP20,489,-26.79250167528815,-122.26989679398773
EP20,490,-33.60315623456728,-129.08055135326686
EP20,491,-51.239711407508196,-146.71710652620777
EP20,492,-24.234715303748388,-119.71211042244796
EP20,493,-21.951003840275902,-117.42839895897548
EP20,494,-23.219413770762714,-118.69680888946229
EP20,495,-32.082693300410185,-127.56008841910976
EP20,496,-32.0066507063826,-127.48404582508218
EP20,497,-42.069498319036,-137.54689343773558
EP20,498,-41.99904713716512,-137.4764422558647
EP20,499,-33.25510121015884,-128.73249632885842
EP20,500,-25.796733320384874,-121.27412843908445
